data_dir,AG,Mouse#,Recording,distance,trajectory,mouse,cell_num,channel,pos,src,pre_firing_rate,pre_cv,pre_bursts,pre_burst_fr,pre_percent_time_bursting,pre_percent_spike_bursting,pre_mean_burst_duration,pre_mean_interburst_interval,pre_nonbursting_fr,pre_bursting_firing_rate_increase,baseline_firing_rate,baseline_cv,baseline_bursts,baseline_burst_fr,baseline_percent_time_bursting,baseline_percent_spike_bursting,baseline_mean_burst_duration,baseline_mean_interburst_interval,baseline_nonbursting_fr,baseline_bursting_firing_rate_increase,diff_firing_rate,diff_cv,diff_bursts,diff_burst_fr,diff_percent_time_bursting,diff_percent_spike_bursting,diff_mean_burst_duration,diff_mean_interburst_interval,diff_nonbursting_fr,diff_bursting_firing_rate_increase,bucket_path,z_score_diff_firing_rate,z_score_diff_cv,z_score_diff_bursts,z_score_diff_burst_fr,z_score_diff_percent_time_bursting,z_score_diff_percent_spike_bursting,z_score_diff_mean_burst_duration,z_score_diff_mean_interburst_interval,z_score_diff_nonbursting_fr,z_score_diff_bursting_firing_rate_increase,filtering_z_score_baseline_firing_rate,filtering_z_score_baseline_cv,filtering_z_score_baseline_bursts,filtering_z_score_baseline_burst_fr,filtering_z_score_baseline_percent_time_bursting,filtering_z_score_baseline_percent_spike_bursting,filtering_z_score_baseline_mean_burst_duration,filtering_z_score_baseline_mean_interburst_interval,filtering_z_score_baseline_nonbursting_fr,filtering_z_score_baseline_bursting_firing_rate_increase,PC_0,PC_1,PC_2,PC_3,PC_4,PC_5,PC_6,PC_7,PC_8,PC_9,cluster
data/Split/Diseased/gpe_pv/pre_processed_data/6-OHDA_mice_PV-DIO-ChR2_in_GPe/Neuron_0079,AG6926,1,050621,1.4,1,6-OHDA mice,79,12,right,raw_data/Spike times files GPe to SNr project/6-OHDA mice/PV-DIO-ChR2 in GPe/AG6926_mouse#1_6-OHDA_recorded_050621/Trajectory1_1.4mm_right_in_SNr_1mW_10s_GPe_stim_neurons_recorded_together/Neuron_recorded_in_Ch12.txt,16.401004561529394,0.8699733890201191,0.6943973705486235,87.1216554688003,0.02973839405728126,0.13911290322580644,0.04282619047619061,1.04006375,14.552171408902385,5.986849180150741,14.2,0.6276714394373294,0.2,22.15060179092452,0.00882750000000243,0.042279411764705885,0.00882750000000243,1.0,13.622053070022607,1.6500462916095784,-0.7674794160088279,-0.8148287912523647,-0.2,-0.2,-0.2,-0.2,-0.2,0.0,-0.7652008154381262,-0.2,data/Split/Diseased,-0.8292668774367951,-1.153225932076528,-0.34029799816950174,-0.32672406392288916,-0.34792430483754655,-0.3608828777593565,-0.34652695242508436,0.022472013246651306,-0.8171303416918972,-0.3598424280622727,-0.6120921360867727,-0.34451847951962034,-0.8859809843292243,-0.7766303628386875,-0.923517577882906,-0.9623439558868633,-0.8493844194211472,0.8520727053046208,-0.5172022225436331,-0.7841904851435592,-1.5998321678470488,-0.937619804348474,-0.23916627668927137,-0.31308434803169505,-0.020833916129436733,0.00614743767081973,-0.016285314956645883,-0.0074061408387168185,-0.00018326487802007726,0.0004660053877715159,2
data/Split/Diseased/gpe_pv/pre_processed_data/6-OHDA_mice_PV-DIO-ChR2_in_GPe/Neuron_0090,AG6927,1,052521,1.7,5,6-OHDA mice,90,12,left,raw_data/Spike times files GPe to SNr project/6-OHDA mice/PV-DIO-ChR2 in GPe/AG6927_mouse#1_6-OHDA_recorded_052521/Trajectory5_1.7mm_left_in_SNr_1mW_10s_GPe_stim_neurons_recorded_together/Neuron_recorded_in_Ch12.txt,8.321918435213034,0.7801894848172339,0.5658904535944863,35.31198554105947,0.06681834750001221,0.264,0.11807647058823481,1.5525890625000005,6.563493776274038,5.380059270979513,8.4,0.5664360588661925,0.0,0.0,0.0,0.0,0.0,1.0,8.4,0.0,0.11259140744838687,0.09944137312162198,0.3,0.3,0.3,0.3,0.3,0.0,0.06467495967743246,0.3,data/Split/Diseased,1.0738593446457265,0.8324785832419727,1.058851627180195,1.074297158458329,1.0718570669628065,1.0542792398912832,1.1036303492732067,0.022472013246651306,0.997457065382766,1.0615170917776562,-0.937819533857544,-0.6112410152826496,-1.145038795264098,-1.0833122898576288,-1.332885837770064,-1.3885218676263587,-1.5842369436876027,0.8520727053046208,-0.8360208445390783,-1.3249604605406522,2.896812532891027,0.378843660443159,0.74114929615938,-0.33112452341981424,0.011887893453197983,0.018228896587304155,0.026837250626664644,0.042410392850276264,0.0027155014304446304,-0.0007468698658257288,0
data/Split/Diseased/gpe_pv/pre_processed_data/6-OHDA_mice_PV-DIO-ChR2_in_GPe/Neuron_0123,AG7518,4,022222,1.4,4,6-OHDA mice,123,2,left,raw_data/Spike times files GPe to SNr project/6-OHDA mice/PV-DIO-ChR2 in GPe/AG7518_mouse#4_6-OHDA_recorded_022222/Trajectory4_1.4mm_left_rec19_1mW_10s_GPe_cont_neurons_recorded_together/Ch2.txt,21.127522318534606,0.9520344320521705,1.4422564255208807,94.89160088317337,0.06639519513806193,0.2657952069716776,0.04603563829787261,0.6430669354838706,16.615090314766398,5.711169730978829,21.9,0.8266495021177797,1.1,65.81860978123423,0.042702499999990096,0.21568587758990238,0.02591624999999359,0.762087500000004,18.71139436485335,5.529389277840409,-0.4858855037950474,-0.20499106430538422,-0.3666666666666667,-0.4196085323075163,-0.3348078844891447,-0.3571993224167137,-0.3617969161175963,0.18466384746747613,-0.4682267894145876,-0.40479089038482846,data/Split/Diseased,-0.22032866016057737,0.17128139102894516,-0.8066812066194008,-0.9420764926805326,-0.7307197511765493,-0.8058079297683209,-0.8157889110254808,1.2041982295880338,-0.16777372229240017,-0.9420053913122153,-0.1796609355979903,0.5221689313259977,0.27977916487770754,-0.17203329744276152,0.6474084831387433,0.7855991304263786,0.573182680442737,-0.3567687716505007,-0.20648596655670814,0.4871873070361679,-2.1962831551945348,1.0132083138303187,0.6690795909517764,0.3307197782205517,-0.06299081603864892,-0.048852742492306124,0.17682583911088728,-0.0009163831832615692,0.002041386444321112,0.005915128991934028,2
data/Split/Diseased/gpe_pv/pre_processed_data/6-OHDA_mice_PV-DIO-ChR2_in_GPe/Neuron_0058,AG7518,1,012722,1.4,1,6-OHDA mice,58,15,right,raw_data/Spike times files GPe to SNr project/6-OHDA mice/PV-DIO-ChR2 in GPe/AG7518_mouse#1_6-OHDA_recorded_012722/Trajectory1_1.4mm_right_rec1_1mW_10s_GPe_cont_neurons_recorded_together/Ch15.txt,21.83116462490832,1.1165280195614407,1.0835906529151575,82.40033006033366,0.07678673940003353,0.25401459854014596,0.07086323529411777,0.8443589552238805,17.640268832864063,4.671149336841212,17.1,0.8725302740110876,0.5,30.548770638689774,0.02447500000000389,0.08866626794258373,0.018968750000001932,0.9026149999999973,15.69495859596564,1.83171837738599,0.3096708703827619,-0.04802520214787329,0.2,0.2511666842929597,0.16737986848049757,0.1717435755733628,0.16406386260611355,0.07048841789248597,0.30965830898273977,0.19679646720745234,data/Split/Diseased,1.500037651831232,0.5121957436814215,0.7790217021102558,0.9374641351287178,0.6952738824486017,0.691271973503485,0.7093727848603938,0.47355116335830755,1.5331320590653832,0.7681384441460565,-0.449228437201387,0.7220115012261236,-0.4973942679269137,-0.6603551198464929,-0.1978772667434964,-0.49476286445476475,-0.005167691954166319,0.35725621927181545,-0.3906464647897121,-0.7246510589739967,2.31517090904297,1.1923969284922826,0.7998619808605437,-0.9325175554562449,0.1485379998119767,0.038551704144949996,0.0234166833624654,0.008814817395886396,-0.03171246042657561,0.0061715410208432395,1
data/Split/Diseased/gpe_pv/pre_processed_data/6-OHDA_mice_PV-DIO-ChR2_in_GPe/Neuron_0059,AG7518,1,012722,1.4,1,6-OHDA mice,59,4,right,raw_data/Spike times files GPe to SNr project/6-OHDA mice/PV-DIO-ChR2 in GPe/AG7518_mouse#1_6-OHDA_recorded_012722/Trajectory1_1.4mm_right_rec1_1mW_10s_GPe_cont_neurons_recorded_together/Ch4.txt,7.449755051550543,1.2885416042695397,0.7802108331015771,58.57258518904708,0.070537980537515,0.44932432432432434,0.09040887096774203,1.1913075,4.413734838786981,13.270526510637527,35.8,0.7457520837869688,1.5,195.67464121214567,0.039507499999996296,0.20148328275052846,0.026922083333337333,0.796654166666669,30.268390733217,9.622633463875681,-0.7390572452602665,-0.34744564636648134,-0.7333333333333333,-0.7680025401004065,-0.7276588816674445,-0.6674768842813112,-0.6933558459070477,0.1627218072270637,-0.7122360860915236,-0.6375708245311877,data/Split/Diseased,-0.767804803023731,-0.1381158942037161,-1.8327242652091782,-1.9182912900171059,-1.8462448065504355,-1.6839940327838832,-1.7774141169803688,1.06378371668951,-0.7013188747550777,-1.6037333421654942,0.600961621128513,0.16980458978638163,0.7978947867474548,1.6258635872631386,0.49924291074151067,0.6424364903307256,0.6569141065541829,-0.18113436662030116,0.4990958433485886,1.8286669788685093,-4.474134301324809,1.2874531638966014,-0.036561790902663066,0.7796639887502994,-0.006569423049053055,0.17559079109003528,-0.07619528658203199,-0.03403767577203338,0.03671756497311414,-0.01944020175436868,2
data/Split/Diseased/gpe_pv/pre_processed_data/6-OHDA_mice_PV-DIO-ChR2_in_GPe/Neuron_0014,AG6927,3,060121,1.4,1,6-OHDA mice,14,7,right,raw_data/Spike times files GPe to SNr project/6-OHDA mice/PV-DIO-ChR2 in GPe/AG6927_mouse#3_6-OHDA_recorded_060121/Trajectory1_1.4mm_right_in_SNr_1mW_10s_GPe_stim_neurons_recorded_together/Neuron_recorded_in_Ch7.txt,16.20402836701697,0.8315400518916723,1.139123259544251,78.6788176948617,0.057644620597199915,0.2548330404217926,0.05060437500000027,0.8361365384615382,12.813325858893254,6.140389978473361,15.4,0.8618469162974938,0.5,40.432051444401516,0.029622499999999264,0.1913688371125442,0.029622499999999264,1.0,13.634302619517953,6.760203341354616,-0.08548598954764536,-0.08959189301922918,-0.1,-0.11769286000233199,-0.09668396629378062,-0.09694506233097026,-0.09668396629378062,-0.08755128355409544,-0.033452807906962076,-0.12846199281594053,data/Split/Diseased,0.6455230355926119,0.4219169957069479,-0.06046807309956236,-0.09609596414241936,-0.05455194470877119,-0.06920399010723884,-0.04687795110192273,-0.5377981666998316,0.7828931310177738,-0.15647997297939234,-0.5447002606859235,0.6754780718058062,-0.4973942679269137,-0.5235180428508307,0.04083393323007166,0.5404825335352067,0.881712521061935,0.8520727053046208,-0.516454358736467,0.8905622270183889,0.367698180101818,1.027221859529907,-0.5608561945474543,0.014416240929907877,-0.1323648496044012,-0.04948473642841104,-0.003935781521555031,-0.07737376262797517,-0.010353805057106896,-0.024776277777131858,1
data/Split/Diseased/gpe_pv/pre_processed_data/6-OHDA_mice_PV-DIO-ChR2_in_GPe/Neuron_0074,AG6926,1,050621,1.7,2,6-OHDA mice,74,4,right,raw_data/Spike times files GPe to SNr project/6-OHDA mice/PV-DIO-ChR2 in GPe/AG6926_mouse#1_6-OHDA_recorded_050621/Trajectory2_1.7mm_right_in_SNr_1mW_10s_GPe_stim_neurons_recorded_together/Neuron_recorded_in_Ch4.txt,4.499656091783022,0.7027967688218097,0.11622727912354669,26.128718163496554,0.020800116891434885,0.1070110701107011,0.17896071428571325,7.027704166666667,4.1034962805706225,6.367428255561415,5.7,0.4238986229161978,0.0,0.0,0.0,0.0,0.0,1.0,5.7,0.0,-1.0,-0.9,0.0,0.0,0.0,0.0,0.0,0.0,-1.0,0.0,data/Split/Diseased,-1.3320855242693184,-1.3382093870502731,0.21936185197037703,0.23368442502959813,0.21998824388259466,0.20518196930089944,0.23353596825423217,0.022472013246651306,-1.3305368734563014,0.20870137987369894,-1.0894512535094547,-1.2320903674570465,-1.145038795264098,-1.0833122898576288,-1.332885837770064,-1.3885218676263587,-1.5842369436876027,0.8520727053046208,-1.0008621948365726,-1.3249604605406522,-0.7549204562123784,-2.1933851410119014,0.19110673063216083,-0.31578341255078757,0.03570527779965759,-0.019648590872307588,-0.0012490616288292778,-0.030237405686494422,-0.0019238862423005855,0.0012778626801278027,2
data/Split/Diseased/gpe_pv/pre_processed_data/6-OHDA_mice_PV-DIO-ChR2_in_GPe/Neuron_0088,AG6927,1,052521,1.0,6,6-OHDA mice,88,2,left,raw_data/Spike times files GPe to SNr project/6-OHDA mice/PV-DIO-ChR2 in GPe/AG6927_mouse#1_6-OHDA_recorded_052521/Trajectory6_1.0mm_left_in_SNr_1mW_10s_GPe_stim_neurons_recorded_together/Neuron_recorded_in_Ch2.txt,0.6321780279871867,0.9018557614834013,0.0332725277887993,3.753577628677334,0.035456869238133966,0.21052631578947367,1.0656499999999998,30.054825,0.5174345251287764,7.2542079169208185,3.7,0.4000632992893271,0.1,5.7915057915041945,0.005180000000001428,0.0375,0.005180000000001428,1.0,3.4273149124657323,1.0983011583008389,0.31693362193362196,0.275435004094767,0.3,0.2668171557562188,0.33318284424378125,0.30666666666666664,0.33318284424378125,0.0,0.2576840302880187,0.274457873367938,data/Split/Diseased,1.5157431297910797,1.2147193708213855,1.058851627180195,0.9813174204493131,1.1660818352041529,1.073148068126625,1.1998710370156798,0.022472013246651306,1.4194862888920134,0.9889080020867795,-1.2017710458442035,-1.3359097264484714,-1.0155098897966612,-1.0031271024191735,-1.0926674762616553,-1.0105205893878497,-1.1530235677940608,0.8520727053046208,-1.1396149646995828,-0.9650140194177299,3.25361006371424,1.0007963955168018,0.7546034152997566,-0.2863368859175279,-0.1655709161912574,-0.01988148613818833,0.06780199455256733,0.06776795937814055,0.020199234102388983,0.0013578307209112025,0
data/Split/Diseased/gpe_pv/pre_processed_data/6-OHDA_mice_PV-DIO-ChR2_in_GPe/Neuron_0032,AG6926,2,051121,1.0,3,6-OHDA mice,32,4,right,raw_data/Spike times files GPe to SNr project/6-OHDA mice/PV-DIO-ChR2 in GPe/AG6926_mouse#2_6-OHDA_recorded_051121/Trajectory3_1.0mm_right_in_SNr_1mW_10s_GPe_stim_neurons_recorded_together/Neuron_recorded_in_Ch4.txt,1.8460098639891416,1.0195462959099448,0.2575827717194151,30.8172016406658,0.03720031854402792,0.46511627906976744,0.14442083333333422,1.6347014705882343,1.0255514661484415,30.049395528049708,8.9,0.6790646524496268,0.3,21.383476234175095,0.014537500000002979,0.0925,0.014537500000002979,1.0,8.09804018013297,2.8471120429023604,0.041838469905318844,0.07843055680476951,0.3333333333333333,0.2837523502776649,0.3701273111974486,0.3169028871391076,0.33660457597200305,-0.03467560014814306,-0.03260730662045283,0.24849338786743322,data/Split/Diseased,0.9208582825282232,0.786845164962958,1.1521282688701748,1.0287705543087133,1.2709879671479742,1.1021198910076617,1.2097951355159469,-0.19942884241297562,0.7847418848110166,0.9150982647990031,-0.9097395857738568,-0.1206654068711167,-0.7564520788617873,-0.7872514532374948,-0.6587208898109431,-0.45611871463803677,-0.37405075603279164,0.8520727053046208,-0.8544562017399929,-0.3918759057484323,2.9288857023998207,0.07389025497098702,0.5918885536944819,-0.21455731462948094,-0.17101391617551862,-0.12210055121926515,0.16788142474735213,0.09172333442336549,0.008020104691752204,0.0028879878109742308,0
data/Split/Diseased/gpe_pv/pre_processed_data/6-OHDA_mice_PV-DIO-ChR2_in_GPe/Neuron_0111,AG6926,3,051321,1.4,1,6-OHDA mice,111,11,right,raw_data/Spike times files GPe to SNr project/6-OHDA mice/PV-DIO-ChR2 in GPe/AG6926_mouse#3_6-OHDA_recorded_051321/Trajectory1_1.4mm_right_in_SNr_1mW_10s_GPe_stim_neurons_recorded_together/Neuron_recorded_in_Ch11.txt,24.828423848036625,0.7793278697378835,1.2414211924018312,92.21074000383395,0.06120374238161592,0.21081081081081082,0.049301351351351094,0.7560597222222225,20.87175308430186,4.417968132882322,27.9,0.5097992786957118,0.0,0.0,0.0,0.0,0.0,1.0,27.9,0.0,0.14862697407435582,0.019836016603498634,0.3,0.3,0.3,0.3,0.3,0.0,0.12815739168995605,0.3,data/Split/Diseased,1.151785154643696,0.6595836096978988,1.058851627180195,1.074297158458329,1.0718570669628065,1.0542792398912832,1.1036303492732067,0.022472013246651306,1.136266300637715,1.0615170917776562,0.1572984414062558,-0.8579334581747933,-1.145038795264098,-1.0833122898576288,-1.332885837770064,-1.3885218676263587,-1.5842369436876027,0.8520727053046208,0.3545000187206023,-1.3249604605406522,2.904986542596199,0.4295971884799836,0.6922732207699399,-0.549137551213255,-0.015144577879154885,0.03827850975700105,0.02379050367489599,0.003516141857026796,-0.0006919465434275274,0.0015820425689804232,0
data/Split/Diseased/gpe_pv/pre_processed_data/6-OHDA_mice_PV-DIO-ChR2_in_GPe/Neuron_0097,AG6926,3,051321,1.7,2,6-OHDA mice,97,15,right,raw_data/Spike times files GPe to SNr project/6-OHDA mice/PV-DIO-ChR2 in GPe/AG6926_mouse#3_6-OHDA_recorded_051321/Trajectory2_1.7mm_right_in_SNr_1mW_10s_GPe_stim_neurons_recorded_together/Neuron_recorded_in_Ch15.txt,17.96268978735788,1.0187267209768707,1.6725037045957059,129.7125072212921,0.06025696346917412,0.3649906890130354,0.03602800000000002,0.5102270408163265,12.137866227188109,10.686598846405449,15.9,0.9747034382741558,1.1,106.98568427823525,0.03154750000000135,0.23033580274214946,0.020032500000000654,0.6881,12.198382287250253,8.847247427466584,-0.5460739794149406,-0.18107597821827218,-0.16666666666666669,-0.3010931278971115,0.009819690517591994,0.07502185415228894,0.07133981092864675,0.26538131870901605,-0.6312353679271164,0.08585076557951263,data/Split/Diseased,-0.3504843966834824,0.22322259646019196,-0.24702135647952198,-0.6099912991643931,0.247871871230038,0.41751814128536074,0.4404438636941374,1.7207365406383823,-0.5242045552960357,0.4527509857576717,-0.5166203126022363,1.1670464663884563,0.27977916487770754,0.3979375708722179,0.13010427027718774,0.9332708753236554,0.08338505488098379,-0.7327017670846346,-0.6041206722515168,1.5745495701846746,-0.4632139041525516,-0.2215116222451738,1.9264225169565163,0.2567148814875969,-0.5439669168704594,0.5633213113420747,-0.11514793773088644,0.021029922989047673,0.07017868241588102,0.06681555229357798,1
data/Split/Diseased/gpe_pv/pre_processed_data/6-OHDA_mice_PV-DIO-ChR2_in_GPe/Neuron_0015,AG7518,2,020122,1.1,6,6-OHDA mice,15,13,left,raw_data/Spike times files GPe to SNr project/6-OHDA mice/PV-DIO-ChR2 in GPe/AG7518_mouse#2_6-OHDA_recorded_020122/Trajectory6_1.1mm_left_rec26_1mW_10s_GPe_neurons_recorded_together/Ch13.txt,72.34366657641633,0.5600975010999145,1.1386726113811592,221.27970314806092,0.03196507058504996,0.09059111577474642,0.028072222222222196,0.8112534090909093,67.96239588356995,3.2559138074994753,71.7,0.5636704756078099,0.9,116.60203033660966,0.026255000000004004,0.07565624609969138,0.0169904166666709,0.8128562500000023,68.65306281556589,2.117395660627288,-0.2631156301242873,0.23484192742403492,0.31666666666666665,0.14602942069056205,0.3430352057800974,0.4218202869686782,0.24387861256309282,-0.3183257522264686,-0.3283179802196924,0.33370527166935826,data/Split/Diseased,0.26140437401430844,1.1265552167489024,1.105489948025185,0.6428650599886229,1.1940582339591606,1.3990701504500898,0.9408606697270675,-2.0146017935734015,0.1381476829546886,1.1573317092897233,2.6171018935372525,-0.6232870477014842,0.020721353942833736,0.5310788537998711,-0.11533118885066292,-0.6259043280954109,-0.16985568332639847,-0.09881103200603375,2.8425703532674484,-0.6310259902620103,3.0488945419600424,-0.7578944678679472,-0.9503468665626654,0.9389449449407562,-0.28875897503007203,0.3114904614881211,0.1553945945196136,-0.05194163467084613,-0.003956468123472446,-0.03300553388274934,0
data/Split/Diseased/gpe_pv/pre_processed_data/6-OHDA_mice_PV-DIO-ChR2_in_GPe/Neuron_0117,AG7518,4,022222,1.1,3,6-OHDA mice,117,12,right,raw_data/Spike times files GPe to SNr project/6-OHDA mice/PV-DIO-ChR2 in GPe/AG7518_mouse#4_6-OHDA_recorded_022222/Trajectory3_1.1mm_right_rec13_1mW_10s_GPe_cont_neurons_recorded_together/Ch12.txt,15.727954969458358,0.967512557326184,1.1508259733750017,77.43293235533643,0.0682107341374619,0.28780487804878047,0.05927111111111074,0.7975397727272729,12.021358495848096,6.44127969248068,27.4,0.6045380733964538,0.2,28.8527196767594,0.005577500000003966,0.020595533498759304,0.005577500000003966,1.0,26.870338091693007,0.8713157525704478,-0.6446912468336616,-0.20375565749792274,0.0,-0.0416020040324697,0.02904231625831344,0.05371900826446282,0.02904231625831344,0.0,-0.6671626228221452,0.045788419407814286,data/Split/Diseased,-0.5637412193985198,0.1739645726216762,0.21936185197037703,0.11711384394344,0.3024557231175706,0.3572241802881582,0.31776782221468064,0.022472013246651306,-0.602762269906036,0.3388649915211393,0.12921849332256863,-0.44528032656960803,-0.8859809843292243,-0.6838374695468179,-1.0742337313388415,-1.1809181879320907,-1.1199333521726844,0.8520727053046208,0.2916367374927433,-1.039403988291019,0.19589335861115548,-0.8181086192777943,0.3862014736684633,0.4747607556665036,-0.05006208421547023,0.07087152207911487,-0.0019357776577573755,-0.021564125163628833,0.009955750574656854,0.0025826312832408884,1
data/Split/Diseased/gpe_pv/pre_processed_data/6-OHDA_mice_PV-DIO-ChR2_in_GPe/Neuron_0101,AG6926,3,051321,1.4,4,6-OHDA mice,101,4,left,raw_data/Spike times files GPe to SNr project/6-OHDA mice/PV-DIO-ChR2 in GPe/AG6926_mouse#3_6-OHDA_recorded_051321/Trajectory4_1.4mm_left_in_SNr_1mW_10s_GPe_stim_neurons_recorded_together/Neuron_recorded_in_Ch4.txt,18.180534032414197,0.9052079882080544,1.3627091322284863,109.7102438344989,0.05888980751733487,0.2696526508226691,0.04321524390243888,0.6903212962962965,14.108979950768662,7.775916063196465,13.3,0.7791964582604838,0.7,55.21518352406497,0.031110000000000325,0.18338032581453634,0.025913750000000135,0.9362774999999999,11.099420018721492,5.743042598612858,-0.03532586367880486,0.02633703707082414,-0.06666666666666668,-0.08543863550381023,-0.08312640395860864,-0.07254901960784313,-0.11440891329031677,-0.024745153763298937,-0.014916884971758745,-0.07948804518545283,data/Split/Diseased,0.7539927726859824,0.673703184194771,0.032808568590417406,-0.005718258074664976,-0.016054395807772646,-0.00015527914252668772,-0.09828587372040692,-0.13588056810871774,0.8234233565591119,-0.01726079960192066,-0.6626360426374096,0.31547802699514527,-0.23833645699204006,-0.31884101076115356,0.10981555731190844,0.4599580673520135,0.5729745658796266,0.5282965228204125,-0.6712149034627309,0.5572079492479213,0.5107957203415556,1.2050255383563095,-0.1269022759427208,0.0791045672364739,0.02733787260000898,0.03274512206478203,0.06274300162232438,-0.038602407049642365,-0.005915792079551794,0.0008811479925218667,1
data/Split/Diseased/gpe_pv/pre_processed_data/6-OHDA_mice_PV-DIO-ChR2_in_GPe/Neuron_0051,AG7518,1,012722,1.4,4,6-OHDA mice,51,7,left,raw_data/Spike times files GPe to SNr project/6-OHDA mice/PV-DIO-ChR2 in GPe/AG7518_mouse#1_6-OHDA_recorded_012722/Trajectory4_1.4mm_left_rec19_1mW_10s_GPe_cont_neurons_recorded_together/Ch7.txt,12.587271536553512,1.5847142067092725,1.3021315382641565,69.99422909712234,0.11733162609420542,0.5679513184584178,0.0901073529411765,0.25512999999999997,6.161220037271042,11.360449500862906,13.4,0.42874605216540196,0.3,25.5087613191356,0.011895000000004074,0.06952380952380952,0.011895000000004074,1.0,12.64964866055104,2.1800681108741973,-0.18401291477029602,0.06230932666704146,-0.2,-0.2332070707070546,-0.16679292929294542,-0.15365853658536585,-0.16679292929294542,0.0,-0.163626600900469,-0.17556917036645872,data/Split/Diseased,0.43246157511174854,0.7518314450316134,-0.34029799816950174,-0.4197716855102835,-0.25363074403367997,-0.22972151075758981,-0.25021600031739105,0.022472013246651306,0.4982580897499773,-0.29039244350782994,-0.6570200530206721,-1.2109764524422189,-0.7564520788617873,-0.7301356063950609,-0.7812647161208913,-0.6877194978127422,-0.5940278498161696,0.8520727053046208,-0.5765697988001259,-0.6104863365865753,-0.2583708275066746,1.2037001577389892,-0.07024646532657881,0.4430740076992069,-0.13431408604542464,0.03684366234540779,-0.0028905126550591294,-0.04171140462093187,-0.0068897077789580536,-2.233468864848712e-05,1
data/Split/Diseased/gpe_pv/pre_processed_data/6-OHDA_mice_PV-DIO-ChR2_in_GPe/Neuron_0115,AG6926,3,051321,1.4,1,6-OHDA mice,115,5,right,raw_data/Spike times files GPe to SNr project/6-OHDA mice/PV-DIO-ChR2 in GPe/AG6926_mouse#3_6-OHDA_recorded_051321/Trajectory1_1.4mm_right_in_SNr_1mW_10s_GPe_stim_neurons_recorded_together/Neuron_recorded_in_Ch5.txt,15.802956260034122,0.8239371716218816,0.6374865582603999,67.92391879832529,0.03895294510401956,0.15711252653927812,0.061103947368421375,1.5163805555555552,13.860001763048087,4.900715018624029,23.3,0.6671231806991668,0.8,53.00381603791097,0.03595250000000476,0.13150559947299076,0.024390833333339402,0.9114000000000004,21.060041508186877,3.1815943785184784,-0.09370250126804056,0.07668997453253282,0.21666666666666665,0.1636988370931723,0.278074733214981,0.286889361814092,0.2663471236341836,-0.02346136746979808,-0.13509401297448803,0.22180199254070745,data/Split/Diseased,0.6277550804549734,0.7830647921454438,0.8256600229552455,0.6923755147229184,1.0095988962565603,1.0171718828934415,1.0060264205031297,-0.12766518680904623,0.5606467945347701,0.8392221271080978,-0.10103708096366609,-0.17267879514956797,-0.10880755152460309,-0.34945807698815806,0.3343826259615637,-0.0629409423913751,0.4461981108535391,0.4018931020545811,-0.06309553452728185,-0.2822559482226053,2.327018792937347,0.02795572730966432,0.5764701944977704,0.04043111569234133,-0.2339082660134881,0.05803841426550357,0.07008672015587723,0.012743456291030823,-0.03485996254377594,-0.011189711297888077,0
data/Split/Diseased/gpe_pv/pre_processed_data/6-OHDA_mice_PV-DIO-ChR2_in_GPe/Neuron_0124,AG7518,4,022222,1.4,4,6-OHDA mice,124,4,left,raw_data/Spike times files GPe to SNr project/6-OHDA mice/PV-DIO-ChR2 in GPe/AG7518_mouse#4_6-OHDA_recorded_022222/Trajectory4_1.4mm_left_rec19_1mW_10s_GPe_cont_neurons_recorded_together/Ch4.txt,22.654033701386886,1.0165479372685053,2.0432048434170813,113.90044920026602,0.07071595813217899,0.31679819616685456,0.034610312500000115,0.42409873417721505,16.655054850372473,6.838791599519635,24.7,0.883768669632483,1.0,79.97142301189149,0.034627500000001275,0.17223390739695088,0.02089750000000201,0.7630200000000003,21.691111628947077,8.576692486727607,-0.3297266168647902,-0.20149736258469372,-0.06666666666666662,-0.0666323966383852,-0.0426374873803713,0.005626646690325377,0.024085534910507245,0.008535035104164567,-0.3288499407203712,0.04933062805680073,data/Split/Diseased,0.11736015374729576,0.1788693661727051,0.032808568590417565,0.04697762145259691,0.09891642323654708,0.2211072037920051,0.30339159688579453,0.07709058032574176,0.13698451027928604,0.3489344954901318,-0.022413226329342083,0.7709625055326043,0.15025025941027056,0.023916775394333,0.2729368095524149,0.3476017897619186,0.15539269390577073,-0.35203070754182164,-0.024567219401906284,1.4858805495693446,0.35773852433024633,0.08955589264986684,0.26413065618337533,0.030261327345472957,-0.10028334301838325,0.16440884237141234,-0.2000859043122727,-0.04479701210254965,0.03034823972425943,-0.00725309224784215,1
data/Split/Diseased/gpe_pv/pre_processed_data/6-OHDA_mice_PV-DIO-ChR2_in_GPe/Neuron_0075,AG6926,1,050621,1.7,2,6-OHDA mice,75,5,right,raw_data/Spike times files GPe to SNr project/6-OHDA mice/PV-DIO-ChR2 in GPe/AG6926_mouse#1_6-OHDA_recorded_050621/Trajectory2_1.7mm_right_in_SNr_1mW_10s_GPe_stim_neurons_recorded_together/Neuron_recorded_in_Ch5.txt,5.346454839683148,0.5038296823988324,0.11622727912354669,28.052671503120738,0.028006623294520354,0.12422360248447205,0.24096428571428583,6.707804166666667,4.817212823864677,5.823423736677484,8.5,0.38640556447641033,0.0,0.0,0.0,0.0,0.0,1.0,8.5,0.0,-1.0,-1.0,0.0,0.0,0.0,0.0,0.0,0.0,-1.0,0.0,data/Split/Diseased,-1.3320855242693184,-1.5553995123211926,0.21936185197037703,0.23368442502959813,0.21998824388259466,0.20518196930089944,0.23353596825423217,0.022472013246651306,-1.3305368734563014,0.20870137987369894,-0.9322035442408065,-1.3953986302178913,-1.145038795264098,-1.0833122898576288,-1.332885837770064,-1.3885218676263587,-1.5842369436876027,0.8520727053046208,-0.8299156093428748,-1.3249604605406522,-0.8172704314268635,-2.2815015306404276,0.15260004324350931,-0.49799677902623685,0.015637895903756104,0.001018808168615931,-0.0032761422754144943,-0.029247846409829314,-0.002228985490532107,0.0014636595772029549,2
data/Split/Diseased/gpe_pv/pre_processed_data/6-OHDA_mice_PV-DIO-ChR2_in_GPe/Neuron_0095,AG6926,3,051321,1.7,2,6-OHDA mice,95,1,right,raw_data/Spike times files GPe to SNr project/6-OHDA mice/PV-DIO-ChR2 in GPe/AG6926_mouse#3_6-OHDA_recorded_051321/Trajectory2_1.7mm_right_in_SNr_1mW_10s_GPe_stim_neurons_recorded_together/Neuron_recorded_in_Ch1.txt,21.809448307928005,1.0985430163464793,0.869701926389767,84.22849020775968,0.05121791719768664,0.17024539877300612,0.058891346153846204,1.0073429999999999,19.073389360680086,4.416021117955954,19.0,0.7619306478133729,0.7,38.31473070605561,0.024120000000003472,0.11341189931350115,0.013747083333331744,0.8539687499999971,17.152309507463023,2.7627317388823216,0.13377606387042568,0.03329600465387383,0.3333333333333333,0.3762001151065179,0.2691507127482168,0.30652232203611357,0.2221118428113603,-0.13365726541673756,0.09047859302716413,0.34221531745821576,data/Split/Diseased,1.1196705158242142,0.6888173746059594,1.1521282688701748,1.2878131152825756,0.9842585802160065,1.072739526020535,0.8777301895473466,-0.8328458885168514,1.0538787004481767,1.1815233784822559,-0.34252463448337583,0.2402734524255892,-0.23833645699204006,-0.5528330027910674,-0.21434010812101803,-0.24532605674741195,-0.43984964390880116,0.11008297407314224,-0.30167176400878143,-0.4195298783435917,3.143000791100905,0.22709516418496234,-0.11192179971498274,-0.35240203296581324,0.26678870188603926,0.09254423694465844,0.008503537190523582,0.022779686912599538,-0.04320885031602374,0.008116802480389696,0
data/Split/Diseased/gpe_pv/pre_processed_data/6-OHDA_mice_PV-DIO-ChR2_in_GPe/Neuron_0132,AG7518,4,022222,1.1,6,6-OHDA mice,132,2,left,raw_data/Spike times files GPe to SNr project/6-OHDA mice/PV-DIO-ChR2 in GPe/AG7518_mouse#4_6-OHDA_recorded_022222/Trajectory6_1.1mm_left_rec31_1mW_10s_GPe_cont_neurons_recorded_together/Ch2.txt,1.2639734729723076,0.7247068249047816,0.0984914394523876,5.849329871523871,0.05106781135606294,0.23376623376623376,0.5184999999999996,2.8207450000000005,1.020619983393302,5.7311535798822355,1.4,0.07765905362874852,0.0,0.0,0.0,0.0,0.0,1.0,1.4,0.0,-0.0033333333333333327,0.0,0.0,0.0,0.0,0.0,0.0,0.0,-0.0033333333333333327,0.0,data/Split/Diseased,0.8231756404602573,0.6165017403879997,0.21936185197037703,0.23368442502959813,0.21998824388259466,0.20518196930089944,0.23353596825423217,0.022472013246651306,0.8487516858857017,0.20870137987369894,-1.3309388070291646,-2.74020373330059,-1.145038795264098,-1.0833122898576288,-1.332885837770064,-1.3885218676263587,-1.5842369436876027,0.8520727053046208,-1.2633873082733227,-1.3249604605406522,0.9704398792925619,0.998961518456901,0.17110823702949424,-0.10777269546425813,-0.01502009971030103,0.0011588128471726688,0.00411449850105612,-0.003918266441810532,-4.321178640597967e-05,0.0011715633693503114,1
data/Split/Diseased/gpe_pv/pre_processed_data/6-OHDA_mice_PV-DIO-ChR2_in_GPe/Neuron_0096,AG6926,3,051321,1.7,2,6-OHDA mice,96,13,right,raw_data/Spike times files GPe to SNr project/6-OHDA mice/PV-DIO-ChR2 in GPe/AG6926_mouse#3_6-OHDA_recorded_051321/Trajectory2_1.7mm_right_in_SNr_1mW_10s_GPe_stim_neurons_recorded_together/Neuron_recorded_in_Ch13.txt,38.5907370547022,0.6641285901661537,0.7010428011667356,139.85404553998217,0.021790747069599426,0.07179930795847751,0.031083333333333425,1.22239625,36.61787979745842,3.819282992722292,41.6,0.6076616433208122,0.3,27.348290490462386,0.00727250000000339,0.030818181818181817,0.004558750000003187,0.9424425,40.886107567083954,0.9411838242437396,-0.021446743713385744,-0.02232150944320164,0.2,0.20423728813574943,0.22098501070648852,0.2229050279329609,0.22098501070648852,0.04040753286413822,-0.022876034781899618,0.20373636740795828,data/Split/Diseased,0.7840059448553043,0.56802162606595,0.7790217021102558,0.8059659751891436,0.8474890471789427,0.8360754720300673,0.8744620219380108,0.28105343878333194,0.8060200614520928,0.7878666305795128,0.9266890188992846,-0.4316750140348038,-0.7564520788617873,-0.7046667565464217,-0.9956294605364276,-1.0778735444194387,-1.2047400368622134,0.559621096793737,1.1473324285230568,-1.016506112278733,2.112192541152437,0.3167763007245551,0.8159970677230414,-0.35986323600944875,-0.03285700558945457,0.011486637601220838,0.03592062912756364,-0.01767351091434487,-0.035679545753959,0.001406799958276322,1
data/Split/Diseased/gpe_pv/pre_processed_data/6-OHDA_mice_PV-DIO-ChR2_in_GPe/Neuron_0118,AG7518,4,022222,1.1,3,6-OHDA mice,118,2,right,raw_data/Spike times files GPe to SNr project/6-OHDA mice/PV-DIO-ChR2 in GPe/AG7518_mouse#4_6-OHDA_recorded_022222/Trajectory3_1.1mm_right_rec13_1mW_10s_GPe_cont_neurons_recorded_together/Ch2.txt,7.034382326910023,1.143568914174311,0.6694185989727167,59.30736679907445,0.05485556196319638,0.34789391575663026,0.08194508196721333,1.4142554166666663,4.85339946960936,12.219757959434562,15.5,0.859010886103937,0.5,67.62145080804163,0.011897500000000606,0.1122077922077922,0.010096250000000851,0.9289050000000032,14.118155415392915,5.739014076823846,-0.771979882862236,-0.6429043630879617,-0.4,-0.4,-0.4,-0.4,-0.4,0.05515301966564144,-0.7324833912942446,-0.4,data/Split/Diseased,-0.8389989992752264,-0.7798230511749497,-0.8999578483093805,-0.8871325528753764,-0.9158368535576878,-0.9269477248196124,-0.9265898731044008,0.3754147800259441,-0.7455911696572138,-0.9283862359982442,-0.5390842710691861,0.6631251941447093,-0.4973942679269137,-0.14707240629276883,-0.7811487806183938,-0.25746349741658675,-0.7437662783663017,0.49083660041680716,-0.48691400754489417,0.5558876810591994,-2.7358062363410545,-0.07805385764855612,-0.22690838795642349,0.09354086409728654,0.01756215891092027,-0.03192659947804387,-0.0012837709755475122,-0.042194030524618904,-0.00335521851816491,0.0020814222119583587,2
data/Split/Diseased/gpe_pv/pre_processed_data/6-OHDA_mice_PV-DIO-ChR2_in_GPe/Neuron_0066,AG7518,1,012722,1.7,5,6-OHDA mice,66,8,left,raw_data/Spike times files GPe to SNr project/6-OHDA mice/PV-DIO-ChR2 in GPe/AG7518_mouse#1_6-OHDA_recorded_012722/Trajectory5_1.7mm_left_rec25_1mW_10s_GPe_cont_neurons_recorded_together/Ch8.txt,38.66009036029056,0.7963411427846339,1.50856172702192,166.75095983491798,0.03675201546403604,0.1421957671957672,0.02436228813559315,0.6333758620689655,34.42809088007304,4.843456479064697,22.5,0.7616435028121794,0.9,79.65597266153797,0.03150249999999488,0.14448689810598642,0.026727499999994818,0.8875375000000005,19.792278258125556,3.9242052958993434,-0.1869899853515869,-0.03637746306927637,-0.15,-0.17903862820809605,-0.15998095985188782,-0.12723964350575104,-0.21000410224723157,-0.09810405747287136,-0.19575960795807884,-0.10904373903264694,data/Split/Diseased,0.426023751089827,0.537493482777456,-0.20038303563453203,-0.2679894104615282,-0.23428772939830628,-0.15494747740452275,-0.3755419962666026,-0.6053289247012723,0.4279967907621128,-0.1012793332322882,-0.14596499789756562,0.23902273687298403,0.020721353942833736,0.01954926780973756,0.12801743122903528,0.06791099031444266,0.6407158563489278,0.2806469306939256,-0.14049546267455892,-0.03887993534121493,-0.02756510896526096,0.8974840102930967,-0.6626599128573734,0.3781948191377608,0.02669606520632723,0.16053433893406033,0.00846813455100116,-0.021452844347358335,-0.00017034350946840485,0.03301964441995126,1
data/Split/Diseased/gpe_pv/pre_processed_data/6-OHDA_mice_PV-DIO-ChR2_in_GPe/Neuron_0026,AG7518,2,020122,1.4,1,6-OHDA mice,26,8,right,raw_data/Spike times files GPe to SNr project/6-OHDA mice/PV-DIO-ChR2 in GPe/AG7518_mouse#2_6-OHDA_recorded_020122/Trajectory1_1.4mm_right_rec1_1mW_10s_GPe_neurons_recorded_together/Ch8.txt,9.381520076131677,0.973695241783627,0.8481922260612201,68.21782661309553,0.05199482602742092,0.30684931506849317,0.06130075757575745,1.11286171875,6.8594636875446495,9.945067095692163,16.2,0.6925826027005061,0.6,24.338142536913157,0.03655000000000115,0.15564468211527033,0.02543124999999975,0.8375324999999976,14.353967008597635,2.7217236492176076,-0.6443241436925647,-0.26360925410825875,-0.4,-0.4,-0.4,-0.4,-0.4,0.14129854815523135,-0.5883035640695053,-0.4,data/Split/Diseased,-0.5629473700907042,0.043968471164536775,-0.8999578483093805,-0.8871325528753764,-0.9158368535576878,-0.9269477248196124,-0.9265898731044008,0.9266890593873195,-0.43033085397950727,-0.9283862359982442,-0.49977234375202406,-0.06178536177946469,-0.3678653624594769,-0.7463431851924749,0.3620912110967699,0.18038183345626965,0.5328084550941551,0.026569830688060212,-0.4725171551598314,-0.43296946713078693,-2.4786464306808367,0.669116263286693,0.3819539680030676,0.48275798577015344,0.10294413101443022,-0.073383522497792,0.04548222769399055,-0.06023216867976728,-0.006373149498334635,0.0032569277992202856,2
data/Split/Diseased/gpe_pv/pre_processed_data/6-OHDA_mice_PV-DIO-ChR2_in_GPe/Neuron_0036,AG6926,2,051121,1.7,2,6-OHDA mice,36,2cell1,right,raw_data/Spike times files GPe to SNr project/6-OHDA mice/PV-DIO-ChR2 in GPe/AG6926_mouse#2_6-OHDA_recorded_051121/Trajectory2_1.7mm_right_in_SNr_1mW_10s_GPe_stim_neurons_recorded_together/Neuron_recorded_in_Ch2cell1.txt,14.548867379539008,0.840439162134079,1.1523855350129908,75.32498821958175,0.056198462950388835,0.26961157654226964,0.04876706730769171,0.777205339805826,11.259066542374704,6.690162806666795,12.9,0.8308935786984246,0.6,33.8128358928643,0.025769999999991456,0.14578947368421052,0.01666999999999632,0.8567900000000066,11.124874502922372,3.7213087142764265,-0.05951650797977635,0.029640156533185292,0.16666666666666669,0.1286852400856207,0.22794429407153122,0.21006289308176102,0.2607646898400525,0.05878977453175206,-0.09311923357299874,0.1625467112434539,data/Split/Diseased,0.7016812447144065,0.6808772334929214,0.685745060420276,0.5942659297639519,0.867250368944478,0.799728066527709,0.989835606247517,0.3986876004866297,0.6524278880437032,0.6707760107628093,-0.6851000011043593,0.5406548271758175,-0.3678653624594769,-0.6151631277049542,-0.13782267636698733,0.08104099654300205,-0.1965290332355227,0.12441784095433274,-0.6696608473342868,-0.10537526944808391,1.9405889574296584,0.303167421320908,0.9564713248492914,-0.1704624751272323,-0.25017411337304957,-0.0321470598551101,0.024727082789106722,0.02933885609691805,0.010285138549473861,-0.017957245439138583,1
data/Split/Diseased/gpe_pv/pre_processed_data/6-OHDA_mice_PV-DIO-ChR2_in_GPe/Neuron_0134,AG7518,4,022222,1.7,5,6-OHDA mice,134,4,left,raw_data/Spike times files GPe to SNr project/6-OHDA mice/PV-DIO-ChR2 in GPe/AG7518_mouse#4_6-OHDA_recorded_022222/Trajectory5_1.7mm_left_rec25_1mW_10s_GPe_cont_neurons_recorded_together/Ch4.txt,32.22940143196129,0.765337540679454,1.463805483363979,129.47110101206172,0.044603693925977815,0.16812749003984065,0.030471052631579048,0.627702232142857,28.06244162057913,4.61367912181655,56.9,0.410593683550716,0.1,10.899182561309036,0.0027524999999997135,0.011538461538461539,0.0027524999999997135,1.0,56.665099359880706,0.46083402440474075,-0.7801539128300872,0.006065203086502246,0.5,0.4904219279334736,0.5235416666666699,0.5625,0.5235416666666699,-0.10135920470901463,-0.8574858698419086,0.564677414916546,data/Split/Diseased,-0.8566750889230981,0.6296747625695096,1.6185114773200737,1.607867482941416,1.70661765527189,1.797239351657869,1.7519715095741608,-0.6261597092850235,-1.018918732923085,1.8139206185341674,1.785935430260112,-1.290042602466219,-1.0155098897966612,-0.9324097391105423,-1.2052408493431057,-1.2722137820145099,-1.3551028091033317,0.8520727053046208,2.110676989062944,-1.1739312407504598,3.273715008795616,-2.696239767591171,0.875731689283358,0.7463987006769872,0.10991049759750061,0.016555455104694805,-0.040722169269942966,0.0013091045103995284,-0.022318667501384365,0.0034652492587954496,0
data/Split/Diseased/gpe_pv/pre_processed_data/6-OHDA_mice_PV-DIO-ChR2_in_GPe/Neuron_0077,AG6926,1,050621,1.4,4,6-OHDA mice,77,15,left,raw_data/Spike times files GPe to SNr project/6-OHDA mice/PV-DIO-ChR2 in GPe/AG6926_mouse#1_6-OHDA_recorded_050621/Trajectory4_1.4mm_left_in_SNr_1mW_10s_GPe_stim_neurons_recorded_together/Neuron_recorded_in_Ch15.txt,2.704345560779546,1.1004845557741334,0.24810509731922442,15.586432806735761,0.06457369341653127,0.3486238532110092,0.26026750000000015,1.3622138888888886,1.8831480134446157,8.27679645755799,2.1818181818181817,0.12895048667137327,0.0,0.0,0.0,0.0,0.0,1.0,2.1818181818181817,0.0,-0.38614718614718613,-0.2727272727272727,0.0,0.0,0.0,0.0,0.0,0.0,-0.38614718614718613,0.0,data/Split/Diseased,-0.004647600633589524,0.024165035103674622,0.21936185197037703,0.23368442502959813,0.21998824388259466,0.20518196930089944,0.23353596825423217,0.022472013246651306,0.01169966268015359,0.20870137987369894,-1.28703197911649,-2.516793982982213,-1.145038795264098,-1.0833122898576288,-1.332885837770064,-1.3885218676263587,-1.5842369436876027,0.8520727053046208,-1.215655469466641,-1.3249604605406522,0.3532280079815911,-0.16291271657295026,0.2068830494777225,-0.05473012301531836,0.019103877487545523,-0.02191160251058933,0.0035332932450996956,-0.014749251783029419,-0.0005429751595950221,0.0010768395855268976,1
data/Split/Diseased/gpe_pv/pre_processed_data/6-OHDA_mice_PV-DIO-ChR2_in_GPe/Neuron_0062,AG7518,1,012722,1.1,6,6-OHDA mice,62,7,left,raw_data/Spike times files GPe to SNr project/6-OHDA mice/PV-DIO-ChR2 in GPe/AG7518_mouse#1_6-OHDA_recorded_012722/Trajectory6_1.1mm_left_rec31_1mW_10s_GPe_cont_neurons_recorded_together/Ch7.txt,17.424910191082024,0.8781232328342415,0.7675452474047376,71.85253666886695,0.0524645755413543,0.19681349578256796,0.06835372340425551,1.2111576086956517,14.770374110998416,4.864638913605013,25.4,0.7079168513152426,0.9,129.84201482577342,0.01915000000000191,0.10048223972361903,0.012356249999999135,0.8089424999999949,23.032175036572898,5.134426383172412,-0.3488153273893328,0.14676343867785327,0.23333333333333334,0.1347345621636808,0.3476938083190303,0.4478009861973864,0.42139589635388797,0.0905380963884894,-0.42810901736532064,0.3880137940478462,data/Split/Diseased,0.07608140142791982,0.9352574367043379,0.8722983438002356,0.6112163869887147,1.2072866281659582,1.472603953127176,1.4557166402608062,0.6018558154755352,-0.080053118626924,1.3117155798719304,0.016898700987819922,0.005005921893410096,0.020721353942833736,0.7143905306185694,-0.444819887406122,-0.3756574661384583,-0.5556307128222098,-0.11869692841938784,0.057307855763871235,0.35774604474041066,2.398465165464973,-0.749441192282471,1.6054905161420798,0.41061871699969454,-0.41907878262424175,0.3472445310338521,-0.08417847269617701,-0.0014411630731926222,-0.018107374646109144,-0.06911799852382292,0
data/Split/Diseased/gpe_pv/pre_processed_data/6-OHDA_mice_PV-DIO-ChR2_in_GPe/Neuron_0099,AG6926,3,051321,1.7,2,6-OHDA mice,99,8,right,raw_data/Spike times files GPe to SNr project/6-OHDA mice/PV-DIO-ChR2 in GPe/AG6926_mouse#3_6-OHDA_recorded_051321/Trajectory2_1.7mm_right_in_SNr_1mW_10s_GPe_stim_neurons_recorded_together/Neuron_recorded_in_Ch8.txt,10.823945770197124,0.9560511201712454,1.08406236527398,69.45042112531101,0.06481358713734964,0.34514637904468415,0.0597876923076921,0.8497210937500002,7.5793445917809565,9.163116979880169,9.7,0.7815500581324475,0.5,30.418216373107743,0.03005250000000359,0.15974358974358974,0.03005250000000359,1.0,8.256329087865684,4.0692984040630265,-0.07953457619092294,0.03279960729951399,-0.2,-0.17605304212166445,-0.22394695787833552,-0.18888888888888888,-0.22394695787833552,-0.03091789811314683,-0.07460470084495092,-0.1603203517676794,data/Split/Diseased,0.6583927848397659,0.6877392485701836,-0.34029799816950174,-0.2596236715248547,-0.4159231942514434,-0.3294348307004533,-0.41598066406654366,-0.17538204024323037,0.6929113422468447,-0.24704433654445562,-0.8648116688399573,0.32572958614553604,-0.4973942679269137,-0.6621626839987971,0.06077483968752853,0.22169896206657128,0.9175082260109769,0.8520727053046208,-0.8447922916334092,0.008671455750622229,-0.19106732366223939,1.4262622005426755,-0.3513128530241331,0.27295343727450594,0.10150355346472402,0.05974557746041383,-0.06730091824534003,-0.008932294414298922,-0.017244563825601356,-0.0026667376536922173,1
data/Split/Diseased/gpe_pv/pre_processed_data/6-OHDA_mice_PV-DIO-ChR2_in_GPe/Neuron_0012,AG6927,3,060121,1.5,5,6-OHDA mice,12,7,left,raw_data/Spike times files GPe to SNr project/6-OHDA mice/PV-DIO-ChR2 in GPe/AG6927_mouse#3_6-OHDA_recorded_060121/Trajectory5_1.5mm_left_in_SNr_1mW_10s_GPe_stim_neurons_recorded_together/Neuron_recorded_in_Ch7.txt,9.832996846630994,1.0673389841699665,1.1626854379462324,84.4123360627249,0.06263054258376942,0.4155405405405405,0.053867142857142856,0.7156029411764706,6.13097426674168,13.76817653935221,9.4,0.7658061407480038,0.5,37.141008254584186,0.020175000000000408,0.1436904761904762,0.01730125000000271,0.9235524999999996,7.787360243146876,4.683019169357408,-0.10609422156790578,0.033578970410786245,-5.551115123125783e-18,0.0025925647516637507,0.012021054923202611,0.0340080971659919,0.012236813727157837,-0.02748805149955046,-0.12439496048704175,0.045438634635129024,data/Split/Diseased,0.6009583645421065,0.6894319482878711,0.21936185197037703,0.24094890150455495,0.25412278358129864,0.3014359109062871,0.2690265778061518,-0.15343329544611786,0.5840410982287747,0.33787065168803687,-0.8816596376901695,0.25715391096467877,-0.4973942679269137,-0.5690835528483636,-0.39728633131622026,0.05988303025897538,-0.1439801059120712,0.4636403664845556,-0.8734239426004108,0.20980627532297833,1.0090036817961054,0.6747612832347044,0.10001496510888021,0.14582686275040868,-0.007921795683860049,0.07363877032949857,-0.04620314802971698,0.0013633462488119173,-0.013651260811843915,0.01266642591606998,1
data/Split/Diseased/gpe_pv/pre_processed_data/6-OHDA_mice_PV-DIO-ChR2_in_GPe/Neuron_0131,AG7518,4,022222,1.1,6,6-OHDA mice,131,12,left,raw_data/Spike times files GPe to SNr project/6-OHDA mice/PV-DIO-ChR2 in GPe/AG7518_mouse#4_6-OHDA_recorded_022222/Trajectory6_1.1mm_left_rec31_1mW_10s_GPe_cont_neurons_recorded_together/Ch12.txt,11.359346016842037,1.461529159382588,1.1490667936111887,64.39478781659083,0.08584883205568046,0.40173410404624277,0.07471178571428568,0.7912373188405798,7.434119826698815,8.662059439144915,14.7,1.0560519487009663,1.1,137.6211465017571,0.043255000000003464,0.2605320512820513,0.03238125000000167,0.715972499999998,11.125590873317389,11.187186522295468,-0.5195638947812862,-0.4212497104820009,-0.4333333333333333,-0.5229484250960686,-0.34044695977116474,-0.3856960279823765,-0.2857056094764031,0.1747281074305888,-0.49485615989613096,-0.4843221486652786,data/Split/Diseased,-0.29315714997651615,-0.2984110335112425,-0.9932344899993601,-1.2316392585112559,-0.7467322592557329,-0.8864628461570613,-0.5951001831825008,1.1406160794196833,-0.22600089530200593,-1.1680904134757473,-0.5840121880030856,1.5213756267400973,0.27977916487770754,0.8220950126657447,0.6730302292268844,1.2376500898860716,1.111366942055568,-0.5910806497981123,-0.669617111236795,2.3414182411884297,-2.5504968021105867,0.8396044907156618,0.5194247599449475,0.04674555330778213,-0.4859575731132032,-0.12382436183334923,0.0746277501171765,5.834628119980468e-05,0.04273327232703217,-0.051617231490284896,2
data/Split/Diseased/gpe_pv/pre_processed_data/6-OHDA_mice_PV-DIO-ChR2_in_GPe/Neuron_0065,AG7518,1,012722,1.7,5,6-OHDA mice,65,5,left,raw_data/Spike times files GPe to SNr project/6-OHDA mice/PV-DIO-ChR2 in GPe/AG7518_mouse#1_6-OHDA_recorded_012722/Trajectory5_1.7mm_left_rec25_1mW_10s_GPe_cont_neurons_recorded_together/Ch5.txt,54.51873218376034,0.7535657825161617,2.42930560856343,268.854740704611,0.04024336527870223,0.18151969981238275,0.01656578947368427,0.39391462765957436,46.49356583668769,5.78262251703783,53.44444444444444,0.6117766576620483,2.111111111111111,213.472994382239,0.0379611111111081,0.1709117875765617,0.01593148148148113,0.4884902777777782,46.40319294713166,5.064565783668336,-0.9967320261437909,-1.0,-0.8888888888888888,-0.8888888888888888,-0.8888888888888888,-0.8888888888888888,-0.8888888888888888,0.38620093949438605,-0.995986667864676,-0.8888888888888888,data/Split/Diseased,-1.3250186308181755,-1.5553995123211926,-2.2680152597624175,-2.2570199703147895,-2.3040675282069216,-2.3106617954113484,-2.344521456987174,2.4939020264037666,-1.3217614131144777,-2.318159988730619,1.5918717890595184,-0.4137512737141133,1.589460320159569,1.8722872871467382,0.42753036148602247,0.33427477690614316,-0.2580076169283305,-1.746925531812071,1.4841634669503263,0.3348506175835196,-6.635406768244863,0.8559574030116796,0.7738080096733193,-0.16257037260429413,0.11006584539886263,0.0387606658712444,0.12106200564321606,0.07983340740323676,-0.0034466387956735467,-0.001989553755164017,2
data/Split/Diseased/gpe_pv/pre_processed_data/6-OHDA_mice_PV-DIO-ChR2_in_GPe/Neuron_0078,AG6926,1,050621,1.4,4,6-OHDA mice,78,7,left,raw_data/Spike times files GPe to SNr project/6-OHDA mice/PV-DIO-ChR2 in GPe/AG6926_mouse#1_6-OHDA_recorded_050621/Trajectory4_1.4mm_left_in_SNr_1mW_10s_GPe_stim_neurons_recorded_together/Neuron_recorded_in_Ch7.txt,2.9293656702754824,0.6882582981280335,0.19529104468503217,15.31005056826313,0.054698580478218954,0.23333333333333334,0.28008750000000004,2.55795,2.375799895671396,6.444166697775084,3.0,0.12732086227692255,0.0,0.0,0.0,0.0,0.0,1.0,3.0,0.0,-1.0,-0.6,0.0,0.0,0.0,0.0,0.0,0.0,-1.0,0.0,data/Split/Diseased,-1.3320855242693184,-0.6866390112375155,0.21936185197037703,0.23368442502959813,0.21998824388259466,0.20518196930089944,0.23353596825423217,0.022472013246651306,-1.3305368734563014,0.20870137987369894,-1.2410829731613655,-2.523892127009002,-1.145038795264098,-1.0833122898576288,-1.332885837770064,-1.3885218676263587,-1.5842369436876027,0.8520727053046208,-1.1657035451340667,-1.3249604605406522,-0.5678705305689229,-1.9290359721263226,0.3066267927981152,0.2308566868755599,0.09590742348736202,-0.08165078799507808,0.004832180310926316,-0.03320608351648986,-0.00100858849760602,0.0007204719889023182,2
data/Split/Diseased/gpe_pv/pre_processed_data/6-OHDA_mice_PV-DIO-ChR2_in_GPe/Neuron_0104,AG6926,3,051321,1.0,6,6-OHDA mice,104,12,left,raw_data/Spike times files GPe to SNr project/6-OHDA mice/PV-DIO-ChR2 in GPe/AG6926_mouse#3_6-OHDA_recorded_051321/Trajectory6_1.0mm_left_in_SNr_1mW_10s_GPe_stim_neurons_recorded_together/Neuron_recorded_in_Ch12.txt,6.520582450199879,0.9015280463650335,0.529590452808112,41.92813062013552,0.04490596045779764,0.26903553299492383,0.08479374999999961,1.2451483333333337,4.99041338123899,8.401734970044878,5.8,0.796888624680584,0.4,24.878126919841797,0.026140000000000895,0.1975,0.026140000000000895,1.0,4.583575027579997,6.56833373324267,0.08605975723622783,-0.13033181165242547,-0.2,-0.2,-0.2,-0.2,-0.2,0.0,0.18054775575673146,-0.2,data/Split/Diseased,1.016485463035236,0.3334339153922383,-0.34029799816950174,-0.32672406392288916,-0.34792430483754655,-0.3608828777593565,-0.34652695242508436,0.022472013246651306,1.2508218735780021,-0.3598424280622727,-1.0838352638927171,0.3925396774119123,-0.6269231733943506,-0.7388669345388903,-0.12066422197309656,0.602284864429788,0.591808933890479,0.8520727053046208,-1.0690225651919638,0.8276807649735064,-0.1232314922460733,1.8350069105461364,-0.30620262404668114,-0.36330420181568013,-0.0906341011340751,0.028757745893186325,-0.016690494278166337,-0.12160582167947616,-0.00936231329632248,0.007672258992132434,1
data/Split/Diseased/gpe_pv/pre_processed_data/6-OHDA_mice_PV-DIO-ChR2_in_GPe/Neuron_0114,AG6926,3,051321,1.4,1,6-OHDA mice,114,4,right,raw_data/Spike times files GPe to SNr project/6-OHDA mice/PV-DIO-ChR2 in GPe/AG6926_mouse#3_6-OHDA_recorded_051321/Trajectory1_1.4mm_right_in_SNr_1mW_10s_GPe_stim_neurons_recorded_together/Neuron_recorded_in_Ch4.txt,41.97503128709928,0.7850056113271598,2.2215197617127753,207.659937264057,0.047189756622488255,0.20095503382411462,0.021242105263157913,0.4267299242424242,35.20106725148121,5.899251172713207,47.1,0.6087353777322779,1.0,165.41647312290883,0.018442499999994765,0.08623919574577468,0.015289999999995274,0.8667124999999984,44.000125082732175,4.1408565021073995,-0.6650279309919702,0.13494236953662306,-0.4,-0.5830321588376962,-0.2249798216983659,-0.2131692677070828,-0.2249798216983659,0.10005211213452295,-0.6773891621920056,-0.3499046801806731,data/Split/Diseased,-0.6077186765079918,0.909583241828138,-0.8999578483093805,-1.3999964306951012,-0.4188560758740148,-0.39815617531188335,-0.41897629408709774,0.6627392097292627,-0.625123387214127,-0.7859793165489919,1.2355684478198434,-0.4269981562723299,0.15025025941027056,1.2069298993543878,-0.47762963465879926,-0.5192278349286572,-0.3114082723732398,0.17483439979456825,1.3374505219043535,0.03212320441712235,-1.8273725180159086,0.6112753880382956,0.5211217614447904,1.397782346011942,-0.667212703362913,0.13338557059717138,0.12006269923954739,-0.03564089454788094,0.004567942550363692,-0.010004361012010115,2
data/Split/Diseased/gpe_pv/pre_processed_data/6-OHDA_mice_PV-DIO-ChR2_in_GPe/Neuron_0006,AG6927,3,060121,1.7,2,6-OHDA mice,6,5,right,raw_data/Spike times files GPe to SNr project/6-OHDA mice/PV-DIO-ChR2 in GPe/AG6927_mouse#3_6-OHDA_recorded_060121/Trajectory2_1.7mm_right_in_SNr_1mW_10s_GPe_stim_neurons_recorded_together/Neuron_recorded_in_Ch5.txt,42.837893491697656,0.5355165771080268,1.4702553148476574,175.54659473036943,0.05263346952686996,0.2059282371294852,0.03579886363636349,0.628250581395349,35.90623112431826,4.889028707094707,44.3,0.5647716741844788,1.7,149.4476101233935,0.05482499999999675,0.21055146832915836,0.029073749999998687,0.56777333333333,36.43230120535908,4.258933527902687,-0.5645457573106697,0.1577929218799516,-0.16666666666666666,-0.2299747533460405,-0.1109358744269712,0.049477249865555815,-0.04409977570196009,0.08413540031473696,-0.6150475277718777,0.12666392343733326,data/Split/Diseased,-0.39042905107362463,0.9592123850877102,-0.24702135647952192,-0.4107145950697795,-0.09502113206899904,0.345218628691439,0.10563274477932355,0.5608828047352933,-0.48880859390730436,0.568771326669558,1.078320738551195,-0.6184905644591443,1.0569525976823284,0.9858360562516978,1.2095797355299562,0.7338441100647553,0.8360313743395866,-1.3440856390981961,0.8754170749562796,0.07082060985293767,-0.11242110547779081,-0.015908725336171284,0.8870736108049201,1.0877798889199832,-0.08834755995005285,0.586270142979608,-0.26153001092044476,-0.058012502724581624,0.03350884255881818,-0.00014916282876415013,1
data/Split/Diseased/gpe_pv/pre_processed_data/6-OHDA_mice_PV-DIO-ChR2_in_GPe/Neuron_0094,AG6926,3,051321,1.0,3,6-OHDA mice,94,7,right,raw_data/Spike times files GPe to SNr project/6-OHDA mice/PV-DIO-ChR2 in GPe/AG6926_mouse#3_6-OHDA_recorded_051321/Trajectory3_1.0mm_right_in_SNr_1mW_10s_GPe_stim_neurons_recorded_together/Neuron_recorded_in_Ch7.txt,6.377810534183154,0.9813304640144622,0.5480930927813649,37.989068416671365,0.06554362945585186,0.3333333333333333,0.11958484848484911,1.7123757812499993,4.550104021421038,8.349054931013871,4.5,0.5744571484239965,0.2,8.401203035570498,0.018182500000000344,0.08441558441558442,0.018182500000000344,1.0,3.89166702221923,1.5524457483207486,0.18875152625152625,0.27837708009200657,0.1,0.1096221959858408,0.07641627152482348,0.0736842105263158,0.07641627152482348,0.0,0.18731783864024204,0.07798708166038801,data/Split/Diseased,1.238553270757028,1.221109269365356,0.4991917770403164,0.5408504710699904,0.4369770415093589,0.4137321761125726,0.4551671964947961,0.022472013246651306,1.265625182113619,0.4303967417587518,-1.1568431289103038,-0.5763036093828936,-0.8859809843292243,-0.9669950375976123,-0.4896869269350211,-0.5376098992972478,-0.0706197222238359,0.8520727053046208,-1.1112651762605987,-0.8161771291919261,1.868579604872401,1.4426634779934753,0.359978638949349,0.032843324833391,0.08230734288878831,-0.06286142474797597,0.028180844398991635,0.002055888196801981,0.006160705529057316,-0.012200082318991164,1
data/Split/Diseased/gpe_pv/pre_processed_data/6-OHDA_mice_PV-DIO-ChR2_in_GPe/Neuron_0130,AG7518,4,022222,1.4,1,6-OHDA mice,130,8,right,raw_data/Spike times files GPe to SNr project/6-OHDA mice/PV-DIO-ChR2 in GPe/AG7518_mouse#4_6-OHDA_recorded_022222/Trajectory1_1.4mm_right_rec1_1mW_10s_GPe_cont_neurons_recorded_together/Ch8.txt,12.167958818504008,1.043059553416693,0.9990534608876975,66.39585505825546,0.06074757377305343,0.2926315789473684,0.06080512820512816,0.925820394736842,9.163915446515873,7.245358760211959,9.7,0.9231440955997918,0.5,24.95285886083636,0.0327725000000072,0.16240981240981242,0.02658375000000319,0.9724324999999965,7.950331133605495,3.680237005691177,-0.5814154127083189,-0.6292625050941032,-0.3,-0.3,-0.3,-0.3,-0.3,0.015987415365435218,-0.5433347607577208,-0.3,data/Split/Diseased,-0.4269091645929463,-0.7501942827088074,-0.6201279232394411,-0.6069283083991327,-0.6318805791976171,-0.6439153012894844,-0.6365584127647426,0.12478087406577466,-0.3320030962022435,-0.6441143320302584,-0.8648116688399573,0.9424697838869789,-0.4973942679269137,-0.7378322477213309,0.18691266658010744,0.2485745774239222,0.6287492689394552,0.7120013033565721,-0.8634741864365649,-0.11883570807583684,-1.857349083450674,0.04320992217692378,-0.3360349362936083,-0.19787737498245278,-0.032495045072384675,0.0014511009551155239,-0.015362441055076068,-0.04557369632561369,-0.003298564138374252,0.002661359077903245,2
data/Split/Diseased/gpe_pv/pre_processed_data/6-OHDA_mice_PV-DIO-ChR2_in_GPe/Neuron_0046,AG6926,2,051121,1.4,1,6-OHDA mice,46,13,right,raw_data/Spike times files GPe to SNr project/6-OHDA mice/PV-DIO-ChR2 in GPe/AG6926_mouse#2_6-OHDA_recorded_051121/Trajectory1_1.4mm_right_in_SNr_1mW_10s_GPe_stim_neurons_recorded_together/Neuron_recorded_in_Ch13.txt,5.070499118917382,0.882582105142168,0.5670952961947071,28.148658018709426,0.07785301056715382,0.3815789473684211,0.13728382352941204,1.5749218749999996,3.4004377159187515,8.277951361065893,15.6,0.6542231831484384,0.3,20.227767098841053,0.014402499999997076,0.06408333333333333,0.014402499999997076,1.0,14.879830080487192,1.5997920305190765,-0.1035121168140036,-0.13517100812060853,0.1,0.11037088579063825,0.08962911420936177,0.08433962264150943,0.08962911420936177,-0.028006144294924613,-0.12182220999552695,0.09006017099927431,data/Split/Diseased,0.6065420870498145,0.3229236585208856,0.4991917770403164,0.5429483316809938,0.47449573733343103,0.44389044725932814,0.4934885970851443,-0.15674874591023244,0.5896666156657644,0.4647171426901598,-0.5334682814524486,-0.22886722781669352,-0.7564520788617873,-0.803252603366195,-0.664981406954774,-0.7425596832587735,-0.3852889424706599,0.8520727053046208,-0.4404119778109933,-0.8006603233970061,1.3534731909034339,0.29937366379204056,0.16459299134959132,-0.2564776356504395,0.025995794809181884,-0.025793729435399745,-0.002435406321346556,0.016773283995705948,0.0035839023167182514,3.098821638042893e-05,1
data/Split/Diseased/gpe_pv/pre_processed_data/6-OHDA_mice_PV-DIO-ChR2_in_GPe/Neuron_0110,AG6926,3,051321,1.4,1,6-OHDA mice,110,10,right,raw_data/Spike times files GPe to SNr project/6-OHDA mice/PV-DIO-ChR2 in GPe/AG6926_mouse#3_6-OHDA_recorded_051321/Trajectory1_1.4mm_right_in_SNr_1mW_10s_GPe_stim_neurons_recorded_together/Neuron_recorded_in_Ch10.txt,17.34492116934235,0.7348192990838524,0.6027192684327457,69.63990670134461,0.03083076480052518,0.11776061776061776,0.05115277777777802,1.4002558823529412,15.789164556262289,4.410613775871003,21.9,0.6385065793256006,0.5,33.502721399082546,0.02269250000000227,0.09145299145299143,0.019915000000003145,0.9136374999999987,20.4811355312612,2.191585053859378,-0.02980381544993118,0.10971474345443341,0.19999999999999998,0.18804770060595535,0.19345114292905424,0.1930237612286294,0.20001881547445186,-0.12807552090868365,-0.05799226273385748,0.19465565374918686,data/Split/Diseased,0.7659340329844325,0.8547913291373511,0.7790217021102558,0.7606020637674639,0.7693049020509123,0.7515017986952967,0.8136534597288712,-0.7971264236159126,0.7292357198237173,0.7620527129678423,-0.1796609355979903,-0.2973239335007616,-0.4973942679269137,-0.6194567587063683,-0.28053928013905816,-0.4666725964805936,0.07360367038940023,0.4132619153984995,-0.09843910598347405,-0.6067118867384618,2.3378122390211784,0.26773641591544606,-0.16519217452816076,0.1317604408288224,-0.039393427493614006,-0.03809168893881749,-0.03894995386097299,0.006626169153995477,0.027861444011873467,-0.010795650732092526,1
data/Split/Diseased/gpe_pv/pre_processed_data/6-OHDA_mice_PV-DIO-ChR2_in_GPe/Neuron_0017,AG7518,2,020122,1.7,5,6-OHDA mice,17,12,left,raw_data/Spike times files GPe to SNr project/6-OHDA mice/PV-DIO-ChR2 in GPe/AG7518_mouse#2_6-OHDA_recorded_020122/Trajectory5_1.7mm_left_rec21_1mW_10s_GPe_neurons_recorded_together/Ch12.txt,21.577357590067884,0.954607970925948,1.7583411307389427,117.63591745803029,0.0633216319917609,0.30151338766006985,0.036012142857142854,0.5260543478260871,16.090363481311044,7.310954634099124,22.3,0.8693009776613627,1.5,124.36929316080011,0.03878999999999806,0.21543049932523614,0.026312916666666554,0.7559050000000056,17.97697797086745,6.910018574827612,-0.6525319779188143,-0.3686783120559221,-0.82,-0.7969338212146131,-0.8095461658841765,-0.8052631578947368,-0.7893426930440157,0.14793848026387144,-0.6067109822598244,-0.7841059320914183,data/Split/Diseased,-0.5806965604128185,-0.18423114741296795,-2.0752435336031256,-1.9993579676804667,-2.07876888798691,-2.0739738622838146,-2.0558061714657128,0.969180223495058,-0.4705800939820353,-2.0202914824084974,-0.15719697713104044,0.70794567681064,0.7978947867474548,0.6386190079261256,0.4659694214786127,0.7830249088136274,0.606203524543208,-0.3881822637170095,-0.251323814729024,0.939661201108548,-4.9168530428159585,1.7894115317183064,-0.3635023159095143,0.6715810716432655,0.04889285898974502,-0.04434377061845439,-0.0619310089252083,-0.006056455174636667,-0.005793586723546635,0.01392521875698282,2
data/Split/Diseased/gpe_pv/pre_processed_data/6-OHDA_mice_PV-DIO-ChR2_in_GPe/Neuron_0073,AG6926,1,050621,1.7,2,6-OHDA mice,73,3,right,raw_data/Spike times files GPe to SNr project/6-OHDA mice/PV-DIO-ChR2 in GPe/AG6926_mouse#1_6-OHDA_recorded_050621/Trajectory2_1.7mm_right_in_SNr_1mW_10s_GPe_stim_neurons_recorded_together/Neuron_recorded_in_Ch3.txt,4.300409327571228,0.6104168956050254,0.06641558807059811,17.840572598653694,0.012877982526888957,0.05019305019305019,0.19389999999999974,13.903791666666669,4.137845771891159,4.311560551591039,4.2,0.23506790701571462,0.0,0.0,0.0,0.0,0.0,1.0,4.2,0.0,-1.0,-0.7,0.0,0.0,0.0,0.0,0.0,0.0,-1.0,0.0,data/Split/Diseased,-1.3320855242693184,-0.9038291365084347,0.21936185197037703,0.23368442502959813,0.21998824388259466,0.20518196930089944,0.23353596825423217,0.022472013246651306,-1.3305368734563014,0.20870137987369894,-1.1736910977605162,-2.054579048104924,-1.145038795264098,-1.0833122898576288,-1.332885837770064,-1.3885218676263587,-1.5842369436876027,0.8520727053046208,-1.092440722779625,-1.3249604605406522,-0.630220505783408,-2.0171523617548486,0.2681201054094638,0.04864332040011081,0.07584004159146054,-0.06098338895415456,0.0028050996643411274,-0.032216524239824754,-0.001313687745837542,0.0009062688859774704,2
data/Split/Diseased/gpe_pv/pre_processed_data/6-OHDA_mice_PV-DIO-ChR2_in_GPe/Neuron_0040,AG6926,2,051121,1.4,4,6-OHDA mice,40,1,left,raw_data/Spike times files GPe to SNr project/6-OHDA mice/PV-DIO-ChR2 in GPe/AG6926_mouse#2_6-OHDA_recorded_051121/Trajectory4_1.4mm_left_in_SNr_1mW_10s_GPe_stim_neurons_recorded_together/Neuron_recorded_in_Ch1.txt,16.31084625270854,1.0194415763675417,1.6896363810498078,133.621301865768,0.05746980297752428,0.3630769230769231,0.03401311881188131,0.5400294999999999,11.0221979256614,12.12292709375838,27.8,0.9456289282428466,1.9,162.8235500001801,0.04561999999999813,0.2619848022070453,0.024441249999997673,0.525860000000003,21.843819134481336,9.054892228017781,-0.31553659530639544,0.12709677374924327,-0.3833333333333333,-0.1610843142201548,-0.3626198629903502,-0.12834124560103524,-0.19930132953934657,0.33539239220315076,-0.3640705123773101,0.08189426992496263,data/Split/Diseased,0.1480456410966105,0.8925433825092779,-0.8533195274643905,-0.21768066060072488,-0.8096936091543963,-0.1580653685124643,-0.34450058828508934,2.1687610030161295,0.0599720130898692,0.44150378023007175,0.15168245178951847,1.0404068183730466,1.3160104086172022,1.1710300774264695,0.7827052147415462,1.2522938687290022,0.45039508788655197,-1.5570487064896623,-0.015244067026784295,1.642601038956421,-1.0027960088661336,1.2224245014651869,2.013084236760742,0.42030405551843925,0.5019513321726612,0.6242069332511252,-0.6251203093975225,0.020203289448750026,-0.16672085115795196,0.02435103368724868,1
data/Split/Diseased/gpe_pv/pre_processed_data/6-OHDA_mice_PV-DIO-ChR2_in_GPe/Neuron_0054,AG7518,1,012722,1.7,2,6-OHDA mice,54,13,right,raw_data/Spike times files GPe to SNr project/6-OHDA mice/PV-DIO-ChR2 in GPe/AG7518_mouse#1_6-OHDA_recorded_012722/Trajectory2_1.7mm_right_rec7_1mW_10s_GPe_cont_neurons_recorded_together/Ch13.txt,24.45368685414493,0.9199371809711178,1.680273346215429,135.1719166169301,0.052128441399651226,0.25083388925950634,0.031023786407766898,0.5500465686274512,19.3273796513499,6.99380459510398,11.9,0.9160916877215974,0.5,28.10574707234813,0.024860000000003168,0.12080213903743316,0.021858750000003015,0.9172224999999997,10.46796333936619,2.6949950846502055,-0.19644837428018208,-0.1427231385354948,-0.2333333333333333,-0.22854108790832908,-0.2068203701837367,-0.19523809523809524,-0.17277477078764197,0.0706157094414472,-0.1690675274008329,-0.18750292399994953,data/Split/Diseased,0.40557027449580424,0.30652117701217096,-0.43357463985948147,-0.4066974036617232,-0.3672911739088503,-0.3474051433055408,-0.2675652225596631,0.474365744894375,0.48636108419031465,-0.32431675217660294,-0.7412598972717337,0.9117516582713149,-0.4973942679269137,-0.6941795360926156,-0.18002319933412603,-0.1708321884238039,0.23541274363125053,0.4314774219182724,-0.7097668188995087,-0.4417292245248744,-0.6349813870776926,1.1396141883649271,0.23640357933001221,0.0034889055288427023,-0.08953991562819555,0.03899781716502539,-0.07468577254895913,-0.03377296399726723,-0.0018807775103029684,0.0011787786943060305,1
data/Split/Diseased/gpe_pv/pre_processed_data/6-OHDA_mice_PV-DIO-ChR2_in_GPe/Neuron_0103,AG6926,3,051321,1.0,6,6-OHDA mice,103,10,left,raw_data/Spike times files GPe to SNr project/6-OHDA mice/PV-DIO-ChR2 in GPe/AG6926_mouse#3_6-OHDA_recorded_051321/Trajectory6_1.0mm_left_in_SNr_1mW_10s_GPe_stim_neurons_recorded_together/Neuron_recorded_in_Ch10.txt,38.16361200548457,0.7420447429119831,0.860584485813182,150.80737974492442,0.023205164168903038,0.08673026886383348,0.026964423076923184,1.1269369999999999,35.68167070189201,4.226466327904537,37.2,0.6147325268676683,0.4,66.07222380753255,0.010330000000005057,0.04089600186424315,0.010330000000005057,1.0,36.11769369548612,2.0106478652649113,0.08591918684233704,-0.03460334435612842,0.03333333333333333,0.03224713665166808,0.04782427438416046,0.04778635924098005,0.015402331790008389,-0.09779459031794634,0.07744485099370729,0.0055077523764567315,data/Split/Diseased,1.0161814838604566,0.5413466934329968,0.3126384936603568,0.32404227064962654,0.3557882716635943,0.34043285997745854,0.27820757607115293,-0.6033485400451154,1.0253794179408915,0.2243583724200945,0.6795854757628375,-0.4008764140732728,-0.6269231733943506,-0.16852193287405398,-0.8538403407850459,-0.9762887748389358,-0.7243075666641972,0.8520727053046208,0.8562095465336161,-0.6660104649190796,1.3822222436052714,0.9821533262616238,-0.40363639612215657,-0.19966341146999342,-0.10293254383261388,-0.0023890981020969334,0.043096515173189485,0.008097610071021612,-0.0596147394200406,-0.002294728388550873,1
data/Split/Diseased/gpe_pv/pre_processed_data/6-OHDA_mice_PV-DIO-ChR2_in_GPe/Neuron_0093,AG6926,3,051321,1.0,3,6-OHDA mice,93,14,right,raw_data/Spike times files GPe to SNr project/6-OHDA mice/PV-DIO-ChR2 in GPe/AG6926_mouse#3_6-OHDA_recorded_051321/Trajectory3_1.0mm_right_in_SNr_1mW_10s_GPe_stim_neurons_recorded_together/Neuron_recorded_in_Ch14.txt,7.663127584439539,0.8768718383095492,0.49760568730126875,46.8129686124789,0.0428231161063351,0.23376623376623376,0.0860583333333335,1.806844642857143,6.134443078346717,7.631168471954488,13.0,0.7116145549892002,0.6,36.140538324982344,0.027965000000003216,0.1324561403508772,0.02341375000000312,0.9435524999999985,11.346671245473079,3.3827541282980933,-0.09741161816801416,0.005986521485032204,-0.1,-0.12634788824005883,-0.0879669033051449,-0.07219132369299222,-0.0879669033051449,0.03932185089079062,-0.08916160182494273,-0.07635567089828688,data/Split/Diseased,0.6197342286724095,0.6295038739007116,-0.06046807309956236,-0.12034772062514738,-0.02979929741262056,0.0008571162741441013,-0.021595726017254673,0.27410579381595374,0.6610815551914896,-0.008356339576390388,-0.6794840114876219,0.021111984944206495,-0.3678653624594769,-0.5829353681999677,-0.03603130503230835,-0.05335945794180111,0.3648600022247482,0.5652610444190967,-0.6561196345440481,-0.21632982633599174,0.26929266609786523,1.107390728991346,0.27617571101860433,0.08607115784217823,-0.060144977591867876,0.0747886501501579,0.015207147296700155,-0.025532473995599072,0.00758980622771807,-0.0009096127279722714,1
data/Split/Diseased/gpe_pv/pre_processed_data/6-OHDA_mice_PV-DIO-ChR2_in_GPe/Neuron_0030,AG6926,2,051121,1.0,3,6-OHDA mice,30,10,right,raw_data/Spike times files GPe to SNr project/6-OHDA mice/PV-DIO-ChR2 in GPe/AG6926_mouse#2_6-OHDA_recorded_051121/Trajectory3_1.0mm_right_in_SNr_1mW_10s_GPe_stim_neurons_recorded_together/Neuron_recorded_in_Ch10.txt,10.481168374453532,0.8175587392360055,0.6519387027172052,55.86279414401464,0.04021458813145586,0.20095693779904306,0.0616846153846153,1.5366437500000003,8.725809717260251,6.402018374697559,9.5,0.6806742208512812,0.3,18.73447066287645,0.015022499999998473,0.07932692307692309,0.015022499999998473,1.0,8.736943571944071,2.0568578092991396,0.07610693827492858,-0.03786355039423326,0.2,0.20596157740477655,0.1940384225952235,0.18700653594771238,0.1940384225952235,-0.024637771476646593,0.03073135228201887,0.1885154023663103,data/Split/Diseased,0.9949627966270028,0.5342658478547468,0.7790217021102558,0.810797506908006,0.7709725195110407,0.7344711001534496,0.7963084389271963,-0.1351933926542471,0.9232367490687645,0.7445977034533185,-0.8760436480734322,-0.11365462059741047,-0.7564520788617873,-0.8239277539970812,-0.6362294022954096,-0.5889037790448974,-0.3336765306840721,0.8520727053046208,-0.8154496469934037,-0.6508660714402066,2.1940621646221707,0.47471447157032914,0.3532383801629625,-0.4108822386831845,-0.003972452818675456,-0.0025691122674365557,0.010742792815919616,0.052858903033910845,0.006514772960864223,-0.0015166576452926282,1
data/Split/Diseased/gpe_pv/pre_processed_data/6-OHDA_mice_PV-DIO-ChR2_in_GPe/Neuron_0003,AG6927,3,060121,1.0,3,6-OHDA mice,3,5,right,raw_data/Spike times files GPe to SNr project/6-OHDA mice/PV-DIO-ChR2 in GPe/AG6927_mouse#3_6-OHDA_recorded_060121/Trajectory3_1.0mm_right_in_SNr_1mW_10s_GPe_stim_neurons_recorded_together/Neuron_recorded_in_Ch5.txt,26.820821606309696,0.9626507923047944,2.2836569121314416,178.7087691163636,0.053930744460006175,0.3079710144927536,0.023615957446808482,0.4097989130434782,19.618844876310114,9.109036247702619,32.7,0.7975282219440435,2.4,193.27183121903485,0.05554249999999108,0.2669158049693307,0.022897708333330158,0.46645166666666993,25.061647389806875,8.143743831856574,-0.045283968667797846,-0.008058869129833581,-0.17,-0.08558844589927703,-0.1860612830556863,-0.16194683007739172,-0.1240371469381872,0.0797287272866414,-0.030708677215330375,-0.057870323143924915,data/Split/Diseased,0.7324586754046349,0.5989986724294948,-0.25634902064851994,-0.006138033161429591,-0.30834444350887746,-0.2531800686973605,-0.12621078037423986,0.5326830183907455,0.7888933844842744,0.044192310440037665,0.4268659430096529,0.3953255669154296,1.9636549359543864,1.5925959403656393,1.242853224792673,1.3019985446527758,0.32190168770974503,-1.858904461904404,0.18121191617073126,1.343990207078147,0.030516871577795895,1.3959806301117905,0.41165060038793655,-0.06276513744379127,0.1878487741327513,0.0615587520109149,-0.22922237304546847,-0.011224140340060052,0.01727449950684387,0.038493795176262134,1
data/Split/Diseased/gpe_pv/pre_processed_data/6-OHDA_mice_PV-DIO-ChR2_in_GPe/Neuron_0106,AG6926,3,051321,1.0,6,6-OHDA mice,106,7,left,raw_data/Spike times files GPe to SNr project/6-OHDA mice/PV-DIO-ChR2 in GPe/AG6926_mouse#3_6-OHDA_recorded_051321/Trajectory6_1.0mm_left_in_SNr_1mW_10s_GPe_stim_neurons_recorded_together/Neuron_recorded_in_Ch7.txt,16.474095604502256,0.7346443548343026,0.6304286334049202,69.54517811735701,0.03593194357000117,0.13997985901309165,0.05699605263157887,1.3903472972972974,14.696113961996607,4.732215488883473,17.7,0.5807520659381991,0.1,7.848266841070282,0.003822500000001128,0.023076923076923078,0.003822500000001128,1.0,17.43974422292117,0.7548266841070281,0.009298652079131836,0.011231356325808125,0.0,0.0,0.0,0.0,0.0,0.0,0.013514778883448425,0.0,data/Split/Diseased,0.85049192232606,0.6408951372616457,0.21936185197037703,0.23368442502959813,0.21998824388259466,0.20518196930089944,0.23353596825423217,0.022472013246651306,0.8855913830768818,0.20870137987369894,-0.41553249950096255,-0.5488848794567079,-1.0155098897966612,-0.9746506100849172,-1.1556204542052164,-1.1559056964026608,-1.2660297758588197,0.8520727053046208,-0.2841231985945233,-1.077580972177662,0.9946120353612284,1.0445132014599028,0.17002386401770525,-0.10871089914388195,-0.01611199555318025,0.0008627331659515291,0.004030320314912612,-0.00987416528486971,-0.0005012171952117372,0.0014968710672841857,1
data/Split/Diseased/gpe_pv/pre_processed_data/6-OHDA_mice_PV-DIO-ChR2_in_GPe/Neuron_0057,AG7518,1,012722,1.4,1,6-OHDA mice,57,13,right,raw_data/Spike times files GPe to SNr project/6-OHDA mice/PV-DIO-ChR2 in GPe/AG7518_mouse#1_6-OHDA_recorded_012722/Trajectory1_1.4mm_right_rec1_1mW_10s_GPe_cont_neurons_recorded_together/Ch13.txt,39.564239665667074,0.5421746532080064,1.0570598383956853,181.59712850327185,0.03260840840765234,0.13231552162849872,0.030848214285714028,0.8750701219512198,35.48643274846193,5.117367806183413,46.6,0.5270703963771982,1.6,167.76088358030952,0.04333499999999475,0.1673837204885048,0.024879791666665575,0.5908512500000029,39.79548253508647,3.951269240598125,-0.7124315347062925,-0.014679919963489904,-0.8,-0.8,-0.8,-0.8,-0.8,0.35691370401724665,-0.6725669196286332,-0.8,data/Split/Diseased,-0.7102275188026835,0.5846184038296253,-2.0192775485891383,-2.007949530780351,-2.0516619509979703,-2.059077418940124,-2.086715714463034,2.3064831328729434,-0.6145791818140639,-2.0654738518701876,1.2074884997361564,-0.7827057669201227,0.9274236922148918,1.239388986632711,0.6767401653115513,0.298711740399564,0.486901850927825,-1.2268259622489823,1.0807472052109408,-0.030010263754830575,-5.0992722295425486,2.1536127397998026,1.0348740525470084,1.1486336163971698,0.23283057858155598,-0.11374823645470493,0.12801710203855854,0.01138533424527751,-0.005276015755721293,4.927143604280249e-05,2
data/Split/Diseased/gpe_pv/pre_processed_data/6-OHDA_mice_PV-DIO-ChR2_in_GPe/Neuron_0044,AG6926,2,051121,1.7,5,6-OHDA mice,44,3,left,raw_data/Spike times files GPe to SNr project/6-OHDA mice/PV-DIO-ChR2 in GPe/AG6926_mouse#2_6-OHDA_recorded_051121/Trajectory5_1.7mm_left_in_SNr_1mW_10s_GPe_stim_neurons_recorded_together/Neuron_recorded_in_Ch3.txt,14.469898277281926,1.0284600527257246,1.2336088393074454,109.36626910442024,0.04892175919288634,0.3064516129032258,0.03965743243243238,0.7801194444444445,10.55178657346506,10.364715808358685,18.2,0.9555049093106799,1.6,106.00063641637321,0.053832500000016735,0.31428424001179417,0.03051541666667591,0.5839537499999949,12.684688242739565,8.864739939340732,-0.04896012792239207,-0.02358293225198424,-0.35333333333333333,-0.29083890740061963,-0.3056073915916072,-0.3038006796502961,-0.15381154536009878,0.3017304720183721,0.01625422210820599,-0.2781641009878345,data/Split/Diseased,0.7245090935215698,0.5652819402873591,-0.7693705499434088,-0.58125853809527,-0.6478031194499247,-0.6546724570143339,-0.21256590292465818,1.9533470271876978,0.8915813870354247,-0.582041006159849,-0.38745255141727536,1.083423562761531,0.9274236922148918,0.38429927881436904,1.1635533409754717,1.779473984498348,0.9560441060482551,-1.2618723935516996,-0.5744305498957496,1.5802823943265891,-1.1857004253060142,2.11218639735709,1.4833893657829964,-0.243522685279389,-0.12047426668085157,-0.09274149111440767,-0.21698654302545167,-0.0370248412510284,0.012455503686569726,-0.04455252525358309,1
data/Split/Diseased/gpe_pv/pre_processed_data/6-OHDA_mice_PV-DIO-ChR2_in_GPe/Neuron_0120,AG7518,4,022222,1.4,4,6-OHDA mice,120,13,left,raw_data/Spike times files GPe to SNr project/6-OHDA mice/PV-DIO-ChR2 in GPe/AG7518_mouse#4_6-OHDA_recorded_022222/Trajectory4_1.4mm_left_rec19_1mW_10s_GPe_cont_neurons_recorded_together/Ch13.txt,29.04458950543646,0.7837488702114047,1.0279912820202022,118.67027180329923,0.03606600010893598,0.13312202852614896,0.0350839552238802,0.8489071969696973,26.120164695517417,4.543243627543616,32.1,0.5889700595772992,0.3,27.628410401939185,0.016774999999995543,0.05587301587301587,0.016774999999995543,1.0,31.13969608319153,1.1558503004547949,-0.7375739658625121,-0.3273306775959597,0.2,0.21388101983001578,0.17238095238096415,0.2337579617834395,0.17238095238096415,-0.05158261726336549,-0.8072505686948261,0.2612705579592749,data/Split/Diseased,-0.764597256720296,-0.09442816833281382,0.7790217021102558,0.8329881207223787,0.7094747739699879,0.8667927937311984,0.7334949617921533,-0.3076225448576822,-0.9090753713194695,0.9514201694923096,0.39317000530922824,-0.5130898197728886,-0.7564520788617873,-0.7007884098062769,-0.5549586149319603,-0.825319963118612,-0.187788221562072,0.8520727053046208,0.5522910842416376,-0.9461534284482723,1.1743535431671404,-1.839810895376105,0.40666532158024943,0.2849253431948307,0.2129871481128618,0.0994652935479288,-0.05165654439582481,0.02884613296140013,-0.020825724459464935,-0.020894500440092265,1
data/Split/Diseased/gpe_pv/pre_processed_data/6-OHDA_mice_PV-DIO-ChR2_in_GPe/Neuron_0121,AG7518,4,022222,1.4,4,6-OHDA mice,121,14,left,raw_data/Spike times files GPe to SNr project/6-OHDA mice/PV-DIO-ChR2 in GPe/AG7518_mouse#4_6-OHDA_recorded_022222/Trajectory4_1.4mm_left_rec19_1mW_10s_GPe_cont_neurons_recorded_together/Ch14.txt,8.121739252582898,0.9752744412283251,0.740661755738692,51.40226648056141,0.06563540158871918,0.330188679245283,0.08861724137930996,1.281521428571429,5.8221735978094395,8.82870728895841,14.7,0.7869047001073861,0.9,65.81665837569498,0.03451249999999817,0.20699646971386101,0.023891249999999788,0.7942750000000046,12.00839033000731,6.141698069747311,0.06794338027608704,-0.11817528329454337,-0.06666666666666667,0.03119059261086572,-0.04957012719935831,-0.06672059647669401,0.01445808230522887,0.09036033002706322,0.1171196031505795,-0.07439749085581542,data/Split/Diseased,0.977309352291631,0.35983669456131734,0.03280856859041745,0.3210817894025375,0.07923075749174881,0.01634104809915523,0.27546895550119715,0.6007182285977467,1.1121313244327322,-0.002789783886535654,-0.5840121880030856,0.34905276422229586,0.020721353942833736,-0.17206031525549725,0.26760377642998145,0.6980096028455945,0.40460988388260005,-0.19322299309958665,-0.6157201280950687,0.6878593803098952,0.656597797362027,1.3299503840207865,0.5695904840920025,-0.5726091852274848,0.004760148875618463,-0.1850979890433216,-0.10841336637666461,-0.01828472026855669,-0.07972698263389463,-0.022486974119991624,1
data/Split/Diseased/gpe_pv/pre_processed_data/6-OHDA_mice_PV-DIO-ChR2_in_GPe/Neuron_0024,AG7518,2,020122,1.4,1,6-OHDA mice,24,16,right,raw_data/Spike times files GPe to SNr project/6-OHDA mice/PV-DIO-ChR2 in GPe/AG7518_mouse#2_6-OHDA_recorded_020122/Trajectory1_1.4mm_right_rec1_1mW_10s_GPe_neurons_recorded_together/Ch16.txt,32.56609530462654,0.9612831665561803,2.5169379651840704,182.09150859615872,0.0686507671524189,0.35331230283911674,0.02727551020408176,0.3402247422680411,22.612455602373768,8.052708286005146,20.2,0.6917367126659528,0.9,122.00937968754326,0.03178999999999519,0.1664257362864174,0.02841749999999621,0.9069950000000006,17.722382796685558,7.186502367508732,0.0814018621428562,0.039584424645193614,0.16666666666666666,0.06767486005473729,0.21442199938534948,0.1559686106892987,0.17019837843935734,-0.1059201828292565,0.06217365426648898,0.03174507538270832,data/Split/Diseased,1.0064129074458097,0.7024752018626683,0.6857450604202759,0.4233122553463299,0.8288529647456065,0.6466237080810918,0.7271648107163183,-0.6553469459356546,0.9919877681264221,0.29894371008019627,-0.27513275908252666,-0.06546979932012183,0.020721353942833736,0.6059452766023606,0.1413500140347732,0.2890552269883284,0.7814013013799095,0.3795111477394978,-0.26686744891101233,1.0302732854640826,2.0407604677594255,0.687692777103937,-0.2054835974184322,-0.12071744438859643,-0.3827996530375486,-0.15298169659774158,0.2197027450799653,0.021118797446424337,0.006994688409733947,-0.03282088201370287,1
data/Split/Diseased/gpe_pv/pre_processed_data/6-OHDA_mice_PV-DIO-ChR2_in_GPe/Neuron_0005,AG6927,3,060121,1.7,2,6-OHDA mice,5,10,right,raw_data/Spike times files GPe to SNr project/6-OHDA mice/PV-DIO-ChR2 in GPe/AG6927_mouse#3_6-OHDA_recorded_060121/Trajectory2_1.7mm_right_in_SNr_1mW_10s_GPe_stim_neurons_recorded_together/Neuron_recorded_in_Ch10.txt,29.904610294087007,4.071454686243205,2.7504240237036544,146.1858420567243,0.12439292724294995,0.5596432552954292,0.04522681818181818,0.315959756097561,15.039504876654645,9.72012331892947,27.9,1.0486940998801102,2.0,138.14277525067624,0.06997749999999811,0.3365490746575939,0.042743958333333804,0.5520591666666663,19.625500840200708,7.42214079410631,-0.7666119027476971,-0.5773328725800626,-0.6666666666666666,-0.5957551985190251,-0.680557256772832,-0.5642124185454274,-0.6185599677259194,0.33401908619987164,-0.7977544267957846,-0.4649826136414452,data/Split/Diseased,-0.8273909065589324,-0.6374082487988346,-1.6461709818292185,-1.4356469279085817,-1.7124967873366381,-1.3917221127661727,-1.5604825392177704,2.1599727549134804,-0.888311324431373,-1.1131135490449404,0.1572984414062558,1.4893270940624905,1.445539314084639,0.829317123894007,1.9122648171429848,2.003904276655184,1.9740191512862735,-1.423929852590337,-0.15067761629302615,1.1074991104616838,-4.3367630209331365,0.7926822154513198,1.1046562699309093,0.12409663141678842,0.29988931143156117,0.35527989940623234,-0.1862974381324975,0.05313166682002993,-0.04249438756253224,-0.0036565450057068206,2
data/Split/Diseased/gpe_pv/pre_processed_data/6-OHDA_mice_PV-DIO-ChR2_in_GPe/Neuron_0009,AG6927,3,060121,1.4,4,6-OHDA mice,9,7,left,raw_data/Spike times files GPe to SNr project/6-OHDA mice/PV-DIO-ChR2 in GPe/AG6927_mouse#3_6-OHDA_recorded_060121/Trajectory4_1.4mm_left_in_SNr_1mW_10s_GPe_stim_neurons_recorded_together/Neuron_recorded_in_Ch7.txt,17.639833468012853,0.944708871883434,1.5613411920840001,97.27758521072877,0.058949765508146186,0.2975517890772128,0.03775585106382993,0.5993722826086956,13.167277374169547,7.387828360140702,14.5,0.8601619285172418,0.7,49.701298980460265,0.026835000000003006,0.15416666666666665,0.023388750000004066,0.9746350000000007,12.59435061867571,4.592408263611328,0.10086491408494544,0.004303211125084927,0.15,0.23709792024287218,0.05418823034584186,0.11226551226551226,0.0042115605245268695,-0.17224204774547877,0.015475548120293637,0.1799740260118531,data/Split/Diseased,1.048501161624304,0.6258478900212437,0.6391067395752861,0.8980428611150248,0.37385912391430043,0.5229297694544919,0.245750818746606,-1.0797629188669846,0.8898787562862795,0.7203169702654318,-0.5952441672365604,0.668138781851424,-0.23833645699204006,-0.3951824462288564,-0.08843415223394499,0.16548338735417753,0.36277885658827574,0.7231922805141354,-0.57994587431551,0.18011034647529858,2.038185253914827,0.608959222481946,-0.6989853503175072,-0.12427679965577156,0.42255055087137344,0.10722889417731367,-0.060123373473760705,0.10221122336314326,-0.06255250735348888,0.007189749165117274,1
data/Split/Diseased/gpe_pv/pre_processed_data/6-OHDA_mice_PV-DIO-ChR2_in_GPe/Neuron_0102,AG6926,3,051321,1.4,4,6-OHDA mice,102,5,left,raw_data/Spike times files GPe to SNr project/6-OHDA mice/PV-DIO-ChR2 in GPe/AG6926_mouse#3_6-OHDA_recorded_051321/Trajectory4_1.4mm_left_in_SNr_1mW_10s_GPe_stim_neurons_recorded_together/Neuron_recorded_in_Ch5.txt,6.614124812523629,0.9222335536612641,0.49855212154700723,39.313302016803405,0.055722339705106046,0.2889447236180904,0.11176833333333258,1.8218974137931043,4.980535433957746,7.893388680414101,6.6,0.5361308926441761,0.2,15.735483914619232,0.008722499999998945,0.08035714285714286,0.008722499999998945,1.0,6.042978131421047,3.544956463208372,0.11567099567099567,0.07360757990789005,0.1,0.08071733561057988,0.11928266438942012,0.08888888888888888,0.11928266438942012,0.0,0.12641973079385782,0.06383911514823629,data/Split/Diseased,1.0805188599295532,0.776370135398838,0.4991917770403164,0.4598578254385774,0.5586988536402187,0.45676634577212427,0.5794932217149208,0.022472013246651306,1.1324667710281333,0.3901780479819051,-1.0389073469588177,-0.7432410242001455,-0.8859809843292243,-0.8654496523067073,-0.9283868689947232,-0.5785191285438396,-0.8581252310949526,0.8520727053046208,-0.9799225732417737,-0.16317122520776545,1.7200544578046693,1.0675640359449898,0.3409668874104812,-0.23979018517024206,-0.123098242465511,-0.07210548791527932,0.04996285070166132,-0.015091470645576636,0.013603197622960637,0.003636986471589454,1
data/Split/Diseased/gpe_pv/pre_processed_data/6-OHDA_mice_PV-DIO-ChR2_in_GPe/Neuron_0029,AG7518,2,020122,1.1,3,6-OHDA mice,29,8,right,raw_data/Spike times files GPe to SNr project/6-OHDA mice/PV-DIO-ChR2 in GPe/AG7518_mouse#2_6-OHDA_recorded_020122/Trajectory3_1.1mm_right_rec11_1mW_10s_GPe_neurons_recorded_together/Ch8.txt,21.153943826502108,0.8600509691998409,1.650667885621413,137.50490205830627,0.05081009700848127,0.27611044417767105,0.030781538461538083,0.5534976562500004,16.132829639459338,8.523297222576664,16.8,0.8923481540474418,1.1,127.14996275067077,0.033857499999999874,0.22176901701669505,0.026466249999998227,0.7741274999999959,13.59806157819248,10.767156716739574,-0.9302294197031038,-0.9265658001906983,-0.8,-0.8,-0.8,-0.8,-0.8,0.1827548528110814,-0.8941821995647835,-0.8,data/Split/Diseased,-1.1812087796326491,-1.3959076817636729,-2.0192775485891383,-2.007949530780351,-2.0516619509979703,-2.059077418940124,-2.086715714463034,1.1919819291954268,-1.0991580889781722,-2.0654738518701876,-0.4660764060515994,0.808332108160269,0.27977916487770754,0.6771182377111106,0.23722867473354223,0.8469173832005306,0.6189678844472509,-0.2955931235339451,-0.5186669595469404,2.2037617955653572,-5.645625782250643,0.6490257301450862,-0.2720863770251711,0.0167049330285823,0.018849791597026155,0.004222487190649286,0.028966952915155497,0.006559824284732667,-0.0030301398500005086,0.0002957967228016388,2
data/Split/Diseased/gpe_pv/pre_processed_data/6-OHDA_mice_PV-DIO-ChR2_in_GPe/Neuron_0063,AG7518,1,012722,1.7,5,6-OHDA mice,63,11,left,raw_data/Spike times files GPe to SNr project/6-OHDA mice/PV-DIO-ChR2 in GPe/AG7518_mouse#1_6-OHDA_recorded_012722/Trajectory5_1.7mm_left_rec25_1mW_10s_GPe_cont_neurons_recorded_together/Ch11.txt,3.75861989613936,1.0433808621547946,0.3835326424632,28.16650888447394,0.05337559863053284,0.36054421768707484,0.1391683333333335,2.564223214285714,2.5389914126718627,11.09358178365535,12.0,0.5956200497005053,0.7,53.9720866624114,0.021392500000000324,0.12754159239453358,0.01527875000000023,0.8397799999999961,10.176352834695596,4.041341102006593,-0.19414614121510673,0.0013833141245950282,-0.3,-0.3364376596512864,-0.2542336330954783,-0.24025974025974026,-0.2542336330954783,0.09608852751893249,-0.17900437264608088,-0.26440870513769,data/Split/Diseased,0.41054878304160347,0.6195061620680979,-0.6201279232394411,-0.7090281773298449,-0.5019241088255769,-0.47483099632343384,-0.5038215504871523,0.6373748955163491,0.46463340543554454,-0.5429382804783098,-0.7356439076549963,-0.48412450246910976,-0.23833645699204006,-0.33605207096626794,-0.340825741521551,-0.1028982688607967,-0.31234478790927533,0.03798945437094735,-0.7275703260664844,-0.0004909960073094609,-1.0048469658024903,1.4978870315867812,0.313681588326954,0.32350857419452156,-0.14545549079327208,0.08191774409272246,0.027255619395652027,-0.02169634226167481,-0.01294934237270986,0.007241259247225832,1
data/Split/Diseased/gpe_pv/pre_processed_data/6-OHDA_mice_PV-DIO-ChR2_in_GPe/Neuron_0023,AG7518,2,020122,1.7,2,6-OHDA mice,23,4,right,raw_data/Spike times files GPe to SNr project/6-OHDA mice/PV-DIO-ChR2 in GPe/AG7518_mouse#2_6-OHDA_recorded_020122/Trajectory2_1.7mm_right_rec6_1mW_10s_GPe_neurons_recorded_together/Ch4.txt,45.84075204442711,0.456828648488236,0.3073123042084499,206.76808539199132,0.006185300356162183,0.025139664804469275,0.020127083333333424,2.4742386363636366,44.96646197692667,4.59827338646498,35.6,0.5177087163009921,0.3,45.726846041915095,0.007290000000001839,0.029569892473118274,0.007290000000001839,1.0,34.82467941097752,1.426210834310425,-0.5496040606372762,0.04074929830919878,-0.06666666666666668,-0.1472981987992058,-0.03029001074113443,-0.03058823529411765,-0.05261194029850123,-0.041633028822321845,-0.5668937873913824,-0.07764910615632273,data/Split/Diseased,-0.35811808929235295,0.705005192432769,0.032808568590417406,-0.17905138004283186,0.13397785787880415,0.1186073456328603,0.0809447894934599,-0.2439517740823723,-0.38351672551191474,-0.012033212611002134,0.5897296418950384,-0.8234823739345463,-0.7564520788617873,-0.45020997539235424,-0.9948179120178904,-1.0904563435673194,-0.9773748760690993,0.8520727053046208,0.7772679833438583,-0.8575481208366678,0.02066031603988891,-0.14135141990955719,0.03281929391238885,0.9121288468709259,-0.13586132741025872,-0.02998232654154452,0.08547611267292864,-0.017708591029337008,0.025416122719795455,-0.006595140041175827,1
data/Split/Diseased/gpe_pv/pre_processed_data/6-OHDA_mice_PV-DIO-ChR2_in_GPe/Neuron_0133,AG7518,4,022222,1.7,5,6-OHDA mice,133,15,left,raw_data/Spike times files GPe to SNr project/6-OHDA mice/PV-DIO-ChR2 in GPe/AG7518_mouse#4_6-OHDA_recorded_022222/Trajectory5_1.7mm_left_rec25_1mW_10s_GPe_cont_neurons_recorded_together/Ch15.txt,44.47914205590196,0.734388011145261,1.6178902710865033,157.93241303679977,0.06132060935397426,0.1997690531177829,0.037901587301587554,0.568963709677419,37.918789225154455,4.1650172978632725,47.9,0.7498489472072849,1.7,134.1200695992765,0.04765500000000102,0.18674866384852704,0.021804999999999807,0.6050462499999991,41.86386757040279,3.942689351298457,0.22432959781457704,-0.10018572058617078,-0.016666666666666673,0.2398746633370012,-0.14941219816777915,-0.1811609677567308,-0.08116913688143108,0.17946963880529698,0.27437820662264156,0.0028301106200113134,data/Split/Diseased,1.315489761682593,0.3989082483433223,0.1727235311253871,0.9058234131229753,-0.20427706747411664,-0.30756230823160935,-0.0018800647880785463,1.170958737216222,1.4559893934007242,0.21674658921760528,1.2804963647537428,0.18764927026276243,1.0569525976823284,0.7736215210094514,0.8770767139056723,0.4939110295490234,0.2309382805123983,-1.1547006860849571,1.2070269763800787,-0.03282215245703492,0.7289756202962021,1.8193009426834825,0.9882009353982913,-0.9715112088411867,0.7903684335720239,-0.2788295954740766,-0.227571193967786,0.028439110250559098,-0.017085939998241175,0.05420245794467395,1
data/Split/Diseased/gpe_pv/pre_processed_data/6-OHDA_mice_PV-DIO-ChR2_in_GPe/Neuron_0127,AG7518,4,022222,1.7,2,6-OHDA mice,127,9,right,raw_data/Spike times files GPe to SNr project/6-OHDA mice/PV-DIO-ChR2 in GPe/AG7518_mouse#4_6-OHDA_recorded_022222/Trajectory2_1.7mm_right_rec7_1mW_10s_GPe_cont_neurons_recorded_together/Ch9.txt,14.804829789050288,0.9622326879099764,1.2740817374397837,77.08359010976784,0.06519221434131899,0.306368330464716,0.0511680000000001,0.7446193877551021,10.985251686290654,7.0170071939240515,16.6,0.7674438987094842,0.6,54.941225777326714,0.01212500000000034,0.09107744107744106,0.00606250000000017,0.7643074999999996,14.801034346138698,3.496793455718911,-0.024311554078995944,0.0350102682811622,0.16666666666666669,0.22325496822322818,0.15023923444974602,0.1847058823529412,0.18030592734223738,0.1014722781465139,-0.10681492059549713,0.23223334922464317,data/Split/Diseased,0.7778108801141861,0.6925405859255408,0.685745060420276,0.8592543219951725,0.6466019766531852,0.7279595045271359,0.7564798824038864,0.6718273308257446,0.6224812117489278,0.8688755433632136,-0.4773083852850742,0.26428748231473626,-0.3678653624594769,-0.32263404042619315,-0.7705986498764856,-0.4704581570672868,-1.0795591268239058,-0.3454888763997886,-0.4452226427175446,-0.1789556965329424,1.8675779725579051,0.3935981877773612,1.1657773850111575,-0.2552048261930222,0.20424545791681767,0.08138982211516464,-0.06825814336856173,0.10369050863987779,-0.019484586652990826,-0.002451460445901369,1
data/Split/Diseased/gpe_pv/pre_processed_data/6-OHDA_mice_PV-DIO-ChR2_in_GPe/Neuron_0010,AG6927,3,060121,1.5,5,6-OHDA mice,10,13,left,raw_data/Spike times files GPe to SNr project/6-OHDA mice/PV-DIO-ChR2 in GPe/AG6927_mouse#3_6-OHDA_recorded_060121/Trajectory5_1.5mm_left_in_SNr_1mW_10s_GPe_stim_neurons_recorded_together/Neuron_recorded_in_Ch13.txt,11.194999788225152,0.942597651134697,1.1626854379462324,80.81395750926787,0.06680541379559483,0.37091988130563797,0.05745785714285707,0.7763102941176472,7.546713086071686,10.708497406429718,12.5,0.8940138208386026,0.8,49.86848971158561,0.03689999999999678,0.2284965034965035,0.029198749999997275,0.8573325000000012,9.904159554579767,6.10164129714818,-0.3054750512645249,-0.005371725496899844,-0.3333333333333333,-0.3268174583829574,-0.3179728607033986,-0.30103092783505153,-0.2836606441476749,0.11143268162497828,-0.2562537132417862,-0.2861824202604123,data/Split/Diseased,0.16980342216416217,0.604834883052073,-0.7134045649294208,-0.6820719650488296,-0.6829156448469129,-0.6468331613258774,-0.5891691403761506,0.735567310671623,0.29572176244865384,-0.6048348350222378,-0.7075639595713091,0.8155872418122687,-0.10880755152460309,-0.3928676388892998,0.3783221814687526,0.9147306762325274,0.8464371025222254,0.12717430184327969,-0.7441883660058167,0.6747315668400145,-1.3393863529042398,1.3882631121820301,0.3684785375992089,0.43646872531104797,0.006065856513399381,-0.0018775779096742318,-0.060719030564536314,-0.060594982534205165,0.001501211531789943,-0.0024112219557616333,1
data/Split/Diseased/gpe_pv/pre_processed_data/6-OHDA_mice_PV-DIO-ChR2_in_GPe/Neuron_0098,AG6926,3,051321,1.7,2,6-OHDA mice,98,7,right,raw_data/Spike times files GPe to SNr project/6-OHDA mice/PV-DIO-ChR2 in GPe/AG6926_mouse#3_6-OHDA_recorded_051321/Trajectory2_1.7mm_right_in_SNr_1mW_10s_GPe_stim_neurons_recorded_together/Neuron_recorded_in_Ch7.txt,19.479766809846286,0.9051095565542494,1.5510430764689254,130.83823874305654,0.05585881505312304,0.3082191780821918,0.03601370967741924,0.6113225543478261,14.27300207779934,9.166833860871238,10.1,0.7484311547534568,0.9,55.906589554790834,0.025762500000003997,0.18630308880308882,0.01850450000000407,0.9052693749999999,7.499907900524261,6.840621770743755,-0.39374536431207885,-0.282470283851341,-0.4,-0.42273170731707455,-0.37726829268292544,-0.38235294117647056,-0.37726829268292544,0.08998877878775294,-0.33082957267479224,-0.39638463252429235,data/Split/Diseased,-0.02107842838090342,0.0030041770381511335,-0.8999578483093805,-0.9508277616197361,-0.8512887443616871,-0.8770008265495897,-0.8606607704125526,0.5983405469549745,0.132655892282653,-0.9181087620396107,-0.8423477103730076,0.1814738011966166,0.020721353942833736,-0.30926828059982664,-0.13817048287438113,0.48941961790297467,-0.043814566424745426,0.37074318862145456,-0.8909735841945181,0.9169177737102433,-2.0679552743923764,1.1879640350441245,0.0003131937388467995,0.15245368997875253,-0.08977608181996576,-0.0032985664062544547,0.026921423580321673,-0.07160293407819636,0.0011020513112671984,0.009074726839299071,2
data/Split/Diseased/gpe_pv/pre_processed_data/6-OHDA_mice_PV-DIO-ChR2_in_GPe/Neuron_0048,AG7518,1,012722,1.1,3,6-OHDA mice,48,15,right,raw_data/Spike times files GPe to SNr project/6-OHDA mice/PV-DIO-ChR2 in GPe/AG7518_mouse#1_6-OHDA_recorded_012722/Trajectory3_1.1mm_right_rec13_1mW_10s_GPe_cont_neurons_recorded_together/Ch15.txt,17.208045917230585,0.7805399281135772,0.5907239643228409,79.9421861890874,0.026441960407368743,0.11194029850746269,0.04476195652173974,1.6645818181818177,15.696826998542445,5.092888275860501,19.9,0.6844159824720845,0.5,30.904917410371855,0.026015000000002432,0.10186090225563908,0.023213750000000744,0.9218975,18.446102331415243,2.158958939093133,0.015470738590929924,-0.11827824960706854,-0.033333333333333326,0.012076526886190283,-0.03135600309628638,-0.038207707785172566,0.00021982355267730625,0.06407227383662498,0.0290773804197827,-0.01692331855119527,data/Split/Diseased,0.8638388705175947,0.359613061898157,0.12608521028039726,0.267523365950018,0.13095090570215148,0.09704176798121615,0.23417352571423267,0.43249209444678566,0.9196202119883181,0.1605931400136488,-0.291980727932739,-0.09735665464352775,-0.4973942679269137,-0.6554241577321459,-0.12646099710594863,-0.3617605008221084,0.3482108371321403,0.45523125538547426,-0.22268266915489543,-0.6174044493466505,0.7188165176185857,1.0777111437415487,0.4666677741464822,-0.4360814645587146,0.025456034963110323,-0.03431743603293038,-0.06528132916634312,-0.001073984117835452,-0.012644557813045859,0.006558419023711728,1
data/Split/Diseased/gpe_pv/pre_processed_data/6-OHDA_mice_PV-DIO-ChR2_in_GPe/Neuron_0105,AG6926,3,051321,1.0,6,6-OHDA mice,105,2,left,raw_data/Spike times files GPe to SNr project/6-OHDA mice/PV-DIO-ChR2 in GPe/AG6926_mouse#3_6-OHDA_recorded_051321/Trajectory6_1.0mm_left_in_SNr_1mW_10s_GPe_stim_neurons_recorded_together/Neuron_recorded_in_Ch2.txt,36.4984998287059,1.021879386479679,2.5051243064248143,166.93526563339256,0.06317641466941015,0.26227272727272727,0.025218874172185213,0.3753811666666669,28.741738742376253,5.808112972207437,37.2,0.8483921357113552,2.1,149.46838614808806,0.04765249999998176,0.20166446813204245,0.02120854166666047,0.3139716666666679,31.390792704297432,4.934686124247756,-0.10628240594138767,0.03111672857651801,-0.18,-0.1543698105933305,-0.1015125082549218,-0.04919057774106563,-0.017098033120226862,0.18977257870654451,-0.15177457029321262,0.0048430451288448365,data/Split/Diseased,0.6005514215936371,0.684084202163551,-0.2843320131555138,-0.19886633644285187,-0.06826289256754035,0.06595668497188972,0.18394629310627975,1.2368907231120443,0.5241734690550259,0.22246879647149498,0.6795854757628375,0.6168731743984799,1.575068219552076,0.9861237067340305,0.8769607784021204,0.6442628451523367,0.18128561419984618,-2.633660510477398,0.5676211235298728,0.29228513285342905,0.0574899722937641,1.156533154142887,1.2529338908946945,0.02480966037908563,-0.12958699467904658,0.25674593982133104,-0.22455883623639816,0.04375080084450638,-0.006714681609649975,0.03169409421187772,1
data/Split/Diseased/gpe_pv/pre_processed_data/6-OHDA_mice_PV-DIO-ChR2_in_GPe/Neuron_0081,AG6926,1,050621,1.4,1,6-OHDA mice,81,4,right,raw_data/Spike times files GPe to SNr project/6-OHDA mice/PV-DIO-ChR2 in GPe/AG6926_mouse#1_6-OHDA_recorded_050621/Trajectory1_1.4mm_right_in_SNr_1mW_10s_GPe_stim_neurons_recorded_together/Neuron_recorded_in_Ch4.txt,22.617840982814833,1.0346286955465063,0.9120097170489853,122.04884188565345,0.027960974275107964,0.1348973607038123,0.03065863636363662,1.0409513888888886,20.129597075408373,6.063153744629904,15.9,0.7021954120266053,0.7,56.28759291430784,0.034149999999998924,0.15648391812865498,0.029546249999997796,0.9053024999999991,13.95058164514838,4.248283068807139,-0.8625030525030525,-0.7835173439004057,-0.6,-0.6,-0.6,-0.6,-0.6,0.08992901403100753,-0.8512435534530998,-0.6,data/Split/Diseased,-1.034752583256911,-1.0852205603486704,-1.459617698449259,-1.4475410418278636,-1.4837494022778288,-1.493012571879868,-1.506652793783717,0.5979580921278501,-1.0052694265452349,-1.4969300439342157,-0.5166203126022363,-0.019914912778414656,-0.23833645699204006,-0.3039931713454479,0.2507931285445388,0.18884136107768798,0.8753650268703314,0.3709114978692795,-0.49714478034546866,0.06733013292974255,-4.171986114850698,0.19746620853661423,-0.41279644809526844,0.1298157245041299,0.010046047352426004,-0.017026815543918758,0.0010296580044954296,0.01935461601312033,0.0005813617037354035,-0.0010186283123079084,2
data/Split/Diseased/gpe_pv/pre_processed_data/6-OHDA_mice_PV-DIO-ChR2_in_GPe/Neuron_0086,AG6927,1,052521,1.0,6,6-OHDA mice,86,1,left,raw_data/Spike times files GPe to SNr project/6-OHDA mice/PV-DIO-ChR2 in GPe/AG6927_mouse#1_6-OHDA_recorded_052521/Trajectory6_1.0mm_left_in_SNr_1mW_10s_GPe_stim_neurons_recorded_together/Neuron_recorded_in_Ch1.txt,6.0888725853502725,1.2138375968284847,0.7985406669311832,63.663822847795565,0.05446879161665408,0.45901639344262296,0.0682104166666669,1.1270347826086955,3.4837350918571217,18.274587811399126,8.9,0.7583162799407926,0.5,37.48926074882309,0.023319999999999654,0.14829280196927255,0.023319999999999654,1.0,7.512162656585933,5.296148185836375,0.09777843071960719,0.14303426491452395,-0.2,-0.20028382213810927,-0.19971617786189072,-0.16923076923076924,-0.19971617786189072,0.0,0.11541038690892233,-0.16024854436342753,data/Split/Diseased,1.0418267358053435,0.9271580395361926,-0.34029799816950174,-0.32751934560063456,-0.34711837406836227,-0.27379597821162477,-0.34570377893315873,0.022472013246651306,1.1083939912545866,-0.24684020826919886,-0.9097395857738568,0.22453037456498656,-0.4973942679269137,-0.5642618894447942,-0.2514394689719044,0.10627463098577701,0.3570557060873924,0.8520727053046208,-0.890225402514232,0.4107471609469477,0.08622221760836668,1.970747316168112,-0.1673316784820693,0.17827893917402704,-0.020399420995818866,0.09520912825864968,-0.03750898559511369,-0.02674066969713659,-0.01610810763653972,-0.0007565849779534629,1
data/Split/Diseased/gpe_pv/pre_processed_data/6-OHDA_mice_PV-DIO-ChR2_in_GPe/Neuron_0031,AG6926,2,051121,1.0,3,6-OHDA mice,31,3,right,raw_data/Spike times files GPe to SNr project/6-OHDA mice/PV-DIO-ChR2 in GPe/AG6926_mouse#2_6-OHDA_recorded_051121/Trajectory3_1.0mm_right_in_SNr_1mW_10s_GPe_stim_neurons_recorded_together/Neuron_recorded_in_Ch3.txt,26.302063023349163,0.8245417344764563,1.4739458603944309,205.5878757326043,0.03303821025766141,0.2295973884657236,0.022414805825242676,0.31897426470588236,20.955510607432323,9.81068319374132,55.0,0.6827805976885739,2.0,231.75564629028958,0.03966750000000019,0.1481442972693967,0.01943937500000222,0.6190700000000011,48.9199084344946,4.891112202836132,-0.09560790026684358,0.18567030687865796,0.02999999999999998,-0.255937407757605,0.22157783277124077,0.16731692435133952,0.1461588159691562,-0.25114523125693644,-0.1540357710599916,-0.12378266227874046,data/Split/Diseased,0.623634713432798,1.019759312488657,0.3033108294913588,-0.48346305470968187,0.8491724026275974,0.6787431152685665,0.6574425166247295,-1.5846909910750915,0.5192291791271829,-0.1431779509683383,1.6792316275421006,-0.10447988915824563,1.445539314084639,2.1254162527207003,0.5066627829118331,0.1047776985490438,0.0340098746539352,-1.083445536975717,1.637814866673113,0.27800464355471155,1.5335404819580862,0.4963445927621311,-1.0725052504646568,0.8021821922216177,-1.140949282747339,-0.035142926959472964,0.3498474887350714,0.021656796183749615,-0.001794246556013289,-0.0727650692165286,1
data/Split/Diseased/gpe_pv/pre_processed_data/6-OHDA_mice_PV-DIO-ChR2_in_GPe/Neuron_0107,AG6926,3,051321,1.7,5,6-OHDA mice,107,10,left,raw_data/Spike times files GPe to SNr project/6-OHDA mice/PV-DIO-ChR2 in GPe/AG6926_mouse#3_6-OHDA_recorded_051321/Trajectory5_1.7mm_left_in_SNr_1mW_10s_GPe_stim_neurons_recorded_together/Neuron_recorded_in_Ch10.txt,66.38229027240924,0.9900217701521143,4.0363101120409635,272.92846507441044,0.11117032144539968,0.40904522613065325,0.027542561983471162,0.16425291666666658,44.13548769057122,6.1838778578335925,48.4,0.4698858605749618,0.8,130.16029905559986,0.02473749999999484,0.07866559389857113,0.021288749999996526,0.8475450000000023,45.399566203661536,2.5211123577261514,-0.36679581045170456,0.2676710429957408,0.2333333333333333,0.215106669207753,0.21397155822028716,0.3612038109721604,0.18256243728274799,-0.11456316443050381,-0.4644940395525259,0.39430226897221476,data/Split/Diseased,0.03719915707935014,1.197856813984425,0.8722983438002356,0.836422442301195,0.8275739087951114,1.2275058693785872,0.7630244711370588,-0.710656299041974,-0.15961177673794208,1.3295919472699824,1.30857631283743,-1.0317840653375807,-0.10880755152460309,0.7187972741402243,-0.18570403896477708,-0.5955699997049898,0.1879626231173414,0.0774436825790668,1.4228896937694775,-0.4987158426814934,2.402407562715672,-0.7039281291847577,0.24147750566041437,0.9258814985654774,0.21176382166975685,0.4068566404185473,-0.07262121216315476,0.012284855663429087,-0.06561448000112606,-0.02019577956999415,0
data/Split/Diseased/gpe_pv/pre_processed_data/6-OHDA_mice_PV-DIO-ChR2_in_GPe/Neuron_0100,AG6926,3,051321,1.4,4,6-OHDA mice,100,12,left,raw_data/Spike times files GPe to SNr project/6-OHDA mice/PV-DIO-ChR2 in GPe/AG6926_mouse#3_6-OHDA_recorded_051321/Trajectory4_1.4mm_left_in_SNr_1mW_10s_GPe_stim_neurons_recorded_together/Neuron_recorded_in_Ch12.txt,8.15963638931935,0.9458904590159412,0.8143017985267784,58.898796818534365,0.06295300730794326,0.34623217922606925,0.07730918367346948,1.1138869791666666,5.692892397239746,10.346023200279005,8.5,0.8558307056621908,0.5,33.247294854430045,0.033547499999993846,0.20547619047619045,0.033547499999993846,1.0,6.963788000794534,6.031306261438977,-0.054271545448016045,-0.11031191392332344,-0.4,-0.4,-0.4,-0.4,-0.4,0.0,0.03793791330282481,-0.4,data/Split/Diseased,0.7130233156727658,0.3769151563491849,-0.8999578483093805,-0.8871325528753764,-0.9158368535576878,-0.9269477248196124,-0.9265898731044008,0.022472013246651306,0.938994450725797,-0.9283862359982442,-0.9322035442408065,0.6492733035596385,-0.4973942679269137,-0.6229932181518139,0.22285267240361287,0.6826851363090896,1.2084523860000331,0.8520727053046208,-0.9237049650066682,0.651680652618137,-1.4469040785235445,2.1301180980918963,-0.6236089622229498,0.059874386028006946,-0.0732592343469498,-0.008705758360209023,-0.028068341725408084,-0.10450748104704795,-0.006976554952458985,0.006042936080073743,1
data/Split/Diseased/gpe_pv/pre_processed_data/6-OHDA_mice_PV-DIO-ChR2_in_GPe/Neuron_0128,AG7518,4,022222,1.4,1,6-OHDA mice,128,1,right,raw_data/Spike times files GPe to SNr project/6-OHDA mice/PV-DIO-ChR2 in GPe/AG7518_mouse#4_6-OHDA_recorded_022222/Trajectory1_1.4mm_right_rec1_1mW_10s_GPe_cont_neurons_recorded_together/Ch1.txt,54.691772794749596,0.39054104303353926,0.48671835274016034,208.0185623254438,0.011722867693300611,0.040749414519906324,0.024085526315789016,1.830440277777778,53.08542852940013,3.918562364251003,43.2,0.4595123616726136,0.3,35.80347336821829,0.005907500000002841,0.023951048951048954,0.003615000000001345,0.9521374999999977,42.49541474994389,0.9204393093635745,-0.5969680027426221,-0.09889680909854932,-0.1,-0.1,-0.1,-0.1,-0.1,0.03146002793525786,-0.5971136349591833,-0.1,data/Split/Diseased,-0.4605411645714352,0.4017076368179186,-0.06046807309956236,-0.04651981944664552,-0.06396803047747593,-0.07785045422922851,-0.0564954920854261,0.2237953382384274,-0.4495947536753607,-0.07557052409428686,1.0165448527670835,-1.0769678448154443,-0.7564520788617873,-0.5876021366899015,-1.0589302449879758,-1.1470944777957026,-1.2833032846421772,0.6088817204224972,1.2455844170660524,-1.0233047159654385,-0.42056021715012876,-0.17729937743778618,0.3500670198318911,0.6180546163142963,0.10801239407764299,-0.09916068755634823,0.018033923346679255,-0.012134860957339599,0.00036300326758662526,-3.993974331582817e-05,1
data/Split/Diseased/gpe_pv/pre_processed_data/6-OHDA_mice_PV-DIO-ChR2_in_GPe/Neuron_0020,AG7518,2,020122,1.7,5,6-OHDA mice,20,5,left,raw_data/Spike times files GPe to SNr project/6-OHDA mice/PV-DIO-ChR2 in GPe/AG7518_mouse#2_6-OHDA_recorded_020122/Trajectory5_1.7mm_left_rec21_1mW_10s_GPe_neurons_recorded_together/Ch5.txt,11.755766416940359,1.1660947691531711,1.2810771095383726,67.33460781855935,0.09154237916114556,0.4700854700854701,0.07145735294117637,0.6841590000000001,6.857283478854749,9.81942893657432,22.8,0.7390149868612539,0.7,50.04545165438272,0.03204250000000073,0.13160076960076958,0.021771249999999753,0.8328524999999971,20.775052165800332,3.371837634804738,-0.35547318610002804,-0.13300175345238865,-0.4,-0.4,-0.4,-0.4,-0.4,0.14493469952400848,-0.3096792995990696,-0.4,data/Split/Diseased,0.06168398572281817,0.32763506545223764,-0.8999578483093805,-0.8871325528753764,-0.9158368535576878,-0.9269477248196124,-0.9265898731044008,0.9499580178651088,0.17890259610293552,-0.9283862359982442,-0.12911702904735325,0.140459861968115,-0.23833645699204006,-0.39041754610454,0.15305949980353525,-0.06198162425936133,0.22812873390304952,0.0027905920513739443,-0.08049480416409409,-0.2199074907614339,-2.071480881699735,1.470427668348769,0.3495060996960742,0.3091819987633246,0.06482368533592069,-0.03845322212370959,0.04650095335423974,-0.03580834865006264,-0.005149890411753027,0.0026934449168504377,2
data/Split/Diseased/gpe_pv/pre_processed_data/6-OHDA_mice_PV-DIO-ChR2_in_GPe/Neuron_0126,AG7518,4,022222,1.7,2,6-OHDA mice,126,16,right,raw_data/Spike times files GPe to SNr project/6-OHDA mice/PV-DIO-ChR2 in GPe/AG7518_mouse#4_6-OHDA_recorded_022222/Trajectory2_1.7mm_right_rec7_1mW_10s_GPe_cont_neurons_recorded_together/Ch16.txt,15.543797196765363,1.235708326388135,1.3505266416861708,103.88994460096441,0.05399176178748567,0.30491803278688523,0.039978301886792425,0.7091317307692309,11.420844657657486,9.096520241286001,22.1,0.6961289484560185,0.7,55.88103464932105,0.025377500000001874,0.11941768817068976,0.01837500000000105,0.8197649999999974,19.873769648169038,3.0338192389534635,-0.023733490682640607,0.04789566399915827,0.033333333333333305,0.026781550725473148,-0.00029537013951346224,0.042762877820349085,-0.038949534078032214,0.027037746614128676,-0.022682913218914406,0.0694117516731656,data/Split/Diseased,0.7790609245177812,0.7205263930271101,0.31263849366035673,0.3087274668989321,0.2191495218388601,0.326214778767061,0.12057006577222248,0.19549566916467664,0.8064423366488579,0.40601948793253706,-0.16842895636451527,-0.04633856739718953,-0.23833645699204006,-0.3096220961633149,-0.15602455028388346,-0.1847875003514683,-0.054594900822332364,-0.0637074390720435,-0.1355202216477488,-0.330686321960134,1.0628441045148804,0.9529062107453969,0.38097072381983926,-0.039484966712840935,0.16884573699357258,0.16831148658705808,0.05759760821534144,-0.03315082061743149,-0.013928335714596656,0.013513150123515913,1
data/Split/Diseased/gpe_pv/pre_processed_data/6-OHDA_mice_PV-DIO-ChR2_in_GPe/Neuron_0049,AG7518,1,012722,1.1,3,6-OHDA mice,49,8,right,raw_data/Spike times files GPe to SNr project/6-OHDA mice/PV-DIO-ChR2 in GPe/AG7518_mouse#1_6-OHDA_recorded_012722/Trajectory3_1.1mm_right_rec13_1mW_10s_GPe_cont_neurons_recorded_together/Ch8.txt,30.82518478295641,0.7438091146245456,1.4600539891873978,127.07738486775558,0.04600154372000407,0.17456093666844066,0.031506741573033556,0.6393519886363638,26.6712293785913,4.764586703669505,16.2,0.7817952824550486,0.4,27.052996323603644,0.01840999999999866,0.0680285907466435,0.016273749999997734,0.9056349999999981,15.027133132700408,1.426319764645029,0.07746193769773085,-0.013360050814351954,0.2333333333333333,0.22170178566761933,0.22188356716656896,0.23362445414847163,0.18764930998490642,-0.13017605801545198,0.029834745276475384,0.23214978361278113,data/Split/Diseased,0.9978929414104778,0.5874850292880502,0.8722983438002356,0.8549022385498919,0.8500405546260087,0.8664149238363512,0.7777780023207483,-0.8105684687238658,0.9212762486780554,0.8686379898073109,-0.49977234375202406,0.32679770808002706,-0.6269231733943506,-0.7087551955416457,-0.4791367961931787,-0.7027913540531416,-0.22951519157474257,0.37260094163993607,-0.43141878002219003,-0.8575124210780226,2.5352551516548427,0.3091163754145981,-0.22311902548135448,-0.25233242414850743,-0.01116388774863355,0.08029344696742235,0.021573060584125107,0.030475714774818096,-0.007622045949594938,0.009202539899029666,0
data/Split/Diseased/gpe_pv/pre_processed_data/6-OHDA_mice_PV-DIO-ChR2_in_GPe/Neuron_0022,AG7518,2,020122,1.4,4,6-OHDA mice,22,5,left,raw_data/Spike times files GPe to SNr project/6-OHDA mice/PV-DIO-ChR2 in GPe/AG7518_mouse#2_6-OHDA_recorded_020122/Trajectory4_1.4mm_left_rec16_1mW_10s_GPe_neurons_recorded_together/Ch5.txt,17.114824800569313,1.1771046563959962,1.6432254239837598,94.50469849128889,0.08279201695808616,0.3870014771048744,0.05038384615384602,0.46375859375000006,11.438367868935593,8.26207895865506,13.8,1.022881058570928,0.9,66.66811831168023,0.04305249999998821,0.21598873348873346,0.03624999999999048,0.8520775000000015,10.74100724162759,5.467651910975202,-0.9085714285714286,-0.8100060368036199,-0.6333333333333333,-0.6269286201927196,-0.6230666666666576,-0.5893617021276596,-0.5888781896966684,0.12835041446424067,-0.9039872243516832,-0.5700260874977581,data/Split/Diseased,-1.1343740366304849,-1.1427513856477904,-1.552894340139239,-1.5229961785867507,-1.549248649563526,-1.462902739589429,-1.474396044944758,0.8438295866470924,-1.1205975321308363,-1.4117226321703944,-0.6345560945537224,1.3768934034488967,0.020721353942833736,-0.16027158931422877,0.6636394535108413,0.7886519282098512,1.433424229310945,0.10047346871597919,-0.6930968464775582,0.4669541084098359,-4.337596359340477,0.10654861896889942,-0.17189684821506102,0.1270467016360904,-0.013953591869892874,0.09283266565098146,-0.09024957666378303,0.013939239393074966,0.0002531873983692373,-0.012837703483660147,2
data/Split/Diseased/gpe_pv/pre_processed_data/6-OHDA_mice_PV-DIO-ChR2_in_GPe/Neuron_0013,AG6927,3,060121,1.4,1,6-OHDA mice,13,12,right,raw_data/Spike times files GPe to SNr project/6-OHDA mice/PV-DIO-ChR2 in GPe/AG6927_mouse#3_6-OHDA_recorded_060121/Trajectory1_1.4mm_right_in_SNr_1mW_10s_GPe_stim_neurons_recorded_together/Neuron_recorded_in_Ch12.txt,3.789814872530075,1.0096662652757211,0.3989278813189553,24.951476357849376,0.055534085478609496,0.3508771929824561,0.13920833333333316,2.2098613636363638,2.60470518873113,9.579385976500616,14.7,0.8687975461292494,0.8,86.95015445688313,0.026452499999999192,0.1526756958822176,0.020794999999998252,0.8180099999999981,11.848561683406302,5.326742395683313,-0.3281209376565414,-0.01272220117269604,-0.4333333333333333,-0.39481338313774295,-0.4707669498385588,-0.3612121212121212,-0.4431192218153345,0.16801196250728756,-0.3158975161924404,-0.2801671819303512,data/Split/Diseased,0.12083238589500724,0.5888703757238029,-0.9932344899993601,-0.8725994322826116,-1.1167840477975193,-0.8171654514503506,-1.0516491818225118,1.0976372038170237,0.16530598578710584,-0.5877352024931609,-0.5840121880030856,0.7057528834683608,-0.10880755152460309,0.12053946889490477,-0.10617228414086724,0.15045435102516394,0.14685999679559758,-0.07262465356079634,-0.6254780428809692,0.42077380698127403,-2.004493011599236,1.6149160385212116,0.5307354061176706,0.5044410420752173,0.2876155550143196,0.29238071652150294,-0.12857383047617288,-0.03355580856299652,-0.027611362862098223,-0.010743461292767221,2
data/Split/Diseased/gpe_pv/pre_processed_data/6-OHDA_mice_PV-DIO-ChR2_in_GPe/Neuron_0129,AG7518,4,022222,1.4,1,6-OHDA mice,129,6,right,raw_data/Spike times files GPe to SNr project/6-OHDA mice/PV-DIO-ChR2 in GPe/AG7518_mouse#4_6-OHDA_recorded_022222/Trajectory1_1.4mm_right_rec1_1mW_10s_GPe_cont_neurons_recorded_together/Ch6.txt,76.67094893427894,0.8840014009486175,2.2542744758491637,220.7975973946579,0.08785202225071338,0.23989308386234548,0.03897130681818165,0.3882255747126438,63.89107905011515,3.4558439249627915,57.9,0.9695659389105942,2.3,263.666394193316,0.06712249999998576,0.2438079247863958,0.026983583333324502,0.45805562499999974,48.08561217546249,5.513891024598036,-0.7505934147747884,-0.35142981735860024,-0.65,-0.6966808271129571,-0.5391235695624176,-0.4317425309962523,-0.3939580927100928,0.46425928587475535,-0.7337094516261701,-0.34438386882340716,data/Split/Diseased,-0.7927514165465265,-0.14676912017250673,-1.5995326609842289,-1.7184448229931084,-1.3108869584438698,-1.0167893795881073,-0.9090664411591148,2.993423700987013,-0.7482720451633292,-0.7702852009892113,1.8420953264274862,1.1446690949252665,1.8341260304869496,2.567230418849833,1.7798664731064435,1.0690703247452635,0.6620337248190309,-1.9015650342110904,1.5868791178260753,0.4821080616433611,-3.8308769081602123,0.9241868309647446,2.20362887959741,0.31934599615167675,-0.24408360537000295,0.5247805781896853,-0.2826394322967271,-0.06849401066990705,0.07485949158817222,0.01884371814410029,2
data/Split/Diseased/gpe_pv/pre_processed_data/6-OHDA_mice_PV-DIO-ChR2_in_GPe/Neuron_0027,AG7518,2,020122,1.4,1,6-OHDA mice,27,9,right,raw_data/Spike times files GPe to SNr project/6-OHDA mice/PV-DIO-ChR2 in GPe/AG7518_mouse#2_6-OHDA_recorded_020122/Trajectory1_1.4mm_right_rec1_1mW_10s_GPe_neurons_recorded_together/Ch9.txt,10.795173786233711,1.035329242288447,1.2080313522690105,48.94419831130581,0.11031061184860295,0.45714285714285713,0.09131436170212776,0.7485999999999998,6.586834996894367,7.430609440555678,8.1,0.9080717471076453,0.5,26.332575654578854,0.03908249999999995,0.19374098124098124,0.03908249999999995,1.0,6.546725905890011,4.395452985746994,-0.9446153846153846,-1.0,-0.5,-0.5,-0.5,-0.5,-0.5,0.0,-0.9376942896670769,-0.5,data/Split/Diseased,-1.212317988488102,-1.5553995123211926,-1.1797877733793198,-1.16733679735162,-1.1997931279177583,-1.2099801483497403,-1.216621333444059,0.022472013246651306,-1.1943006309376902,-1.21265813996623,-0.9546675027077561,0.8768192568185755,-0.4973942679269137,-0.7187296423366452,0.47953387528974084,0.5643938272076113,1.6692180299329924,0.8520727053046208,-0.9491675868148028,0.11556215694473196,-3.6759348372545166,-0.5942410376513291,-0.8118715887393684,-0.1245938477303098,-0.04649116109805825,0.00021170250700568117,-0.03842960878563969,0.009522583758489838,0.0017896834925358778,-0.0009018593432679573,2
data/Split/Diseased/gpe_pv/pre_processed_data/6-OHDA_mice_PV-DIO-ChR2_in_GPe/Neuron_0028,AG7518,2,020122,1.1,3,6-OHDA mice,28,12,right,raw_data/Spike times files GPe to SNr project/6-OHDA mice/PV-DIO-ChR2 in GPe/AG7518_mouse#2_6-OHDA_recorded_020122/Trajectory3_1.1mm_right_rec11_1mW_10s_GPe_neurons_recorded_together/Ch12.txt,68.55871800275759,0.6314258994718648,1.955193068967531,287.5988881229024,0.029602765709468355,0.11333333333333333,0.015140584415584359,0.49613782894736846,62.643140164026114,4.591067551368712,50.3,0.6115317015446632,1.1,148.10083736701236,0.022492500000005577,0.10038594736904971,0.01394625000000289,0.7187674999999978,46.967379120591346,4.1441991186121365,-0.13482188229526917,0.08506761009674858,0.08666666666666664,-0.04314761977027286,0.08340204116334604,0.09695728689253202,0.005249881599635464,-0.0971833051153403,-0.16574508523320458,0.037475842894422746,data/Split/Diseased,0.538835677399083,0.801260189322105,0.46188112036432444,0.11278296304282273,0.45681357271028455,0.47960252818189186,0.2487622765237579,-0.5994367199488275,0.49362586031572053,0.3152346719977256,1.415280115555441,-0.4148182274289467,0.27977916487770754,0.9671895712450103,-0.2898141203515821,-0.3766280963547729,-0.4232698503372365,-0.5768791600567605,1.5186083597845008,0.03321868074055646,1.2684945876625398,0.47932869959823343,-0.2411594913643988,0.37506835475804323,-0.14867353684189208,0.12485620091273532,0.22018119531848834,-0.014653839052362462,0.04495464755885245,-0.017058827043284087,1
data/Split/Diseased/gpe_pv/pre_processed_data/6-OHDA_mice_PV-DIO-ChR2_in_GPe/Neuron_0011,AG6927,3,060121,1.5,5,6-OHDA mice,11,15,left,raw_data/Spike times files GPe to SNr project/6-OHDA mice/PV-DIO-ChR2 in GPe/AG6927_mouse#3_6-OHDA_recorded_060121/Trajectory5_1.5mm_left_in_SNr_1mW_10s_GPe_stim_neurons_recorded_together/Neuron_recorded_in_Ch15.txt,8.105578481682306,1.1463531944413496,0.9965875182396279,64.5233670827475,0.06363211303960022,0.42213114754098363,0.06384999999999999,0.9328439655172415,5.002266097496294,12.89882741644679,9.1,0.9043124031023734,0.4,50.61302870773682,0.010802500000006533,0.13814935064935066,0.010802500000006533,1.0,7.8730301551127555,8.200576945537215,-0.19517504769052757,-0.17806807039345174,-0.2,-0.2,-0.2,-0.2,-0.2,0.0,-0.16371498133169357,-0.2,data/Split/Diseased,0.40832380427710846,0.22975547523295325,-0.34029799816950174,-0.32672406392288916,-0.34792430483754655,-0.3608828777593565,-0.34652695242508436,0.022472013246651306,0.4980648391185685,-0.3598424280622727,-0.8985076065403819,0.8604447073907847,-0.6269231733943506,-0.3825592664019233,-0.8319285307825273,0.004028295927628622,-0.6849739141332554,0.8520727053046208,-0.8681935929825134,1.3626161339040184,-0.517593084789421,1.0375003756257506,-0.20973898447968842,0.0024216218899484115,-0.028751647288643052,-0.01082359311963089,-0.011802213241433865,-0.03702425169313863,-0.0020686461508659677,0.002440727429772708,1
data/Split/Diseased/gpe_pv/pre_processed_data/6-OHDA_mice_PV-DIO-ChR2_in_GPe/Neuron_0122,AG7518,4,022222,1.4,4,6-OHDA mice,122,15,left,raw_data/Spike times files GPe to SNr project/6-OHDA mice/PV-DIO-ChR2 in GPe/AG7518_mouse#4_6-OHDA_recorded_022222/Trajectory4_1.4mm_left_rec19_1mW_10s_GPe_cont_neurons_recorded_together/Ch15.txt,10.90560585173867,0.8967155099128604,1.0726825427939677,62.02934904367579,0.06350216803188923,0.32786885245901637,0.059199404761904675,0.8408573170731707,7.8270308008661535,7.925016602312528,13.5,0.791611576974064,0.4,28.64170619541171,0.013604999999995471,0.08107389686337055,0.0110387499999959,0.9707925000000017,12.371352425594377,2.434972193079409,-0.8764213564213564,-0.8914983374333572,-0.3,-0.3,-0.3,-0.3,-0.3,0.017101160765254905,-0.872475480489212,-0.3,data/Split/Diseased,-1.0648504895251627,-1.3197446154716708,-0.6201279232394411,-0.6069283083991327,-0.6318805791976171,-0.6439153012894844,-0.6365584127647426,0.13190810636027317,-1.0516946730494992,-0.6441143320302584,-0.6514040634039348,0.36955447616881104,-0.6269231733943506,-0.6867590164057931,-0.7019648323028992,-0.5712942237295292,-0.6653070878687309,0.7036684077659658,-0.5935604384864094,-0.5269465747243386,-2.3867774775550097,-0.9394083858844294,-0.3157052178823166,-0.22688639871639812,-0.01277248080296064,-0.0005759114801832674,-0.015128556779265065,-0.0023941928534670556,2.6067128613729753e-05,4.8241034824512355e-05,2
data/Split/Diseased/gpe_pv/pre_processed_data/6-OHDA_mice_PV-DIO-ChR2_in_GPe/Neuron_0050,AG7518,1,012722,1.4,4,6-OHDA mice,50,1,left,raw_data/Spike times files GPe to SNr project/6-OHDA mice/PV-DIO-ChR2 in GPe/AG7518_mouse#1_6-OHDA_recorded_012722/Trajectory4_1.4mm_left_rec19_1mW_10s_GPe_cont_neurons_recorded_together/Ch1.txt,18.249397801777082,1.147561961153924,1.7356070636655128,141.91353316282502,0.06735559206853083,0.3986013986013986,0.038808088235294046,0.5443455223880598,11.767788688828878,12.059490267491212,36.5,0.7791490714744469,1.8,174.37246553810814,0.03454249999999988,0.21378256215637617,0.018785416666664764,0.5138912499999982,31.61905830794519,8.044667010557495,0.07496448307931076,0.13855531323509257,0.11333333333333333,0.05962423511110108,0.22978195865995382,0.14217391250321118,0.2193002466707715,0.03488735367485304,0.0554729385133532,0.014453837840080641,data/Split/Diseased,0.9924922722301213,0.9174301987728117,0.5365024337163083,0.40075406254739804,0.8724685328449971,0.6075802394863417,0.8695756762019435,0.24572795111293483,0.9773361361730326,0.24978957989814138,0.6402735484456753,0.3152716246895576,1.1864815031497655,1.3309283820225062,0.2689950024619623,0.7664136459793389,-0.020429426622528155,-1.6178623309411417,0.581557275504602,1.311519742165274,1.843156628681075,0.9101753806229596,0.688928676075463,-0.0956906502606151,-0.442056255960467,-0.2376133708437843,0.16626715432295827,0.04974542670587028,-0.03964020860801367,0.009452461554337049,1
data/Split/Diseased/gpe_pv/pre_processed_data/6-OHDA_mice_PV-DIO-ChR2_in_GPe/Neuron_0004,AG6927,3,060121,1.7,2,6-OHDA mice,4,1,right,raw_data/Spike times files GPe to SNr project/6-OHDA mice/PV-DIO-ChR2 in GPe/AG6927_mouse#3_6-OHDA_recorded_060121/Trajectory2_1.7mm_right_in_SNr_1mW_10s_GPe_stim_neurons_recorded_together/Neuron_recorded_in_Ch1.txt,30.90877650532007,0.7977626576377442,1.7375744630017769,138.59929057858471,0.05970071950619413,0.23891891891891892,0.03435865384615351,0.5370833333333337,25.017657171032454,5.540058752546447,32.3,0.7565667498802247,1.2,165.02620292926025,0.030317499999999952,0.1564154244579657,0.02238624999999992,0.8167924999999997,28.198908573921038,6.00621090399955,-0.7836157401389265,-0.25619138428684457,-0.6,-0.6548012312476728,-0.5395440253591175,-0.404861350162555,-0.5395440253591175,0.15116540174710802,-0.8273450083089319,-0.37460421773691716,data/Split/Diseased,-0.8641611845328724,0.06007935192209994,-1.459617698449259,-1.6010964178090843,-1.3120808690595098,-0.9407069220009775,-1.3313114476701922,0.9898303819701082,-0.9530134138185424,-0.8561931622314146,0.4044019845427029,0.21690995823383877,0.4093080703451442,1.2015264879177179,0.07306400296915727,0.18815094254244005,0.2793249165622247,-0.07881081233005388,0.3727490901800995,0.6434561464972438,-3.402633254913859,0.5797350317572417,0.3245106043690301,0.9627843467494642,-0.06554894934925712,0.5323441524324849,-0.10266346441421266,-0.004039840064467818,-0.04081529518773216,0.02040805444050841,2
data/Split/Diseased/gpe_pv/pre_processed_data/6-OHDA_mice_PV-DIO-ChR2_in_GPe/Neuron_0076,AG6926,1,050621,1.7,2,6-OHDA mice,76,7,right,raw_data/Spike times files GPe to SNr project/6-OHDA mice/PV-DIO-ChR2 in GPe/AG6926_mouse#1_6-OHDA_recorded_050621/Trajectory2_1.7mm_right_in_SNr_1mW_10s_GPe_stim_neurons_recorded_together/Neuron_recorded_in_Ch7.txt,5.512493809859643,0.4676483871135412,0.09962338210589716,32.95292999423912,0.0110382707373334,0.0572289156626506,0.11079999999999994,6.157159999999999,5.2550261680995565,6.270745176166519,4.4,0.275063790140296,0.0,0.0,0.0,0.0,0.0,1.0,4.4,0.0,0.09722222222222221,0.3902842357843273,0.1,0.1,0.1,0.1,0.1,0.0,0.07475909407597299,0.1,data/Split/Diseased,1.0406239519519256,1.4641605610006299,0.4991917770403164,0.5138886695058418,0.5039445182426653,0.4882143928310274,0.5235674285938904,0.022472013246651306,1.0195068032345451,0.49297328384168476,-1.1624591185270414,-1.8803692486789638,-1.145038795264098,-1.0833122898576288,-1.332885837770064,-1.3885218676263587,-1.5842369436876027,0.8520727053046208,-1.080230252387218,-1.3249604605406522,1.9038445814884881,1.2479227344601445,0.4770478030849495,0.38458761178691614,0.05188376688085745,-0.053196940896949825,0.018356856639566273,0.019864454398798064,0.0026532332712148055,-0.0005365933282136117,1
data/Split/Diseased/gpe_pv/pre_processed_data/6-OHDA_mice_PV-DIO-ChR2_in_GPe/Neuron_0035,AG6926,2,051121,1.7,2,6-OHDA mice,35,13,right,raw_data/Spike times files GPe to SNr project/6-OHDA mice/PV-DIO-ChR2 in GPe/AG6926_mouse#2_6-OHDA_recorded_051121/Trajectory2_1.7mm_right_in_SNr_1mW_10s_GPe_stim_neurons_recorded_together/Neuron_recorded_in_Ch13.txt,21.717100032655054,0.8807140436311237,1.8263009168229112,137.8772675026748,0.05671259879642794,0.2851919561243144,0.03105326086956519,0.5037438888888889,16.456869638232966,8.378098054708731,23.8,0.808828308063162,1.2,116.59560721252527,0.0364050000000045,0.18499125636082156,0.02857750000000401,0.8494524999999967,20.356902907570753,6.1742619797986675,-0.02835916379628837,-0.05877148652133022,-0.20666666666666664,-0.23431900487566787,-0.1788817760334768,-0.18213290270951094,-0.17937290418853066,-0.00902918703315737,-0.023117517233007624,-0.2090474976970773,data/Split/Diseased,0.7690580479733876,0.4888558751887412,-0.3589533265074976,-0.4228873722465195,-0.28795778285119167,-0.3103131992835994,-0.28670188521741935,-0.035308798621307785,0.8054920414424123,-0.38556192202721395,-0.07295713287997892,0.4445452761083945,0.4093080703451442,0.530989923661978,0.3553669519427343,0.47619630216932746,0.794720633454487,0.08713575473704574,-0.1060237998501902,0.6985315565554038,-0.23870288915823243,1.4940395313744348,-0.25849908700195146,0.025744459346297096,-0.1809681427069634,0.0212943610336861,0.007027762118173656,0.0001312992107898503,-0.0006752190940256838,-0.003374405799156218,1
data/Split/Diseased/gpe_pv/pre_processed_data/6-OHDA_mice_PV-DIO-ChR2_in_GPe/Neuron_0043,AG6926,2,051121,1.0,6,6-OHDA mice,43,7,left,raw_data/Spike times files GPe to SNr project/6-OHDA mice/PV-DIO-ChR2 in GPe/AG6926_mouse#2_6-OHDA_recorded_051121/Trajectory6_1.0mm_left_in_SNr_1mW_10s_GPe_stim_neurons_recorded_together/Neuron_recorded_in_Ch7.txt,30.072347544473,1.083409545530871,2.8624481337295826,252.29983432834985,0.047782081157893154,0.33480907581627006,0.016692732558139398,0.3283355263157896,21.007641485897388,12.00990765658872,29.3,1.0588551861206013,2.5,222.88740068419648,0.05072749999999715,0.3142413771950977,0.02197187499999759,0.36864958333333014,21.056528126947516,11.336753298766979,-0.4508481301698123,0.07382700805600048,-0.43,-0.23445871680372524,-0.3218997222999086,-0.09323513232407837,-0.15973523173528476,0.2546827724599761,-0.47128922666424405,0.11174476834985247,data/Split/Diseased,-0.14456141197804603,0.7768467116685986,-0.9839068258303623,-0.42327885099897583,-0.6940662147356391,-0.058703685297461276,-0.22974645702455143,1.6522729363508244,-0.17446997760532232,0.5263603604464397,0.23592229604058002,1.533585669136131,2.0931838414218236,2.0026326517411452,1.019561446672748,1.7790419258450103,0.2448299276361935,-2.355840162491655,-0.06331003471528418,2.39043578841968,-1.0219568223406386,0.7834399688745612,1.5979780038936033,0.6332906818578204,0.2178796833506589,0.7320469076451785,-0.7253995479142644,-0.05395745677516699,-0.1806742256840099,0.09388648707587274,1
data/Split/Diseased/gpe_pv/pre_processed_data/6-OHDA_mice_PV-DIO-ChR2_in_GPe/Neuron_0025,AG7518,2,020122,1.4,1,6-OHDA mice,25,2,right,raw_data/Spike times files GPe to SNr project/6-OHDA mice/PV-DIO-ChR2 in GPe/AG7518_mouse#2_6-OHDA_recorded_020122/Trajectory1_1.4mm_right_rec1_1mW_10s_GPe_neurons_recorded_together/Ch2.txt,30.200783806725266,0.55133240823088,0.2827307420204067,116.41250089794727,0.010269551634022853,0.0374468085106383,0.03632272727272659,2.3486675000000004,29.37149290156459,3.9634519528200793,24.2,0.4918364547473635,0.2,18.8767338171549,0.008920000000000528,0.03643263757115749,0.008920000000000528,1.0,23.571919647331143,0.946027497000048,-0.3633430708932789,0.0716690619470707,0.0,0.0,0.0,0.0,0.0,0.0,-0.36843083901762796,0.0,data/Split/Diseased,0.044665600706975964,0.7721598658113353,0.21936185197037703,0.23368442502959813,0.21998824388259466,0.20518196930089944,0.23353596825423217,0.022472013246651306,0.05043782249230507,0.20870137987369894,-0.05049317441302926,-0.9361740097690232,-0.8859809843292243,-0.821958076662365,-0.919227964284631,-1.0212796390530823,-0.8416841805660659,0.8520727053046208,0.09026053370949512,-1.0149186945131954,0.5916836325445758,0.1891235388174512,0.33203282666178463,0.5439711866367469,0.08342157152442498,-0.08763809546707238,0.010399103849337869,-0.009759438605792382,0.0010687903010271373,7.899548240021213e-05,1
data/Split/Diseased/gpe_pv/pre_processed_data/6-OHDA_mice_PV-DIO-ChR2_in_GPe/Neuron_0064,AG7518,1,012722,1.7,5,6-OHDA mice,64,15,left,raw_data/Spike times files GPe to SNr project/6-OHDA mice/PV-DIO-ChR2 in GPe/AG7518_mouse#1_6-OHDA_recorded_012722/Trajectory5_1.7mm_left_rec25_1mW_10s_GPe_cont_neurons_recorded_together/Ch15.txt,25.53512736278652,0.9886681892221434,1.7503258346048414,132.65258409614316,0.057361612818928855,0.2626521460602178,0.0327719626168227,0.5377452830188676,19.97401295881337,6.641258537764756,17.9,0.8757655931231467,1.0,64.1835881415042,0.0418549999999982,0.22583882301273608,0.025427500000000693,0.7170100000000013,14.340401564447912,6.46668038864271,-0.5586546329861043,-0.4839082434685853,-0.5333333333333333,-0.5364696734059129,-0.4964624676445176,-0.49523809523809526,-0.46355884025013905,0.2308105578459438,-0.4950197843107881,-0.49784381160871793,data/Split/Diseased,-0.37768967501342776,-0.4344991797977254,-1.2730644150692996,-1.2695263701816117,-1.1897480828368485,-1.1965024138959246,-1.1109305056568295,1.4995065869087745,-0.22635867270825138,-1.2065287021731956,-0.4043005202674877,0.736103558947044,0.15025025941027056,-0.19467067731726764,0.608106347737899,0.8879411663654975,0.5324962832487509,-0.5858090771302412,-0.4733453574305816,0.7943658956041569,-3.2614004091431634,1.0960118683641416,0.6235431623423103,-0.04572632483277193,-0.07776652804569756,0.023266878575755063,-0.00751904301486862,-0.055403370855437326,-0.005090657722393452,0.005541258876720416,2
data/Split/Diseased/gpe_pv/pre_processed_data/6-OHDA_mice_PV-DIO-ChR2_in_GPe/Neuron_0067,AG7518,1,012722,1.7,5,6-OHDA mice,67,9,left,raw_data/Spike times files GPe to SNr project/6-OHDA mice/PV-DIO-ChR2 in GPe/AG7518_mouse#1_6-OHDA_recorded_012722/Trajectory5_1.7mm_left_rec25_1mW_10s_GPe_cont_neurons_recorded_together/Ch9.txt,22.16818673437296,0.8813627986988044,1.2784421415440002,118.43467534284555,0.04911774707812092,0.22260668973471742,0.03842000000000034,0.7353510204081629,18.123589976632946,6.534835289009815,35.7,0.7806096165470064,1.1,116.27156378656028,0.032720000000000485,0.13500019933183968,0.02591708333333334,0.8672374999999988,32.09626158838226,3.942454730890664,-0.9563096307705472,-0.9840405642170392,-0.8,-0.8,-0.8,-0.8,-0.8,0.10201873054646429,-0.9528196925160419,-0.8,data/Split/Diseased,-1.2376064379085134,-1.5207371937516478,-2.0192775485891383,-2.007949530780351,-2.0516619509979703,-2.059077418940124,-2.086715714463034,0.6753242639605197,-1.227373491189384,-2.0654738518701876,0.595345631511776,0.3216333110498919,0.27977916487770754,0.5265034422900146,0.1844780210239683,-0.02771525669598829,0.5732520519644896,0.1775019425903518,0.6106916581392838,-0.032899044646541975,-5.601319324621709,0.4153511564359364,-0.759283900211781,0.07369139320712494,-0.021409638856641267,0.003314248996651962,-0.009429089150571059,0.04929570790177336,0.0025750436970569043,-0.002533865658258777,2
data/Split/Diseased/gpe_pv/pre_processed_data/6-OHDA_mice_PV-DIO-ChR2_in_GPe/Neuron_0083,AG6927,1,052521,1.4,4,6-OHDA mice,83,12,left,raw_data/Spike times files GPe to SNr project/6-OHDA mice/PV-DIO-ChR2 in GPe/AG6927_mouse#1_6-OHDA_recorded_052521/Trajectory4_1.4mm_left_in_SNr_1mW_10s_GPe_stim_neurons_recorded_together/Neuron_recorded_in_Ch12.txt,2.4364540248635125,1.621651395163493,0.4005129903885226,33.58810619274061,0.051650322120916636,0.6301369863013698,0.1289604166666669,1.8933090909090906,0.9502341271307682,35.347189954290414,2.8,0.33613985987437567,0.1,3.751172241325867,0.007997499999999037,0.05,0.007997499999999037,1.0,2.5260780957039177,1.1503907471086223,0.5281196581196582,0.5143840127657386,0.4,0.4,0.4,0.4,0.4,0.0,0.5277686917707233,0.4,data/Split/Diseased,1.9724264699164364,1.7336930220874884,1.3386815522501345,1.3545014029345728,1.355813341322877,1.3373116634214113,1.3936618096128652,0.022472013246651306,2.010047238212765,1.3457889957456421,-1.2523149523948403,-1.6143406220586247,-1.0155098897966612,-1.0313761509477992,-0.9620081647656743,-0.8845201633083467,-0.9184784545549318,0.8520727053046208,-1.194637592037669,-0.9479426888730867,4.253607383088549,1.494904359821392,0.9280629278203748,-0.3004167290520776,0.003760370258391189,0.014235150247556904,0.035040773804202084,-0.02741394355100687,-0.002780605298508821,0.0034142425582529205,0
data/Split/Diseased/gpe_pv/pre_processed_data/6-OHDA_mice_PV-DIO-ChR2_in_GPe/Neuron_0039,AG6926,2,051121,1.7,2,6-OHDA mice,39,5,right,raw_data/Spike times files GPe to SNr project/6-OHDA mice/PV-DIO-ChR2 in GPe/AG6926_mouse#2_6-OHDA_recorded_051121/Trajectory2_1.7mm_right_in_SNr_1mW_10s_GPe_stim_neurons_recorded_together/Neuron_recorded_in_Ch5.txt,66.21784574266954,0.5360110408180713,1.5069656996323724,288.0184741215696,0.024994854432376663,0.09471218206157965,0.016586213235294082,0.6114537037037038,61.48296688841069,4.6845246528898405,62.6,0.5817900972291918,1.2,172.7975042873831,0.023460000000011406,0.07963428916376743,0.01433500000000786,0.6924224999999993,58.97582125599996,2.949409233489294,-0.2162382952542819,-0.07049125825617787,-0.6333333333333333,-0.6191370984809217,-0.6143658326143866,-0.6128911138923654,-0.5800785379852613,0.25901421649751766,-0.19181763320058584,-0.6037505174634173,data/Split/Diseased,0.3627751760390705,0.4634016882763598,-1.552894340139239,-1.501164004041005,-1.524542085350445,-1.529498603949459,-1.4488742865813604,1.679991307022593,0.4366162226920989,-1.507591711336124,2.1060468384141457,-0.5443635335362179,0.4093080703451442,1.309122556794299,-0.24494708082248526,-0.5858055184125154,-0.3909080356884505,-0.7107389980660346,2.2517519955511975,-0.3583500286150549,-3.296959102782704,2.596106739794977,0.622407166533068,0.29781138531406,0.013324720915399874,-0.012587462416348078,-0.0036429509646028696,0.02923375842916238,1.2985610392829135e-05,-0.0013620167388693175,2
data/Split/Diseased/gpe_pv/pre_processed_data/6-OHDA_mice_PV-DIO-ChR2_in_GPe/Neuron_0061,AG7518,1,012722,1.4,1,6-OHDA mice,61,9,right,raw_data/Spike times files GPe to SNr project/6-OHDA mice/PV-DIO-ChR2 in GPe/AG7518_mouse#1_6-OHDA_recorded_012722/Trajectory1_1.4mm_right_rec1_1mW_10s_GPe_cont_neurons_recorded_together/Ch9.txt,15.967026973838058,0.856897028539975,1.1792015928782598,85.65363175703774,0.06056435154071038,0.2684630738522954,0.05136047297297284,0.7701636986301372,12.433496484102339,6.888941647794392,14.7,0.7403747399666892,0.7,54.0093549573143,0.03491250000000008,0.17014874573311106,0.03491250000000008,1.0,12.604545367807585,4.474870636496202,-0.8145026670955463,-0.7666782993037418,-0.7,-0.7,-0.7,-0.7,-0.7,0.0,-0.7846866070048453,-0.7,data/Split/Diseased,-0.9309532188145864,-1.0486478182947498,-1.7394476235191987,-1.7277452863041072,-1.7677056766378993,-1.776044995409996,-1.7966842541233754,0.022472013246651306,-0.8597375282782589,-1.7812019479022014,-0.5840121880030856,0.14638252943438557,-0.23833645699204006,-0.33553607990627715,0.28615345685542476,0.3265832891148416,1.3220829377562515,0.8520727053046208,-0.5793234609033461,0.1415897182683907,-4.536293970762818,0.5711913512843922,-1.1511653833771431,0.2792684675907079,-0.05155434502094362,-0.028775995695672588,-0.04986592995757463,-0.0034948650908620256,0.001717681648865271,-0.0005541593264615659,2
data/Split/Diseased/gpe_pv/pre_processed_data/6-OHDA_mice_PV-DIO-ChR2_in_GPe/Neuron_0125,AG7518,4,022222,1.4,4,6-OHDA mice,125,9,left,raw_data/Spike times files GPe to SNr project/6-OHDA mice/PV-DIO-ChR2 in GPe/AG7518_mouse#4_6-OHDA_recorded_022222/Trajectory4_1.4mm_left_rec19_1mW_10s_GPe_cont_neurons_recorded_together/Ch9.txt,13.919332995778866,0.8718428708239466,1.2259229060502488,79.5762082106899,0.06146726370814848,0.29908256880733947,0.05013958333333322,0.7189840425531916,10.395272056107254,7.655038538788278,13.9,0.8095567487862348,0.6,38.298216342889255,0.028182499999999777,0.1343137254901961,0.023675000000000068,0.952747500000001,12.132564784866709,3.178006312226693,-0.8258212375859435,-0.7555926325630835,-0.4,-0.4,-0.4,-0.4,-0.4,0.030935039853351925,-0.8457463857960331,-0.4,data/Split/Diseased,-0.9554292811071021,-1.0245708448135977,-0.8999578483093805,-0.8871325528753764,-0.9158368535576878,-0.9269477248196124,-0.9265898731044008,0.22043576251116284,-0.9932494453574453,-0.9283862359982442,-0.628940104936985,0.4477181404720828,-0.3678653624594769,-0.5530616492525565,-0.02594491630118126,-0.03463493641915024,0.38660797412645487,0.6119811510995173,-0.608138985572299,-0.2834318658500067,-2.864211853009919,-0.4048158459536495,-0.38388908641152797,0.04116479551883687,0.0018862768972498709,-0.015001375067094522,-0.012391175853030087,0.04403829931697255,0.003743480156500151,-0.0025056897919059433,2
data/Split/Diseased/gpe_pv/pre_processed_data/6-OHDA_mice_PV-DIO-ChR2_in_GPe/Neuron_0084,AG6927,1,052521,1.4,4,6-OHDA mice,84,4,left,raw_data/Spike times files GPe to SNr project/6-OHDA mice/PV-DIO-ChR2 in GPe/AG6927_mouse#1_6-OHDA_recorded_052521/Trajectory4_1.4mm_left_in_SNr_1mW_10s_GPe_stim_neurons_recorded_together/Neuron_recorded_in_Ch4.txt,8.513006074054823,1.1825672511502763,0.966251178659843,47.73155063194725,0.09098046173478763,0.45596868884540115,0.09415818965517267,0.9120916666666664,5.094876030028615,9.368540147124868,3.7,0.43221821525094006,0.3,13.78152892927534,0.021734999999999616,0.12285714285714286,0.012576250000000044,0.9278025,2.6590041909636093,4.162948830133658,0.23134199134199135,0.2216245385180689,-0.2,-0.2,-0.2,-0.2,-0.2,0.05649146143463553,0.3152794099575882,-0.2,data/Split/Diseased,1.3306538480786836,1.09784835322649,-0.34029799816950174,-0.32672406392288916,-0.34792430483754655,-0.3608828777593565,-0.34652695242508436,0.3839799201394967,1.5454230300139387,-0.3598424280622727,-1.2017710458442035,-1.1958527750171777,-0.7564520788617873,-0.8925027629115422,-0.3249425776573739,-0.1501176798735296,-0.537316631220483,0.4852347605456489,-1.1865221412849354,0.03936352715471682,0.16944256445052708,2.5375456646717898,0.11404664741918931,0.008078393224621103,-0.026120168793414236,-0.003963061604867349,0.01602773661293712,-0.10036756251008401,-0.008638427030380732,0.006692735806588816,1
data/Split/Diseased/gpe_pv/pre_processed_data/6-OHDA_mice_PV-DIO-ChR2_in_GPe/Neuron_0135,AG7518,4,022222,1.7,5,6-OHDA mice,135,5,left,raw_data/Spike times files GPe to SNr project/6-OHDA mice/PV-DIO-ChR2 in GPe/AG7518_mouse#4_6-OHDA_recorded_022222/Trajectory5_1.7mm_left_rec25_1mW_10s_GPe_cont_neurons_recorded_together/Ch5.txt,53.313336551993345,0.4427887472082876,0.10272319181501607,247.19877711447845,0.001698784784640838,0.0072254335260115606,0.016537500000000094,5.150950000000001,53.01819107900122,4.662527560514713,37.6,0.5867814385055763,0.3,41.879104753287244,0.013355000000004225,0.044695523370638576,0.013355000000004225,1.0,36.40532569703747,1.1875565591263222,-0.5175469445126778,0.1459616840902625,0.4666666666666666,0.40361730583595656,0.4029125574633289,0.505774999708186,0.3469787595216727,-0.28462807504533477,-0.6034359984681672,0.5477287420733058,data/Split/Diseased,-0.28879555674729623,0.9335161049111841,1.525234835630094,1.3646372474226098,1.3640837309843419,1.6366892085844758,1.2398835315633705,-1.7989589966704063,-0.4634190892570964,1.7657403035453834,0.7020494342297872,-0.5226227818714287,-0.7564520788617873,-0.5034831426049133,-0.7135583825683399,-0.9379894685426112,-0.47248894464156294,0.8520727053046208,0.8737701567278738,-0.9357623304476154,3.4757682345566097,-1.8771993658958708,-0.4438789385809784,0.9381165264751194,0.2256810734028573,0.27373198192980264,-0.019335483262284466,-0.029203154135246892,0.03468726316105886,-0.016689847489839614,0
data/Split/Diseased/gpe_pv/pre_processed_data/6-OHDA_mice_PV-DIO-ChR2_in_GPe/Neuron_0008,AG6927,3,060121,1.4,4,6-OHDA mice,8,5,left,raw_data/Spike times files GPe to SNr project/6-OHDA mice/PV-DIO-ChR2 in GPe/AG6927_mouse#3_6-OHDA_recorded_060121/Trajectory4_1.4mm_left_in_SNr_1mW_10s_GPe_stim_neurons_recorded_together/Neuron_recorded_in_Ch5.txt,11.218895611915963,1.0296025062635017,1.0969586820540052,81.56652044697053,0.05882440932514602,0.3451851851851852,0.05362499999999999,0.8429415384615385,7.805450040704892,10.449944592766165,8.0,0.7955921710491023,0.4,31.537685771784034,0.02105250000000325,0.1685714285714286,0.02105250000000325,1.0,6.650943845039846,10.799431735394103,-0.008722560593528333,0.038614244145659435,0.1,0.034599832073003656,0.17149998946256478,0.14053156146179405,0.17149998946256478,0.0,0.0003845951871754516,0.08100471327723362,data/Split/Diseased,0.8115216014417286,0.700368065620376,0.4991917770403164,0.33063462307980707,0.7069732244884073,0.6029318535309465,0.7309398921748688,0.022472013246651306,0.8568812234333901,0.4389750206106987,-0.9602834923244937,0.38689272303908406,-0.6269231733943506,-0.6466632842233271,-0.3565929698829668,0.3106838783600814,0.1682957968524916,0.8520727053046208,-0.9428048365130691,2.214339293380115,1.6776891011752002,0.6628411548696335,0.437337170712844,-0.11127847606388405,-0.3333284938905514,-0.01584986448160908,0.06637059886087554,-0.034678531454073826,0.012767505514202252,0.009621039594042922,1
data/Split/Diseased/gpe_pv/pre_processed_data/6-OHDA_mice_PV-DIO-ChR2_in_GPe/Neuron_0080,AG6926,1,050621,1.4,1,6-OHDA mice,80,15,right,raw_data/Spike times files GPe to SNr project/6-OHDA mice/PV-DIO-ChR2 in GPe/AG6926_mouse#1_6-OHDA_recorded_050621/Trajectory1_1.4mm_right_in_SNr_1mW_10s_GPe_stim_neurons_recorded_together/Neuron_recorded_in_Ch15.txt,14.119413201155345,0.8430803171173515,0.7935969949127126,60.377282582683925,0.056058534391683075,0.22014051522248243,0.07063854166666662,1.054604347826087,11.665085924917832,5.175896943348852,16.6,0.5145347761228671,0.1,7.920792079207992,0.003787499999999966,0.016666666666666666,0.003787499999999966,1.0,16.359048980122125,0.5080528052805329,-0.1815676820398734,-0.01830268609233788,0.0,0.0,0.0,0.0,0.0,0.0,-0.19479906806493144,0.0,data/Split/Diseased,0.4377493160575066,0.576750113536108,0.21936185197037703,0.23368442502959813,0.21998824388259466,0.20518196930089944,0.23353596825423217,0.022472013246651306,0.43009708534398006,0.20870137987369894,-0.4773083852850742,-0.8373070838452851,-1.0155098897966612,-0.9736464757503505,-1.157243551242489,-1.2205212995203547,-1.2689433797500882,0.8520727053046208,-0.35010218492158734,-1.158456220987484,0.7432562649589136,0.5373035005522637,0.23200792678851095,0.12516112574803212,0.023974765791399996,-0.03017253727724837,0.006513204453874015,0.00970709376858478,0.001566147920861908,-9.856819867475377e-05,1
data/Split/Diseased/gpe_pv/pre_processed_data/6-OHDA_mice_PV-DIO-ChR2_in_GPe/Neuron_0112,AG6926,3,051321,1.4,1,6-OHDA mice,112,12,right,raw_data/Spike times files GPe to SNr project/6-OHDA mice/PV-DIO-ChR2 in GPe/AG6926_mouse#3_6-OHDA_recorded_051321/Trajectory1_1.4mm_right_in_SNr_1mW_10s_GPe_stim_neurons_recorded_together/Neuron_recorded_in_Ch12.txt,70.72116294054052,1.000979951495897,3.841725903713822,288.697784376365,0.0990872977926357,0.36584789796882383,0.025792391304347705,0.22271244541484728,49.78059919340595,5.799403563921074,35.5,0.9880575399666481,2.6,143.63107191089244,0.07735000000001549,0.32504949693935925,0.029610763888894963,0.576265937499995,21.540354778744984,5.666248147903899,-0.07729987154514642,0.017120534606259695,0.06499999999999999,0.19711715478156053,0.03990258677810334,0.11785747463735774,0.1818737559974993,-0.13146930459870684,-0.09549994565405409,0.20882601875506418,data/Split/Diseased,0.6632252652454677,0.6536858509463861,0.40125130326583763,0.7860150593183376,0.33329414267099106,0.5387568360784188,0.7610270787483662,-0.8188443896070552,0.647222277406916,0.802335079369263,0.5841136522783009,1.225212837415107,2.2227127468892602,0.9053042872087457,2.2541586144836083,1.8879881412766297,0.880735538805343,-1.3009344294558836,-0.03377127968113224,0.5320400897571386,1.8859919904588323,0.2696416518060629,-0.30238746130314886,0.06819400629887311,0.11297098356187715,0.010145629285353317,-0.4669273476024132,0.0016733221666615458,-0.02711997257522505,-0.06121772765329471,1
data/Split/Diseased/gpe_pv/pre_processed_data/6-OHDA_mice_PV-DIO-ChR2_in_GPe/Neuron_0055,AG7518,1,012722,1.7,2,6-OHDA mice,55,4,right,raw_data/Spike times files GPe to SNr project/6-OHDA mice/PV-DIO-ChR2 in GPe/AG7518_mouse#1_6-OHDA_recorded_012722/Trajectory2_1.7mm_right_rec7_1mW_10s_GPe_cont_neurons_recorded_together/Ch4.txt,39.91833461125995,0.7537388457174905,2.0115914692846966,213.79386496161996,0.0470026633993546,0.21138743455497383,0.023365909090909156,0.4692457236842104,33.03272638554127,6.472183448206065,37.5,0.7081854649566225,1.3,143.25007001149493,0.028882499999998857,0.129515717876336,0.018183750000000033,0.8075716666666676,33.42670240932138,4.264777946364695,-0.4324172777036292,0.04800072656853377,-0.39333333333333337,-0.4671357310100411,-0.2235792377085713,-0.17304127004797915,-0.12676151040276018,0.16608215927083134,-0.44994513540036357,-0.22336675409739443,data/Split/Diseased,-0.1047052575768172,0.7207545785531496,-0.8813025199713846,-1.0752497207256653,-0.41487902975731045,-0.2845809310232093,-0.134112291515501,1.0852877423053304,-0.1277994753635902,-0.4262675448304531,0.6964334446130497,0.006175920526571998,0.5388369758125812,0.9000291981701725,0.006517024443146696,-0.08299901671347594,-0.07051566494203423,-0.1256621790527877,0.6919181994039175,0.07273600219312915,-1.3388933153989604,0.9562290700304266,0.9311818642390673,0.7567661279130917,-0.5754960054001559,0.2333215825960177,-0.17647289479327757,-0.014485461850771207,-0.015032377871564714,-0.010683696188968377,1
data/Split/Diseased/gpe_pv/pre_processed_data/6-OHDA_mice_PV-DIO-ChR2_in_GPe/Neuron_0041,AG6926,2,051121,1.4,4,6-OHDA mice,41,15,left,raw_data/Spike times files GPe to SNr project/6-OHDA mice/PV-DIO-ChR2 in GPe/AG6926_mouse#2_6-OHDA_recorded_051121/Trajectory4_1.4mm_left_in_SNr_1mW_10s_GPe_stim_neurons_recorded_together/Neuron_recorded_in_Ch15.txt,13.61746548687667,0.666717242831692,0.38476868083312454,87.65015129933978,0.017681793791589944,0.09090909090909091,0.0459543478260867,2.3939977272727275,12.602346165161409,6.9550661559864535,10.7,0.49103324933558506,0.1,6.165703275527099,0.00648750000000291,0.026666666666666665,0.00648750000000291,1.0,10.376313327095344,0.5241548432297363,0.13922480869742532,0.12993860645684605,0.3,0.329222342103069,0.2582354547937813,0.2743801652892562,0.2582354547937813,0.0,0.10600210259002205,0.31328899325128523,data/Split/Diseased,1.1314532597594853,0.8987155625269102,1.058851627180195,1.1561794013664968,0.9532640203918002,0.9817668008050521,0.9825000289073942,0.022472013246651306,1.0878220517436674,1.0992939659112622,-0.8086517726725829,-0.9396725261850233,-1.0155098897966612,-0.9979462226142375,-1.0320332083712085,-1.1197209586567523,-1.044179651002306,0.8520727053046208,-0.7153622677059931,-1.1531790971213776,2.8892653898755163,0.526810151536036,0.7026302094998127,-0.33106860896525553,0.19335601840861014,0.03315868389540158,-0.004325336434466605,0.022145869561705667,0.007856048068500137,-0.00010398774608124375,0
data/Split/Diseased/gpe_pv/pre_processed_data/6-OHDA_mice_PV-DIO-ChR2_in_GPe/Neuron_0085,AG6927,1,052521,1.4,4,6-OHDA mice,85,7,left,raw_data/Spike times files GPe to SNr project/6-OHDA mice/PV-DIO-ChR2 in GPe/AG6927_mouse#1_6-OHDA_recorded_052521/Trajectory4_1.4mm_left_in_SNr_1mW_10s_GPe_stim_neurons_recorded_together/Neuron_recorded_in_Ch7.txt,2.3989684435692653,0.874954767312595,0.23323304312478968,20.006271868475427,0.04885982360918141,0.3055555555555556,0.20948928571428582,4.000726923076923,1.7515297422886715,11.42217079473274,1.3,0.06807777983383453,0.0,0.0,0.0,0.0,0.0,1.0,1.3,0.0,-0.6333333333333333,-0.1,0.0,0.0,0.0,0.0,0.0,0.0,-0.6333333333333333,0.0,data/Split/Diseased,-0.5391800790510797,0.39931161511708047,0.21936185197037703,0.23368442502959813,0.21998824388259466,0.20518196930089944,0.23353596825423217,0.022472013246651306,-0.5287919185144274,0.20870137987369894,-1.3365547966459017,-2.781936823200318,-1.145038795264098,-1.0833122898576288,-1.332885837770064,-1.3885218676263587,-1.5842369436876027,0.8520727053046208,-1.2694925434695261,-1.3249604605406522,0.17218423327341292,-0.6057687169290848,0.36430586582478974,0.6151340412221152,0.11113898312393324,-0.10890236694666178,0.010229061049431094,-0.025194786251609164,0.00019859983184326532,0.00036756109522843535,1
data/Split/Diseased/gpe_pv/pre_processed_data/6-OHDA_mice_PV-DIO-ChR2_in_GPe/Neuron_0002,AG6927,3,060121,1.0,3,6-OHDA mice,2,4,right,raw_data/Spike times files GPe to SNr project/6-OHDA mice/PV-DIO-ChR2 in GPe/AG6927_mouse#3_6-OHDA_recorded_060121/Trajectory3_1.0mm_right_in_SNr_1mW_10s_GPe_stim_neurons_recorded_together/Neuron_recorded_in_Ch4.txt,25.139304108756097,0.9579435667917576,1.7326178384448285,109.8951893813373,0.06679895585257034,0.2613784135240572,0.03855377358490553,0.5133413461538463,19.897569553916103,5.523045871685795,26.2,1.161019692380734,2.0,113.212321315078,0.0801099999999991,0.3569578243107655,0.03912875000000137,0.518043750000001,18.464889967405632,7.202402552717179,0.020248580217239815,-0.1786960901416816,-0.23666666666666666,-0.06500759308553496,-0.29164080733755143,-0.2712545847157425,-0.17230374122155584,0.35946801115941734,0.13856762755835,-0.14862999053247378,data/Split/Diseased,0.8741708068136623,0.22839147835504667,-0.44290230402847947,0.051530389972084104,-0.6081441271467477,-0.5625564557566506,-0.26619908863051195,2.3228290054185847,1.1590290845120053,-0.21381192408040128,0.06182661792171944,1.978582922693244,1.445539314084639,0.4841472848714483,2.3821514094177956,2.209625168819146,1.6730681493607304,-1.5967633376849673,-0.22153563978987562,1.035484256094242,-0.7793617380923115,2.0222131051962835,1.8322029221245595,-0.8726516013243576,0.428480039645373,-0.07261485851945117,-0.22314625222991538,-0.09754253231331572,-0.02673910527321199,-0.002163226999543734,1
data/Split/Diseased/gpe_pv/pre_processed_data/6-OHDA_mice_PV-DIO-ChR2_in_GPe/Neuron_0069,AG6926,1,050621,1.0,3,6-OHDA mice,69,13,right,raw_data/Spike times files GPe to SNr project/6-OHDA mice/PV-DIO-ChR2 in GPe/AG6926_mouse#1_6-OHDA_recorded_050621/Trajectory3_1.0mm_right_in_SNr_1mW_10s_GPe_stim_neurons_recorded_together/Neuron_recorded_in_Ch13.txt,2.8654404969206926,1.058166288554495,0.23323352881912615,16.565659963948736,0.07136529493420961,0.38372093023255816,0.3059821428571437,2.4723230769230757,1.9016207280247321,8.71133750269748,4.5,0.3669304404772327,0.0,0.0,0.0,0.0,0.0,1.0,4.5,0.0,-0.9,-0.7699530252620329,0.0,0.0,0.0,0.0,0.0,0.0,-0.9,0.0,data/Split/Diseased,-1.115838584664344,-1.0557601997058417,0.21936185197037703,0.23368442502959813,0.21998824388259466,0.20518196930089944,0.23353596825423217,0.022472013246651306,-1.1118791584721543,0.20870137987369894,-1.1568431289103038,-1.4802262969836055,-1.145038795264098,-1.0833122898576288,-1.332885837770064,-1.3885218676263587,-1.5842369436876027,0.8520727053046208,-1.0741250171910144,-1.3249604605406522,-0.55702577575882,-1.838060085582245,0.2044050497665676,-0.22249029952599436,0.03859175090722755,-0.025775350013042937,9.477111089325856e-05,-0.027989999321343273,-0.0016139251486749114,0.0011933504158795733,2
data/Split/Diseased/gpe_pv/pre_processed_data/6-OHDA_mice_PV-DIO-ChR2_in_GPe/Neuron_0042,AG6926,2,051121,1.4,4,6-OHDA mice,42,4,left,raw_data/Spike times files GPe to SNr project/6-OHDA mice/PV-DIO-ChR2 in GPe/AG6926_mouse#2_6-OHDA_recorded_051121/Trajectory4_1.4mm_left_in_SNr_1mW_10s_GPe_stim_neurons_recorded_together/Neuron_recorded_in_Ch4.txt,24.24042689248685,0.9139837305325745,1.6394491618107045,127.81809253270731,0.05457065461281194,0.24361628709454797,0.03328596938775514,0.5707376288659793,19.39337316406599,6.5908128230906025,14.9,0.8061106737726543,0.9,72.30587034169216,0.025617500000001313,0.1498155467720685,0.015762916666667102,0.7830162499999972,12.042104965554403,5.1799208514088715,-0.24871523112902424,-0.23118140128837084,0.08,0.07280022820431595,0.10225673522022305,0.127741002595571,0.12204455357212277,-0.03728747735561821,-0.3248354341970564,0.12636536642585297,data/Split/Diseased,0.2925447961324702,0.11439856532672064,0.44322579202632856,0.4376737544464829,0.5103526594961821,0.5667304247888277,0.5875035692444763,-0.21614312521530654,0.14576253851105572,0.567922612968593,-0.5727802087696107,0.4327080946868028,0.020721353942833736,-0.08221517021831941,-0.1448947420286967,0.12162395050278792,-0.272039934081382,-0.25042908348440324,-0.6136617702993759,0.37265595520415595,1.1726935674820531,-0.2557928171987522,0.1778946984676626,-0.14816000851511224,-0.09926887978845174,0.10213542818270639,-0.06811568287349606,0.07481922853857588,-0.0026184601912213235,-0.012478245457313004,1
data/Split/Diseased/gpe_pv/pre_processed_data/6-OHDA_mice_PV-DIO-ChR2_in_GPe/Neuron_0038,AG6926,2,051121,1.7,2,6-OHDA mice,38,3,right,raw_data/Spike times files GPe to SNr project/6-OHDA mice/PV-DIO-ChR2 in GPe/AG6926_mouse#2_6-OHDA_recorded_051121/Trajectory2_1.7mm_right_in_SNr_1mW_10s_GPe_stim_neurons_recorded_together/Neuron_recorded_in_Ch3.txt,40.972664046983574,0.7128895309235703,1.5483855599150769,189.1559815619345,0.037146365115270426,0.14728682170542637,0.02399038461538466,0.521549342105263,36.28581678136558,5.212945396865773,36.9,0.6446149370450738,1.4,129.79078054382,0.036709999999995094,0.14208919346116705,0.025633333333330198,0.6977037499999976,32.95225705812375,4.095209392149139,-0.9288109161793372,-0.7374045216697646,-0.9,-0.9,-0.9,-0.9,-0.9,0.25641166643329594,-0.9176537236013864,-0.9,data/Split/Diseased,-1.1781413091743151,-0.9850680639799845,-2.299107473659077,-2.288153775256595,-2.335618225358041,-2.342109842470252,-2.3767471748026923,1.6633367117544344,-1.1504803871085627,-2.3497457558381734,0.6627375069126249,-0.2707178008191352,0.6683658812800178,0.7136811761519407,0.36951108326663085,0.0437420457656392,0.549631048989371,-0.6839047877989517,0.6629521948358486,0.017163268653745692,-6.243655939213215,1.16996484671094,0.05458371981942366,0.37980385180605747,0.08384869496145873,-0.022395743373969892,0.062142361941480144,0.056317294647101966,-0.0005036952082478337,-0.0022349628920969892,2
data/Split/Diseased/gpe_pv/pre_processed_data/6-OHDA_mice_PV-DIO-ChR2_in_GPe/Neuron_0113,AG6926,3,051321,1.4,1,6-OHDA mice,113,15,right,raw_data/Spike times files GPe to SNr project/6-OHDA mice/PV-DIO-ChR2 in GPe/AG6926_mouse#3_6-OHDA_recorded_051321/Trajectory1_1.4mm_right_in_SNr_1mW_10s_GPe_stim_neurons_recorded_together/Neuron_recorded_in_Ch15.txt,23.352139186802017,0.944488322831037,2.0466673712570733,148.31644594555593,0.061499838111966236,0.33189655172413796,0.03004877049180333,0.4455599999999999,16.624019205211006,8.921816325805512,24.3,0.9415800720460539,2.0,153.43949464894453,0.054160000000008424,0.309991665855755,0.02881958333333673,0.4757799999999975,17.464407682952768,8.914863969521443,-0.6890077071884473,-0.46473334415797724,-0.7333333333333333,-0.6698490840807796,-0.7933534975633938,-0.6494345569150909,-0.7629590106759501,0.4313538974492742,-0.6688778820204647,-0.5378451689720092,data/Split/Diseased,-0.6595742086569955,-0.3928531919644431,-1.8327242652091782,-1.6432611401499884,-2.032788790303732,-1.6329283963780303,-1.9792851922022348,2.7828510269386397,-0.6065128164751368,-1.3202413223628617,-0.04487718479629174,1.0227712426376452,1.445539314084639,1.0411049311241933,1.1787408918233453,1.7362046906872441,0.8148730603683739,-1.8115068840377953,-0.28261743635207265,1.5967095519799577,-4.8460371983138755,1.52793926652095,1.4928855973690613,0.13770654750594769,0.4970592861923948,0.43231288439607735,-0.07986501913330256,-0.018869619273965552,-0.05069568727527855,-0.011928124513013729,2
data/Split/Diseased/gpe_pv/pre_processed_data/6-OHDA_mice_PV-DIO-ChR2_in_GPe/Neuron_0047,AG6926,2,051121,1.4,1,6-OHDA mice,47,5,right,raw_data/Spike times files GPe to SNr project/6-OHDA mice/PV-DIO-ChR2 in GPe/AG6926_mouse#2_6-OHDA_recorded_051121/Trajectory1_1.4mm_right_in_SNr_1mW_10s_GPe_stim_neurons_recorded_together/Neuron_recorded_in_Ch5.txt,38.395687407065175,0.8281187182460189,2.6686837467986217,195.25195051229116,0.061862591141804465,0.27801911381407474,0.023180937499999922,0.3329351265822786,29.548925517861804,6.607751283350889,39.6,0.7469602039888158,2.5,218.87112375468138,0.05135250000002003,0.24266995259642318,0.020332916666673383,0.35426083333332736,31.460866805730042,7.023688150607614,-0.6709681200293054,-0.08896610170936443,-0.62,-0.7025416540861429,-0.5287510312219083,-0.44322929248618675,-0.5101818217257421,0.23278028044101068,-0.7061536402920329,-0.437864525119946,data/Split/Diseased,-0.6205641535079792,0.4232761526367777,-1.515583683463247,-1.7348671089333836,-1.2814334850155897,-1.0493006390181943,-1.2461518196844095,1.5121115058543764,-0.6880191377547621,-1.0360244424851508,0.8143692265645358,0.17506679083319057,2.0931838414218236,1.9470260564977573,1.0485453223384256,1.0575995262810096,0.10839348828071285,-2.4289498889732046,0.5718993122339598,0.9769141521381753,-3.417717717421782,1.153422708539739,0.8081825761323882,1.0203432695856234,-0.20014648697043896,0.39940285284852406,-0.04726522294909663,0.008621288634403102,0.0036619111136005616,0.023052262040971754,2
data/Split/Diseased/gpe_pv/pre_processed_data/6-OHDA_mice_PV-DIO-ChR2_in_GPe/Neuron_0018,AG7518,2,020122,1.7,5,6-OHDA mice,18,2,left,raw_data/Spike times files GPe to SNr project/6-OHDA mice/PV-DIO-ChR2 in GPe/AG7518_mouse#2_6-OHDA_recorded_020122/Trajectory5_1.7mm_left_rec21_1mW_10s_GPe_neurons_recorded_together/Ch2.txt,17.13126644519941,0.6425652688240906,0.35166822614778853,86.41149067230175,0.017356710897318876,0.07624633431085044,0.04935535714285634,2.6761711538461546,16.104592940436646,5.365642645666203,21.3,0.5849171325676484,0.3,46.593713659436034,0.004767499999996971,0.036,0.002889999999999304,0.945010000000002,20.496631367424982,2.1924851239277574,-0.09670499756816836,0.05599244055226622,0.06666666666666668,0.06834140018232929,0.10949081048517244,0.12987012987012986,0.14151090342686357,0.03792152265360816,-0.12375323715203437,0.13234937858104173,data/Split/Diseased,0.6212622740941943,0.7381117921657117,0.40591513535033663,0.4251799290749801,0.5308942701029358,0.5727565453140525,0.643962108003008,0.26514462132845273,0.5854442758096218,0.5849334782558239,-0.2133568732984148,-0.5307431267205073,-0.7564520788617873,-0.4382079253387722,-1.111796834200509,-1.0256406405173901,-1.343656508102334,0.5726666513235948,-0.09749304874005674,-0.6064169066089902,1.4540867988886674,0.4885297419274134,0.6856732825621904,0.02843445838665597,-0.0974831799925285,0.07681097559508679,-0.07519956863122769,0.010416415761302558,-0.014368427200724605,0.005164955913585558,1
data/Split/Diseased/gpe_pv/pre_processed_data/6-OHDA_mice_PV-DIO-ChR2_in_GPe/Neuron_0108,AG6926,3,051321,1.7,5,6-OHDA mice,108,2,left,raw_data/Spike times files GPe to SNr project/6-OHDA mice/PV-DIO-ChR2 in GPe/AG6926_mouse#3_6-OHDA_recorded_051321/Trajectory5_1.7mm_left_in_SNr_1mW_10s_GPe_stim_neurons_recorded_together/Neuron_recorded_in_Ch2.txt,67.98540362377857,0.932462252391678,3.83063273725357,263.37711154676,0.10976594833975394,0.38265556099951004,0.028654782608695684,0.21571320960698687,47.145366751665534,5.586489822723788,33.5,0.841981776186436,2.0,116.46655977531097,0.06402249999999796,0.26380641535611116,0.022535000000000593,0.46629500000000085,24.749692142941534,4.860271066723511,-0.3012750018937677,0.12487522943333276,0.04000000000000001,0.09302487586910367,0.14515156046371663,0.244604156489817,0.2911378782721803,0.16783554683017476,-0.36454589381362734,0.3507747028559504,data/Split/Diseased,0.17888590039032257,0.8877184076266029,0.3312938219983528,0.49434407563358357,0.6321552071508696,0.8974910414694552,1.0779274082089334,1.0965082604235177,0.058932554903759066,1.2058553063203536,0.4717938599435522,0.5889516144817765,1.445539314084639,0.5292032220140818,1.6361064498105105,1.2706557913637482,0.2917077330997607,-1.8597004905482368,0.16216631464270492,0.2678970723298029,1.5363979829278935,-0.13411895858489464,1.7815752267996061,0.28815705370238137,-0.11447323077058252,0.3777980154048876,-0.43743886304438745,0.00918157050834164,-0.0037107159283097466,0.04051273032002301,1
data/Split/Diseased/gpe_pv/pre_processed_data/6-OHDA_mice_PV-DIO-ChR2_in_GPe/Neuron_0068,AG6926,1,050621,1.0,3,6-OHDA mice,68,10,right,raw_data/Spike times files GPe to SNr project/6-OHDA mice/PV-DIO-ChR2 in GPe/AG6926_mouse#1_6-OHDA_recorded_050621/Trajectory3_1.0mm_right_in_SNr_1mW_10s_GPe_stim_neurons_recorded_together/Neuron_recorded_in_Ch10.txt,1.1347934342186947,1.576181373963049,0.13350510990808173,12.274773780520908,0.06606333482414045,0.6470588235294118,0.4948375000000005,3.8830083333333327,0.428846349713477,28.622777805435422,2.7,0.28786467144835576,0.1,2.3081361800345914,0.012997500000000172,0.06,0.012997500000000172,1.0,2.429878451768628,1.0040680900172956,-0.29666666666666663,-0.24040950891696794,-0.1,-0.1,-0.1,-0.1,-0.1,0.0,-0.29666666666666663,-0.1,data/Split/Diseased,0.18885128428566658,0.09435602680803534,-0.06046807309956236,-0.04651981944664552,-0.06396803047747593,-0.07785045422922851,-0.0564954920854261,0.022472013246651306,0.20735572193220247,-0.07557052409428686,-1.2579309420115778,-1.8246125359641485,-1.0155098897966612,-1.051355431159317,-0.7301371594486886,-0.7837198224447445,-0.5022493272445835,0.8520727053046208,-1.200510806557829,-0.995897040261694,-0.10756371311111936,0.3900371967369154,-0.002151795991099381,-0.03273595952066943,-0.004898659864159306,-0.012287377853378561,-0.003806733804641728,-0.002478451666329715,0.000449316948639684,0.0005597322584552229,1
data/Split/Diseased/gpe_pv/pre_processed_data/6-OHDA_mice_PV-DIO-ChR2_in_GPe/Neuron_0091,AG6927,1,052521,1.7,5,6-OHDA mice,91,4,left,raw_data/Spike times files GPe to SNr project/6-OHDA mice/PV-DIO-ChR2 in GPe/AG6927_mouse#1_6-OHDA_recorded_052521/Trajectory5_1.7mm_left_in_SNr_1mW_10s_GPe_stim_neurons_recorded_together/Neuron_recorded_in_Ch4.txt,23.836673902997703,0.659002812709296,0.7313902731742671,136.22815593292015,0.018174217163070317,0.09902370990237098,0.02484886363636392,1.3372845238095235,21.873817531390713,6.227909496704068,30.3,0.6271250370098322,1.1,158.70926181511544,0.018975000000006757,0.1178433123300227,0.01477833333333578,0.8560999999999964,27.179665197358986,6.02458428059386,-0.11374894919690126,0.10517846661302385,-0.2733333333333333,-0.3260694012433185,-0.19472310127400463,-0.18935224974692139,-0.2251971303903512,0.04902477263391131,-0.11509691633322668,-0.27278901181329995,data/Split/Diseased,0.5844052503093073,0.844938983782858,-0.5455066098874572,-0.6799758771924539,-0.332940219813456,-0.3307462921666327,-0.41960655765990773,0.3361980612316103,0.6043719891137239,-0.5667611378234225,0.29208219220795434,-0.3468984409022366,0.27977916487770754,1.114066486061477,-0.4529353725919898,-0.20065726249013438,-0.35400238640072534,0.12091192756553915,0.31052188481926024,0.6494776565963177,-0.6160535674979426,1.6269942400490882,0.10275746714092754,0.44992159103928486,-0.26730499970546734,0.0451598069040872,0.10600779177098804,0.0043028816549846895,-0.07011267930591206,0.0021188879685162224,1
data/Split/Diseased/gpe_pv/pre_processed_data/6-OHDA_mice_PV-DIO-ChR2_in_GPe/Neuron_0056,AG7518,1,012722,1.4,1,6-OHDA mice,56,10,right,raw_data/Spike times files GPe to SNr project/6-OHDA mice/PV-DIO-ChR2 in GPe/AG7518_mouse#1_6-OHDA_recorded_012722/Trajectory1_1.4mm_right_rec1_1mW_10s_GPe_cont_neurons_recorded_together/Ch10.txt,58.131451497566104,1.024402154633453,2.071570365867213,208.24812351668965,0.07236274153215792,0.23273026315789475,0.03493134615384644,0.44737693798449585,48.08183703881851,4.331118283782753,54.7,0.9946878464890416,2.4,189.09386280900037,0.06456999999999269,0.2245997459654983,0.024000833333328895,0.38077687500000723,45.60541609883848,4.363783234731651,-0.9923734853884534,-1.0,-0.9,-0.9,-0.9,-0.9,-0.9,0.5239361890534349,-0.9907838490894694,-0.9,data/Split/Diseased,-1.3155934198233226,-1.5553995123211926,-2.299107473659077,-2.288153775256595,-2.335618225358041,-2.342109842470252,-2.3767471748026923,3.3753163235195993,-1.3103850484658446,-2.3497457558381734,1.6623836586918885,1.2540924189910643,1.9636549359543864,1.5347506766067733,1.6614963248924703,0.8754512274937142,0.4137322389224647,-2.2942209824577695,1.4354573140211684,0.1051830236049678,-6.915378128778656,1.0378737587326854,1.5709189516090691,-0.32837900882359966,0.17267546187789318,0.05972819156529828,0.18626447775394972,0.08914512718965185,-0.00692116616940247,-0.001343104872210096,2
data/Split/Diseased/gpe_pv/pre_processed_data/6-OHDA_mice_PV-DIO-ChR2_in_GPe/Neuron_0092,AG6927,1,052521,1.7,5,6-OHDA mice,92,7,left,raw_data/Spike times files GPe to SNr project/6-OHDA mice/PV-DIO-ChR2 in GPe/AG6927_mouse#1_6-OHDA_recorded_052521/Trajectory5_1.7mm_left_in_SNr_1mW_10s_GPe_stim_neurons_recorded_together/Neuron_recorded_in_Ch7.txt,13.37251147646065,0.7298831216677453,0.6630997426344124,56.361897575287315,0.04173936588324213,0.16942148760330578,0.0629458333333336,1.2362681818181815,11.590709556136375,4.862678794798037,12.0,0.6986517191339328,0.2,3.909273290154664,0.017859999999998877,0.07777777777777778,0.008929999999999438,0.9055075000000017,11.343486729973213,1.6055385402665425,-0.5467114241108049,-0.5077827802269667,-0.1,-0.1,-0.1,-0.1,-0.1,0.08955998388739841,-0.48392719759114566,-0.1,data/Split/Diseased,-0.3518628513299631,-0.4863523160911055,-0.06046807309956236,-0.04651981944664552,-0.06396803047747593,-0.07785045422922851,-0.0564954920854261,0.5955965438264159,-0.20210387605444627,-0.07557052409428686,-0.7356439076549963,-0.03535015210384072,-0.8859809843292243,-1.0291871930686323,-0.5046426067780313,-0.604519216465007,-0.840851722311536,0.3719531098181217,-0.6563140567051745,-0.7987770186978845,-0.673774964575836,-0.2809312993077437,0.5085601512173396,-0.3190979479436058,0.03544616479475412,-0.004503278838895069,0.03473875622319168,-0.09626254687237172,-0.009581016361866495,0.005939743652032977,1
data/Split/Diseased/gpe_pv/pre_processed_data/6-OHDA_mice_PV-DIO-ChR2_in_GPe/Neuron_0033,AG6926,2,051121,1.0,3,6-OHDA mice,33,5,right,raw_data/Spike times files GPe to SNr project/6-OHDA mice/PV-DIO-ChR2 in GPe/AG6926_mouse#2_6-OHDA_recorded_051121/Trajectory3_1.0mm_right_in_SNr_1mW_10s_GPe_stim_neurons_recorded_together/Neuron_recorded_in_Ch5.txt,8.471611158771875,1.0068751095805744,0.5867163133608899,111.23688065207764,0.02569066169436542,0.2635135135135135,0.04378719512195166,0.7677274999999997,6.40374354622721,17.370602031309215,22.4,0.6050054580233517,0.3,34.14002287687307,0.011400000000000432,0.05956937799043062,0.011400000000000432,1.0,21.393590614666415,2.0770027628358956,0.12052182657218105,0.02397220154200645,0.5,0.5195832043857396,0.45893443206199613,0.43047689442269055,0.45893443206199613,0.0,0.10571658410584509,0.46457546506831193,data/Split/Diseased,1.0910086332987792,0.6685669949472808,1.6185114773200737,1.6895786173041165,1.5231613589213882,1.4235711563226707,1.5645902035651564,0.022472013246651306,1.0871977435503086,1.5293588997915142,-0.15158098751430313,-0.44324454249020573,-0.7564520788617873,-0.6106331228004176,-0.8042199456474367,-0.7880605069795408,-0.6352345334201879,0.8520727053046208,-0.04273157708187086,-0.6442639621031282,3.88427171801851,-0.15379671868837902,1.0104294736379682,-0.691922892857676,0.1640427869725382,-0.07832825400177067,0.04368220161916548,-0.004123420423575101,0.045404548622758556,0.01347827446575382,0
data/Split/Diseased/gpe_pv/pre_processed_data/6-OHDA_mice_PV-DIO-ChR2_in_GPe/Neuron_0053,AG7518,1,012722,1.7,2,6-OHDA mice,53,10,right,raw_data/Spike times files GPe to SNr project/6-OHDA mice/PV-DIO-ChR2 in GPe/AG7518_mouse#1_6-OHDA_recorded_012722/Trajectory2_1.7mm_right_rec7_1mW_10s_GPe_cont_neurons_recorded_together/Ch10.txt,6.998420053654553,1.155664246892404,0.88092000675372,66.94664174282819,0.0594131604555008,0.4172494172494173,0.06744444444444435,1.047133962264151,4.335945596023417,15.439917374476817,21.9,1.0578913607207787,1.5,94.77096666243183,0.04549249999999176,0.2529087089381207,0.022706874999996768,0.6802441666666691,17.2829200600471,6.945682158137582,-0.9033333333333333,-0.825107423641807,-0.7,-0.7,-0.7,-0.7,-0.7,0.26009419956310265,-0.8762404979220684,-0.7,data/Split/Diseased,-1.12304681598451,-1.175550106639295,-1.7394476235191987,-1.7277452863041072,-1.7677056766378993,-1.776044995409996,-1.7966842541233754,1.6869024827579047,-1.0599271741369378,-1.7812019479022014,-0.1796609355979903,1.5293875413172822,0.7978947867474548,0.2288210307544855,0.7767925041056692,1.1608065392072573,0.3060156093507323,-0.7726175225383296,-0.2936976825824625,0.9513492338426428,-5.094420674733503,0.559353079891615,0.4076152758511578,-0.016755994015406228,0.07994154289097923,0.003838822555611396,0.07491703915467855,0.01570113843245144,-0.004648424375527866,0.00041385623220353704,2
data/Split/Diseased/gpe_pv/pre_processed_data/6-OHDA_mice_PV-DIO-ChR2_in_GPe/Neuron_0087,AG6927,1,052521,1.0,6,6-OHDA mice,87,12,left,raw_data/Spike times files GPe to SNr project/6-OHDA mice/PV-DIO-ChR2 in GPe/AG6927_mouse#1_6-OHDA_recorded_052521/Trajectory6_1.0mm_left_in_SNr_1mW_10s_GPe_stim_neurons_recorded_together/Neuron_recorded_in_Ch12.txt,4.25888355696631,1.0782461618201489,0.4325428612543909,34.04039516099475,0.07301073954015706,0.3984375,0.16879423076923084,2.2918083333333334,2.763769494445541,12.316654927050575,11.8,0.6708481010863069,0.4,25.736030545142967,0.01605749999999375,0.09260504201680672,0.011666249999996126,0.9099225000000046,10.660740719357031,2.6199373816118063,-0.0030692330102048025,-0.07302348615014462,0.2666666666666667,0.279458432306203,0.30176521946033075,0.2968967428114032,0.3327509023595931,0.006319052477607068,-0.024811797220733862,0.29031077851465403,data/Split/Diseased,0.8237467493265096,0.45790193934130824,0.9655749854902155,1.0167388138983489,1.0768695183766406,1.0454960158620248,1.1986182696611503,0.06290976041608809,0.8017873675358165,1.0339733573815884,-0.7468758868884711,-0.15645418444400946,-0.6269231733943506,-0.7269889937277428,-0.5882321041950234,-0.455059887528125,-0.6130703323912754,0.3943858744721878,-0.6979973064459889,-0.46632789938135005,2.628606943630053,0.0012929629693901323,0.7583533142214531,-0.4940901265104477,-0.11207973149901897,0.0043795911468208866,-0.051943216200200586,0.006424767974100128,-0.013927882343906607,0.0027607649324310657,0
data/Split/Diseased/gpe_pv/pre_processed_data/6-OHDA_mice_PV-DIO-ChR2_in_GPe/Neuron_0007,AG6927,3,060121,1.4,4,6-OHDA mice,7,13,left,raw_data/Spike times files GPe to SNr project/6-OHDA mice/PV-DIO-ChR2 in GPe/AG6927_mouse#3_6-OHDA_recorded_060121/Trajectory4_1.4mm_left_in_SNr_1mW_10s_GPe_stim_neurons_recorded_together/Neuron_recorded_in_Ch13.txt,13.354450196122725,1.1196897965611228,1.5281211667205108,89.83781662305651,0.07081761956925291,0.42786069651741293,0.04634293478260893,0.5731749999999998,8.222934479300553,10.925274529330576,20.7,0.9875332650908284,2.2,108.34949550543794,0.07746499999999087,0.36192378752267196,0.03376062499999742,0.5218150000000032,13.433427869490396,7.963647627548755,0.045921852462552024,-0.02597821251100907,-0.32,-0.08561874307791542,-0.42636365060221815,-0.3465888020101969,-0.32954101029083976,0.23835279810988697,0.1406637645996205,-0.1726999379585506,data/Split/Diseased,0.9296884723406034,0.5600796280921935,-0.676093908253429,-0.0062229271419309215,-0.9906980935930527,-0.7757767167125976,-0.7222366363103538,1.5477719251007396,1.1636124498693838,-0.28223602191260305,-0.2470528109988395,1.222929256860675,1.704597125019513,0.41681995877284617,2.2594916476047566,2.259682247266774,1.2261941525519304,-1.5776014886019232,-0.5287182346754351,1.2849672448328595,-0.9588133492743123,2.3308059465690185,0.9799219192378329,-0.40328904632138596,0.7065560325999763,0.023834255756448108,-0.32942097606638604,-0.07534265353429526,-0.08540351371725521,0.0038468866007822485,1
data/Split/Diseased/gpe_pv/pre_processed_data/6-OHDA_mice_PV-DIO-ChR2_in_GPe/Neuron_0001,AG6927,3,060121,1.0,3,6-OHDA mice,1,10,right,raw_data/Spike times files GPe to SNr project/6-OHDA mice/PV-DIO-ChR2 in GPe/AG6927_mouse#3_6-OHDA_recorded_060121/Trajectory3_1.0mm_right_in_SNr_1mW_10s_GPe_stim_neurons_recorded_together/Neuron_recorded_in_Ch10.txt,33.138690287335386,0.9672662305969274,2.805566408788354,204.47535149951548,0.06331214443055871,0.32171314741035856,0.02256661764705882,0.3302054733727811,23.99682861295864,8.520932278071768,17.9,0.9030910549549345,0.8,112.09557418195796,0.017895000000005722,0.16796816455855357,0.014800000000005299,0.8035800000000023,15.44553653903887,10.947198879988214,-0.2984960838484077,-0.0843435233056812,-0.030000000000000006,-0.15550449726751708,-0.006939752072887906,0.02732487962852157,-0.07055740362915687,0.12919507367896682,-0.3297457331532464,-0.03321862143221921,data/Split/Diseased,0.18489522561754396,0.43331593646248373,0.1354128744493952,-0.20204577666542903,0.20028238244659638,0.2825202383401943,0.028897300130841467,0.8492348457251695,0.13502579101456025,0.11427017225641202,-0.4043005202674877,0.855124889470229,-0.10880755152460309,0.46868557570386915,-0.5030195097404954,0.30460295654722663,-0.3521987268488102,-0.14594397269055062,-0.4058742679963,2.2627670469243553,0.08739169934384097,0.4320716489511684,0.9462817258458301,0.12227563189169108,-0.12385710330117607,0.23749173196744355,0.2588195357852893,-0.00578293694547625,0.014381606725952869,-0.014093866392104495,1
data/Split/Diseased/gpe_pv/pre_processed_data/6-OHDA_mice_PV-DIO-ChR2_in_GPe/Neuron_0072,AG6926,1,050621,1.7,2,6-OHDA mice,72,2,right,raw_data/Spike times files GPe to SNr project/6-OHDA mice/PV-DIO-ChR2 in GPe/AG6926_mouse#1_6-OHDA_recorded_050621/Trajectory2_1.7mm_right_in_SNr_1mW_10s_GPe_stim_neurons_recorded_together/Neuron_recorded_in_Ch2.txt,6.0936302054773765,0.5580512395095274,0.16603897017649527,28.633346010528108,0.03964969098072171,0.16076294277929154,0.23879750000000044,5.575599999999999,5.325140454901853,5.377012353574783,5.7,0.32199115901689923,0.1,4.014720642355259,0.0074725000000000815,0.03,0.0074725000000000815,1.0,5.456531841884845,0.5306743774793227,-0.8219696969696969,-0.9,-0.1,-0.1,-0.1,-0.1,-0.1,0.0,-0.8168015367595981,-0.1,data/Split/Diseased,-0.9471004423968262,-1.3382093870502731,-0.06046807309956236,-0.04651981944664552,-0.06396803047747593,-0.07785045422922851,-0.0564954920854261,0.022472013246651306,-0.9299592998487655,-0.07557052409428686,-1.0894512535094547,-1.675968023329932,-1.0155098897966612,-1.0277272418909098,-0.9863546203239038,-1.0861208450355515,-0.9621825129224215,0.8520727053046208,-1.0157264985173673,-1.15104244895964,-1.129467900741105,-1.4493142245090618,-0.063875579976069,-0.48388573985876837,-0.01584269715924448,0.014298804236181047,-0.010570701963090366,-0.022229001548266715,-0.001697055361379365,0.0013599387181700527,2
data/Split/Diseased/gpe_pv/pre_processed_data/6-OHDA_mice_PV-DIO-ChR2_in_GPe/Neuron_0082,AG6927,1,052521,1.7,2,6-OHDA mice,82,13,right,raw_data/Spike times files GPe to SNr project/6-OHDA mice/PV-DIO-ChR2 in GPe/AG6927_mouse#1_6-OHDA_recorded_052521/Trajectory2_1.7mm_right_in_SNr_1mW_10s_GPe_stim_neurons_recorded_together/Neuron_recorded_in_Ch13.txt,39.179590936465345,0.4806263242470769,0.4017595461081352,140.49243596081723,0.013757452137381254,0.045118949958982774,0.034243000000000946,2.319128124999999,37.933720274661006,3.70362924974336,42.1,0.4494371109585445,0.2,26.07947992032586,0.00914749999999458,0.02677845528455285,0.00914749999999458,1.0,41.27042000875831,0.6441947181612757,-0.43759183789768086,0.3421092644416669,0.45,0.3986428671124876,0.44012430939228897,0.4592233009708738,0.38764578833696095,-0.12717179972575504,-0.4994087878729669,0.44989536990989054,data/Split/Diseased,-0.11589508563447112,1.3595292803922763,1.4785965147851043,1.3506986589805798,1.4697488353859285,1.5049328074538173,1.3578307091131008,-0.7913432070915309,-0.2359555676078844,1.4876275137803574,0.9547689669829718,-1.1208525466633077,-0.8859809843292243,-0.7222338309918168,-0.9086778335429864,-1.1185941255779925,-0.8227457552739444,0.8520727053046208,1.1707956069755483,-1.1138384067762133,3.3674806781974365,-1.2812505919760868,0.5197264539220454,0.9655749187381678,0.15195004459199032,-0.012661810404801136,0.10431763478864559,-0.006270238937499563,0.013995415435119509,0.009602499781903119,0
data/Split/Diseased/gpe_pv/pre_processed_data/6-OHDA_mice_PV-DIO-ChR2_in_GPe/Neuron_0089,AG6927,1,052521,1.7,5,6-OHDA mice,89,1,left,raw_data/Spike times files GPe to SNr project/6-OHDA mice/PV-DIO-ChR2 in GPe/AG6927_mouse#1_6-OHDA_recorded_052521/Trajectory5_1.7mm_left_in_SNr_1mW_10s_GPe_stim_neurons_recorded_together/Neuron_recorded_in_Ch1.txt,16.54397384920351,0.9368404601166703,1.4313699708566416,86.59213496437593,0.06484771721455403,0.30784708249496984,0.04530465116279069,0.6378696428571429,12.245021455484542,7.071619701049306,16.8,0.7425787443128768,0.3,30.265042611557483,0.014657499999998436,0.06579310344827587,0.014657499999998436,1.0,15.572306559721037,1.6642913857781132,-0.9375,-1.0,-0.3,-0.3,-0.3,-0.3,-0.3,0.0,-0.9351648256268115,-0.3,data/Split/Diseased,-1.1969311870162096,-1.5553995123211926,-0.6201279232394411,-0.6069283083991327,-0.6318805791976171,-0.6439153012894844,-0.6365584127647426,0.022472013246651306,-1.1887697626659,-0.6441143320302584,-0.4660764060515994,0.155982496358164,-0.7564520788617873,-0.6642834220629078,-0.6531559856835474,-0.7253251422203126,-0.36406125697772374,0.8520727053046208,-0.39813466007537784,-0.7795219378050882,-2.49932015732705,-1.2009460533379048,-0.43651864680355595,-0.3146029725921021,-0.02825471522623537,0.006865024862423406,-0.024682417002385666,-0.0022391195835405244,0.0003642877844576924,-5.034007993289992e-05,2
data/Split/Diseased/gpe_pv/pre_processed_data/6-OHDA_mice_PV-DIO-ChR2_in_GPe/Neuron_0019,AG7518,2,020122,1.7,5,6-OHDA mice,19,4,left,raw_data/Spike times files GPe to SNr project/6-OHDA mice/PV-DIO-ChR2 in GPe/AG7518_mouse#2_6-OHDA_recorded_020122/Trajectory5_1.7mm_left_rec21_1mW_10s_GPe_neurons_recorded_together/Ch4.txt,27.028215095358604,0.8518606181613989,1.5071495406333795,168.0460441364887,0.03667020428156091,0.19330855018587362,0.02433083333333351,0.6164411016949151,22.633401476907675,7.424692409046077,25.3,0.6821611375366293,1.4,91.26395508575325,0.03950250000000892,0.17064839135570842,0.020822916666672596,0.5985749999999967,21.28356218646963,4.024176495222709,-0.226044480714127,0.02175094242533491,-0.2166666666666667,-0.20132299649359,-0.22328132964503045,-0.16579886623132553,-0.19462788456384605,0.16612124798855693,-0.23639770786669762,-0.11205065855928323,data/Split/Diseased,0.34156960009016746,0.6637426394891901,-0.3869363190144917,-0.3304311562522002,-0.4140331011190616,-0.2640825799790961,-0.33094612757447484,1.0855378841881786,0.33913845008895205,-0.10982716062144232,0.011282711371082606,-0.10717806758042218,0.6683658812800178,0.18026537169992257,0.4990110397367791,0.3316197340217236,0.14918394275705224,-1.187581326689166,-0.04944907140597043,-0.006116355753530364,-0.6341724152776813,1.2052073442626845,0.9095902964896676,0.2452273407206864,0.14795240279299451,0.18212350505026842,-0.06989316610361052,0.000662910303726014,0.003298561528686173,0.003837830010109324,1
data/Split/Diseased/gpe_pv/pre_processed_data/6-OHDA_mice_PV-DIO-ChR2_in_GPe/Neuron_0037,AG6926,2,051121,1.7,2,6-OHDA mice,37,2cell2,right,raw_data/Spike times files GPe to SNr project/6-OHDA mice/PV-DIO-ChR2 in GPe/AG6926_mouse#2_6-OHDA_recorded_051121/Trajectory2_1.7mm_right_in_SNr_1mW_10s_GPe_stim_neurons_recorded_together/Neuron_recorded_in_Ch2cell2.txt,6.881071319644877,1.0406889532475003,0.6648378086613408,51.003889406828606,0.05524303561619258,0.35104669887278583,0.08309250000000018,1.3788677966101692,4.726606012465691,10.790806187846787,15.4,1.0203923898500846,0.6,47.42296901346769,0.03318500000000313,0.153342175066313,0.02889624999999967,0.9024324999999976,12.85377113556334,3.5162861478771488,-0.45333078686019856,-0.38893113769616466,-0.4,-0.4,-0.4,-0.4,-0.4,0.09525053083738526,-0.4247495794408871,-0.4,data/Split/Diseased,-0.1499300810919045,-0.2282182847919116,-0.8999578483093805,-0.8871325528753764,-0.9158368535576878,-0.9269477248196124,-0.9265898731044008,0.632012272234248,-0.07270744842504674,-0.9283862359982442,-0.5447002606859235,1.3660535258208581,-0.3678653624594769,-0.42672662869655625,0.20604202451856568,0.15717248391869515,0.8212552403201543,0.35632893058566456,-0.5641076416123134,-0.1725673529377146,-2.275678514907372,0.9388507255978785,-0.00566383740972945,0.05771547315505126,0.014498912984832212,-0.010802838808245382,0.019359236380553015,-0.014429920620102945,-0.0026246657767588113,0.0014518443459965642,2
data/Split/Diseased/gpe_pv/pre_processed_data/6-OHDA_mice_PV-DIO-ChR2_in_GPe/Neuron_0060,AG7518,1,012722,1.4,1,6-OHDA mice,60,5,right,raw_data/Spike times files GPe to SNr project/6-OHDA mice/PV-DIO-ChR2 in GPe/AG7518_mouse#1_6-OHDA_recorded_012722/Trajectory1_1.4mm_right_rec1_1mW_10s_GPe_cont_neurons_recorded_together/Ch5.txt,39.423577578119115,0.9034963532797367,2.4540141257196217,181.91055645664773,0.06643048108636299,0.2675828617623282,0.027070129870129713,0.37934101307189555,30.929141626707267,5.881526188220117,44.6,0.7367363010978177,2.3,231.62870897990047,0.045892500000012146,0.20789342280305098,0.02120812500000492,0.48584958333333433,37.092848549433235,6.266283971399224,-0.1946851348802951,-0.15805577455865097,-0.47333333333333333,-0.5297777424901348,-0.24809343572124765,-0.283509759550145,-0.08335078983069338,0.25714483024646173,-0.1820531041041932,-0.3401041658279344,data/Split/Diseased,0.4093832257359689,0.273220205626144,-1.105166460027336,-1.2507752957181835,-0.48448863312335666,-0.5972425740983144,-0.008207544696367218,1.6680284741690752,0.4579671188932332,-0.7581192077998059,1.0951687074014076,0.13053460569695077,1.8341260304869496,2.1236587664307938,0.7953421845319691,0.7070509205584956,0.18125092844016244,-1.76034298979519,0.9157450438942822,0.7286899408303578,-1.6593200091295848,1.653544957085219,1.2220562474026544,-0.053944994783709406,-0.8632426033156172,0.0498966811552691,-0.25265613961795574,0.004897617715113479,0.038886646815561955,0.011112523439079517,1
data/Split/Diseased/d1_msns/pre_processed_data/6-OHDA_D1-MSNs_cell_body_stim/Neuron_0079,AG7960,5,07-21-22,1.4,1,6-OHDA,79,5,right,raw_data/D1-MSN_DIO-ChR2_rec_SNr/6-OHDA/D1-MSNs cell body stim/AG7960_mouse#5_recorded_07-21-22/Trajectory1_1.4mm_right_rec1_1mW_10s_STR_cells_recorded_together/Ch5.txt,19.387256896411426,0.8938148253473915,1.0375132232077469,99.72200156667888,0.052360342582797474,0.21825813221406087,0.05046715686274496,0.8911055000000002,15.993242050204824,6.235258695744041,25.3,1.161077096938309,1.5,85.57566506259337,0.07907999999999901,0.35306488227219934,0.03987666666666693,0.6268962500000015,19.669223961795463,7.808577484273347,0.022185630207266032,-0.1941103638644633,-0.4833333333333334,-0.4404591320965537,-0.43117119419589933,-0.4718422836994563,-0.35231100139175586,0.23991412428397707,0.1558858808089913,-0.5013597206279036,data/Split/Diseased,0.8783596181357126,0.1949131979469348,-1.1331494525343302,-1.00050075828817,-1.004349415269906,-1.1302846814935736,-0.788276774019551,1.5577633776643347,1.1968967813450253,-1.2165234436838168,0.011282711371082606,1.978832959339019,0.7978947867474548,0.10150923847107099,2.334385982322503,2.1703841803741746,1.7353290896541302,-1.043680095441453,-0.14800821688454427,1.2341460781842164,-2.0426586700195526,2.6718298018518967,0.6790423022792194,-0.49556713991599266,-0.2025424520869434,-0.1822067161188038,-0.05590626961945406,-0.10366459300219465,-0.033232392277361765,-0.0181675959856388,1
data/Split/Diseased/d1_msns/pre_processed_data/6-OHDA_D1-MSNs_cell_body_stim/Neuron_0058,AG8020,4,06-23-22,1.4,4,6-OHDA,58,1,left,raw_data/D1-MSN_DIO-ChR2_rec_SNr/6-OHDA/D1-MSNs cell body stim/AG8020_mouse#4_recorded_06-23-22/Trajectory4_1.4mm_left_rec9_1mW_10s_STR_cells_recorded_together/Ch1.txt,41.88490146379742,0.4669533720640587,0.8898771918913986,155.9766754412781,0.04373139663697239,0.1540318686624819,0.049143181818182176,1.038866860465116,37.05370195985956,4.209476170835733,53.7,0.4485784797488492,1.0,117.78777183798672,0.029957499999983383,0.09713520308854992,0.01582999999998975,0.8040200000000027,49.20178976993462,2.3133666389004706,0.372550465363889,0.1146191097329872,-0.2333333333333333,-0.14111237941696242,-0.29342978092188715,-0.304221182878456,-0.2671786303245201,0.12191259323244234,0.3963977082898137,-0.22461075332970806,data/Split/Diseased,1.6360128516139223,0.865443128401487,-0.43357463985948147,-0.16171845157815173,-0.6132240298861132,-0.6558626174920172,-0.5413661149914705,0.8026317981786422,1.7227944475812065,-0.4298038851334982,1.6062237625245142,-1.1245924808549335,0.15025025941027056,0.5474958113173704,0.0563692905855697,-0.4093957095082513,-0.26645552662419214,-0.14370831777598836,1.6550243851759254,-0.5668003854179444,-0.13096394235822964,2.918948948159358,0.3128679240327456,-0.4309413996893994,0.27766137349377723,-0.06210814474573678,-0.07503135314171357,0.03230604787877769,0.012133419869385197,0.020735561581772678,1
data/Split/Diseased/d1_msns/pre_processed_data/6-OHDA_D1-MSNs_cell_body_stim/Neuron_0059,AG8020,4,06-23-22,1.4,4,6-OHDA,59,12,left,raw_data/D1-MSN_DIO-ChR2_rec_SNr/6-OHDA/D1-MSNs cell body stim/AG8020_mouse#4_recorded_06-23-22/Trajectory4_1.4mm_left_rec9_1mW_10s_STR_cells_recorded_together/Ch12.txt,36.000964689202924,1.453025122207045,2.1473688834047837,142.6153407519332,0.09172518721355707,0.32173520108450065,0.04271515151515152,0.42371583969465654,26.884139835139866,5.304813232875793,36.4,1.2706119278112435,1.6,114.83735691107486,0.06574999999998354,0.23619875234547028,0.0330062499999863,0.6255779166666658,29.6541338152653,4.477958413531426,-0.9703551766051767,-1.0,-0.8,-0.8,-0.8,-0.8,-0.8,0.3298419718413622,-0.9592250116702863,-0.8,data/Split/Diseased,-1.2679795009267132,-1.5553995123211926,-2.0192775485891383,-2.007949530780351,-2.0516619509979703,-2.059077418940124,-2.086715714463034,2.1332419918875662,-1.2413792156894967,-2.0654738518701876,0.6346575588289378,2.455933086296901,0.9274236922148918,0.5066464048844713,1.7162178821468423,0.9923696071717414,1.1633955829680698,-1.0503785917953168,0.4615940137986866,0.14260167600549226,-5.988014629572201,0.6019897871500401,0.5943881199554187,-0.22077707128336888,0.08505497157405484,0.03641724470393255,0.09940809343573931,0.053055123047390865,-0.004093593655167434,-0.0008752333062587437,2
data/Split/Diseased/d1_msns/pre_processed_data/6-OHDA_D1-MSNs_cell_body_stim/Neuron_0014,AG7960,2,06-16-22,1.7,5,6-OHDA,14,8,right,raw_data/D1-MSN_DIO-ChR2_rec_SNr/6-OHDA/D1-MSNs cell body stim/AG7960_mouse#2_recorded_06-16-22/Trajectory5_1.7mm_right_rec7_1mW_10s_STR_cells_recorded_together/Ch8.txt,8.607106694941415,1.1083484550138927,0.8848427443397716,55.45149367836488,0.08054130254885015,0.3878504672897196,0.0910232954545458,1.033298837209302,5.730367612924606,9.676777725969332,8.7,0.5549627934144421,0.0,0.0,0.0,0.0,0.0,1.0,8.7,0.0,0.014050054804530494,0.08661683328511449,0.4,0.4,0.4,0.4,0.4,-0.13108776493480373,-0.07162951100989604,0.4,data/Split/Diseased,0.8607666853080419,0.8046249491056431,1.3386815522501345,1.3545014029345728,1.355813341322877,1.3373116634214113,1.3936618096128652,-0.8164027886678795,0.6994168243566162,1.3457889957456421,-0.9209715650073317,-0.6612150405313085,-1.145038795264098,-1.0833122898576288,-1.332885837770064,-1.3885218676263587,-1.5842369436876027,0.8520727053046208,-0.8177051389504679,-1.3249604605406522,3.5474058101666954,-0.355194773846525,0.18760766279782348,-0.11450883407179632,-0.01604589399727254,-0.011413289877765288,-0.026840231589047837,0.0770580333658225,0.009415752415974197,-0.003812827004048371,0
data/Split/Diseased/d1_msns/pre_processed_data/6-OHDA_D1-MSNs_cell_body_stim/Neuron_0074,AG7960,5,07-21-22,1.7,6,6-OHDA,74,12,right,raw_data/D1-MSN_DIO-ChR2_rec_SNr/6-OHDA/D1-MSNs cell body stim/AG7960_mouse#5_recorded_07-21-22/Trajectory6_1.7mm_right_rec15_1mW_10s_STR_cells_recorded_together/Ch12.txt,27.24772215010218,0.9075040341458895,0.40456900000151713,114.86027090289576,0.015051989645056364,0.05493689680772086,0.0372049999999998,1.7206039473684214,26.144341203163403,4.393312878314101,36.6,0.5200821611032962,0.3,36.73334134526674,0.005915000000004511,0.02762951334379906,0.004646250000001828,0.9010324999999966,35.78885569318848,1.0842951204715372,-0.2633376804498776,0.09388670335172536,0.0,0.0,0.0,0.0,0.0,0.09795610323411447,-0.272051086403736,0.0,data/Split/Diseased,0.2609241969808365,0.8204143890103484,0.21936185197037703,0.23368442502959813,0.21998824388259466,0.20518196930089944,0.23353596825423217,0.6493261421404168,0.26117958726521545,0.20870137987369894,0.6458895380624128,-0.8131443763543938,-0.7564520788617873,-0.5747278271895941,-1.0585824384799232,-1.110015431331319,-1.197456027134397,0.34921548313024087,0.8361332130788484,-0.969604220778065,0.5634635266989163,0.5416807008833672,0.8875121910892652,0.32332806995685215,0.11109791258831911,-0.05643312344905441,0.05665792389320358,0.005629095861529369,-0.0010129185850986549,0.000369841247953664,1
data/Split/Diseased/d1_msns/pre_processed_data/6-OHDA_D1-MSNs_cell_body_stim/Neuron_0032,AG7499,4,02-15-22,1.4,4,6-OHDA,32,16,left,raw_data/D1-MSN_DIO-ChR2_rec_SNr/6-OHDA/D1-MSNs cell body stim/AG7499_mouse#4_recorded_02-15-22/Trajectory4_1.4mm_left_rec21_1mW_10s_STR_neurons_recorded_together/Ch16.txt,12.530643807894174,0.8959688623324749,0.8687211043287978,81.005189271829,0.04144852662926341,0.23529411764705882,0.04771212121212123,1.0688859375000002,9.996601430145658,8.103272881076412,12.1,0.7295452152657262,0.2,16.11175859136505,0.009169999999997458,0.05357142857142857,0.009169999999997458,1.0,11.49327663415359,1.6426643287381686,-0.7394949494949495,-0.7923609625872471,-0.2,-0.2,-0.2,-0.2,-0.2,0.0,-0.7254716867369408,-0.2,data/Split/Diseased,-0.7687513250357544,-1.1044280268531035,-0.34029799816950174,-0.32672406392288916,-0.34792430483754655,-0.3608828777593565,-0.34652695242508436,0.022472013246651306,-0.7302595366907741,-0.3598424280622727,-0.7300279180382588,0.09921244144916143,-0.8859809843292243,-0.8602400131266055,-0.9076344140189267,-0.8485200415713459,-0.8208727242008087,0.8520727053046208,-0.6471690307547947,-0.7866097771965478,-1.5464103323849836,-0.8358414897378312,-0.24293333370546838,-0.32141716922623786,-0.023973211627350555,0.0056504441645160355,-0.01660547362712679,-0.024164540586316084,-0.0014797609821157343,0.0013772664958235242,2
data/Split/Diseased/d1_msns/pre_processed_data/6-OHDA_D1-MSNs_cell_body_stim/Neuron_0015,AG8106,7,06-30-22,1.4,1,6-OHDA,15,4,right,raw_data/D1-MSN_DIO-ChR2_rec_SNr/6-OHDA/D1-MSNs cell body stim/AG8106_mouse#7_recorded_06-30-22/Trajectory1_1.4mm_right_rec1_1mW_10s_STR_cells_recorded_together/Ch4.txt,10.718716266563735,1.1801822252211582,1.0941600725792848,74.87107615805887,0.06649352596629286,0.387523629489603,0.06077129629629638,0.8503056603773582,7.032581581473489,10.646314627234176,10.3,0.9273786784485673,1.0,86.29317291744822,0.03816249999997865,0.27922814113990585,0.027701249999987,0.9104687500000068,7.082123686745396,11.302198362079862,0.0983503016591252,-0.009240878433057672,-0.16666666666666669,-0.2206284647807717,-0.11129084049496533,-0.18651802377825397,-0.1332083064114771,-0.09669657690295126,0.11827433520809727,-0.22801413341058546,data/Split/Diseased,1.0430633892105414,0.5964314649431084,-0.24702135647952198,-0.38452589780889845,-0.09602908049091763,-0.32272451371919303,-0.15281002812470149,-0.5963219820252911,1.11465623516389,-0.4394787384886756,-0.8311157311395326,0.9609143279526752,0.15025025941027056,0.1114433564537376,0.4368696103104374,1.4261073129348991,0.721776478891949,0.39716138923828626,-0.9164802930583273,2.379111092647713,0.22974501773546907,1.699541893220319,-0.7613665620240732,0.0013906616773419643,-0.34273285683769683,-0.12407138322837517,0.04685744880116512,-0.005754309448175099,0.04664586994373383,0.046545475810219575,1
data/Split/Diseased/d1_msns/pre_processed_data/6-OHDA_D1-MSNs_cell_body_stim/Neuron_0051,AG7499,5,02-17-22,1.4,4,6-OHDA,51,16,left,raw_data/D1-MSN_DIO-ChR2_rec_SNr/6-OHDA/D1-MSNs cell body stim/AG7499_mouse#5_recorded_02-17-22/Trajectory4_1.4mm_left_rec17_1mW_10s_STR_neurons_recorded_together/Ch16.txt,26.57212530193411,0.6374853939940874,0.8720581662796909,156.6758844089247,0.01909743262228564,0.10231660231660232,0.021899264705882722,1.1218856060606055,24.31776255665974,6.442857727715453,23.2,0.6457409825687929,0.5,50.78136874340193,0.01847249999999363,0.07248883494760557,0.01847249999999363,1.0,21.884595425980027,2.3999091682643803,-0.09201362755280922,0.09547973766506752,0.2,0.2152214289829652,0.18468002650452556,0.23699980968314457,0.18468002650452556,-0.03623746189608381,-0.11824372916669021,0.2554397330032159,data/Split/Diseased,0.6314072181779539,0.8238743022311048,0.7790217021102558,0.836744004062291,0.7443987666320363,0.8759682744088944,0.7691661460809756,-0.20942372229420103,0.5974912400772446,0.9348447723726802,-0.1066530705804036,-0.26581309189645513,-0.4973942679269137,-0.3802285465858429,-0.4762384086269503,-0.6578319404739534,-0.046478432840400166,0.8520727053046208,-0.012754578526499675,-0.5384377863121509,2.215304496707923,0.1434939366536348,0.4261780191965387,0.07231591557974534,0.1158245712101563,0.11564706973024236,-0.042043554147858805,-0.012006605965369444,-0.03351032544460748,-0.012297201231883064,1
data/Split/Diseased/d1_msns/pre_processed_data/6-OHDA_D1-MSNs_cell_body_stim/Neuron_0052,AG7499,5,02-17-22,1.7,5,6-OHDA,52,13,left,raw_data/D1-MSN_DIO-ChR2_rec_SNr/6-OHDA/D1-MSNs cell body stim/AG7499_mouse#5_recorded_02-17-22/Trajectory5_1.7mm_left_rec22_1mW_10s_STR_neurons_recorded_together/Ch13.txt,10.218562995322696,1.0562278283513673,0.9756416930207599,77.41912392068274,0.05591518079218293,0.34673366834170855,0.05731118421052672,0.9244195945945942,7.070808710148516,10.949118706827045,12.4,0.9859908020864994,0.9,78.31491928014279,0.021627499999997468,0.18587382779198633,0.013140833333330448,0.7489474999999999,9.735679714680895,7.770785312893776,0.4241176694552175,-0.049349308412336604,0.5,0.5638299972422838,0.47933954569757303,0.3786822334490766,0.4735254820687361,0.018304275793164043,0.42710081324364835,0.3547643389727962,data/Split/Diseased,1.747525352301271,0.5093199156269136,1.6185114773200737,1.8135600089327646,1.581102959379911,1.2769754721098376,1.6069088389785942,0.139607245034425,1.789929155302446,1.2171967208711056,-0.7131799491880465,1.2162107611152724,0.020721353942833736,0.0009819693171950444,-0.3299278042717876,0.4850926522791161,-0.4903174255952774,-0.42353355705351897,-0.7544744564898299,1.2217604428895859,4.092723637000485,0.59945409034514,0.9439961525673735,-1.3232452968562454,0.07032043733190586,-0.34055315995824115,0.12313051285697801,0.042454993626769764,-0.014010233675673407,0.011715000587966201,0
data/Split/Diseased/d1_msns/pre_processed_data/6-OHDA_D1-MSNs_cell_body_stim/Neuron_0075,AG7960,5,07-21-22,1.7,6,6-OHDA,75,14,right,raw_data/D1-MSN_DIO-ChR2_rec_SNr/6-OHDA/D1-MSNs cell body stim/AG7960_mouse#5_recorded_07-21-22/Trajectory6_1.7mm_right_rec15_1mW_10s_STR_cells_recorded_together/Ch14.txt,5.989474914268052,1.0034722169152872,0.4451636760604633,31.959965771707,0.06469998750506502,0.2939189189189189,0.14533977272727275,1.0037238095238092,4.521602551135755,7.068282851105336,4.5,0.5598005743321187,0.1,4.228329809722839,0.0070950000000038925,0.04285714285714286,0.0070950000000038925,1.0,4.230547333297473,0.9820824524307097,-0.4514935064935065,-0.5852327570412176,-0.1,-0.1,-0.1,-0.1,-0.1,0.0,-0.43879658720885856,-0.1,data/Split/Diseased,-0.14595701852696988,-0.654566017756275,-0.06046807309956236,-0.04651981944664552,-0.06396803047747593,-0.07785045422922851,-0.0564954920854261,0.022472013246651306,-0.10342231463413884,-0.07557052409428686,-1.1568431289103038,-0.6401431506892962,-1.0155098897966612,-1.0247697569568417,-1.0038608812251555,-0.9565204067823485,-0.9936078120340284,0.8520727053046208,-1.090575736235646,-1.003102397321822,-0.4961452226017485,-0.270729284141361,-0.08028770116290075,-0.44841262235202944,-0.03940560583034002,0.02505613025356547,-0.009243226874426157,-0.023484322029938758,-0.0019177888199764185,0.0019398970270068441,1
data/Split/Diseased/d1_msns/pre_processed_data/6-OHDA_D1-MSNs_cell_body_stim/Neuron_0066,AG8020,4,06-23-22,1.4,1,6-OHDA,66,9,right,raw_data/D1-MSN_DIO-ChR2_rec_SNr/6-OHDA/D1-MSNs cell body stim/AG8020_mouse#4_recorded_06-23-22/Trajectory1_1.4mm_right_rec1_1mW_10s_STR_cells_recorded_together/Ch9.txt,60.60100209169569,0.49747320373011694,0.9914688155235689,184.54643919792713,0.03725747585191683,0.10417362270450752,0.03757806122448957,0.7405302083333337,56.38888363461348,3.2727450394965087,61.6,0.3686367253306396,0.7,76.31112986060941,0.017917500000001495,0.05127322950324056,0.01318541666666751,0.8044150000000002,59.35098572801028,1.3036460214421095,0.37112479449024416,0.14532182919905207,-0.2,-0.2,-0.2,-0.2,-0.2,0.02025349751309301,0.38027956368122434,-0.2,data/Split/Diseased,1.6329298819808258,0.932126403271412,-0.34029799816950174,-0.32672406392288916,-0.34792430483754655,-0.3608828777593565,-0.34652695242508436,0.15208097196848444,1.6875508808822246,-0.3598424280622727,2.0498869422467716,-1.47279424351076,-0.23833645699204006,-0.02676111442938034,-0.5019760902167651,-0.8716859665159223,-0.4866060492097839,-0.14170130938679384,2.2746566689400227,-0.8977163095574183,0.30034389937583306,2.677977583245676,-0.1688985814139874,-0.2295636808890292,-0.08358170289710591,0.046008750858510965,-0.0020669084880768768,0.014451618836020213,0.0004606794699813495,0.0010973709511924595,1
data/Split/Diseased/d1_msns/pre_processed_data/6-OHDA_D1-MSNs_cell_body_stim/Neuron_0026,AG7499,4,02-15-22,1.4,1,6-OHDA,26,11,right,raw_data/D1-MSN_DIO-ChR2_rec_SNr/6-OHDA/D1-MSNs cell body stim/AG7499_mouse#4_recorded_02-15-22/Trajectory1_1.4mm_right_rec1_1mW_10s_STR_neurons_recorded_together/Ch11.txt,10.289560621470406,0.918603129816947,0.9391265646580133,60.96461035894448,0.055711982132096355,0.3029100529100529,0.059323188405797145,0.9396694852941175,7.595933797184964,8.025953356983948,14.5,0.6408413449246197,0.5,30.277845946739887,0.015787500000003264,0.07442455242966753,0.009227500000001498,0.8545149999999978,13.244873350497084,1.8369387718432677,-0.9800000000000001,-1.0,-0.3,-0.3,-0.3,-0.3,-0.3,0.12051865803725079,-0.9800000000000001,-0.3,data/Split/Diseased,-1.2888361363483234,-1.5553995123211926,-0.6201279232394411,-0.6069283083991327,-0.6318805791976171,-0.6439153012894844,-0.6365584127647426,0.7937115369221505,-1.2868053304594724,-0.6441143320302584,-0.5952441672365604,-0.2871544106665033,-0.4973942679269137,-0.6641061559306793,-0.6007531384816965,-0.6383198422732054,-0.8160860892364045,0.11285848883923336,-0.540229931533047,-0.7229401781359378,-2.7432346702213404,-1.1871335420906077,0.296878494287655,-0.399685689278431,0.03852509688165207,0.01625600952840356,0.03374164210125853,0.007942002197312151,-0.002379251393034651,0.0002627228713135179,2
data/Split/Diseased/d1_msns/pre_processed_data/6-OHDA_D1-MSNs_cell_body_stim/Neuron_0036,AG7499,4,02-15-22,1.7,2,6-OHDA,36,8,right,raw_data/D1-MSN_DIO-ChR2_rec_SNr/6-OHDA/D1-MSNs cell body stim/AG7499_mouse#4_recorded_02-15-22/Trajectory2_1.7mm_right_rec11_1mW_10s_STR_neurons_recorded_together/Ch8.txt,22.36416395015591,1.265229056499931,2.1647989849859797,122.58588529480356,0.08351078309975603,0.4104803493449782,0.038576691729323265,0.4225051136363637,14.385454706907458,8.52151619760351,15.8,0.9419614733979598,1.4,90.7302934962634,0.04171999999999798,0.271422735760971,0.02659608333333267,0.7466368749999981,11.156586277250105,8.123174814820906,0.10793538004971759,0.010024954551291775,0.14166666666666666,0.18084074702673195,0.20555218410882142,0.14536766264038992,0.26132382779837215,0.05750824352590236,0.11273724611728106,0.10663130097240636,data/Split/Diseased,1.0637908278889352,0.638274951736303,0.6157875791527911,0.7404078739410473,0.8036665677437571,0.6166195879010954,0.9914572822333448,0.3904866515329713,1.1025489626812746,0.5118242093737919,-0.5222363022189738,1.0244325099438165,0.6683658812800178,0.17287666207543756,0.6018458305943317,1.3474285606573762,0.6297759674531662,-0.43527392100115364,-0.6677247689266894,1.3372491193323786,2.0345283484877443,0.8005605266214648,0.830408861605559,-0.49398089580197435,-0.20370357096433372,-0.22976647250675647,-0.044952141071339304,0.024427085649084357,-0.028467792479226813,0.0002499586005595446,1
data/Split/Diseased/d1_msns/pre_processed_data/6-OHDA_D1-MSNs_cell_body_stim/Neuron_0077,AG7960,5,07-21-22,1.4,1,6-OHDA,77,16,right,raw_data/D1-MSN_DIO-ChR2_rec_SNr/6-OHDA/D1-MSNs cell body stim/AG7960_mouse#5_recorded_07-21-22/Trajectory1_1.4mm_right_rec1_1mW_10s_STR_cells_recorded_together/Ch16.txt,7.955914871710872,0.8248584094954974,0.7325139012316916,34.60514663575025,0.07928038648247344,0.329923273657289,0.1082305555555557,1.276865714285714,5.7901160288422915,5.976589495507813,11.1,0.6076522318062554,0.3,16.11031040180495,0.03867749999999859,0.13125,0.03867749999999859,1.0,10.007473807343642,1.9804301556053923,0.1570885225885226,0.029985478556250816,0.1,0.15272622736129365,0.03132606625039638,0.042105263157894736,0.03132606625039638,-0.08171906232963837,0.17615913287599547,0.08745281296601659,data/Split/Diseased,1.1700829943487718,0.6816272388274055,0.4991917770403164,0.661629796524381,0.3089405745107877,0.324353516050427,0.3243914156672256,-0.5004758168464991,1.2412258110677132,0.45730515636575586,-0.7861878142056332,-0.4317160077055306,-0.7564520788617873,-0.8602600637586005,0.46075232385900605,-0.0655173937915776,1.6355034706207483,0.8520727053046208,-0.737880787883382,-0.6759137204775613,1.7504253765040467,1.133608148200664,-0.25606725465365776,-0.3017382839667332,0.2161722572962552,-0.041973313871533226,-0.05245795969657999,-0.025746412714973008,0.0014109606054718404,-0.009478057135928043,1
data/Split/Diseased/d1_msns/pre_processed_data/6-OHDA_D1-MSNs_cell_body_stim/Neuron_0062,AG8020,4,06-23-22,1.7,6,6-OHDA,62,10,left,raw_data/D1-MSN_DIO-ChR2_rec_SNr/6-OHDA/D1-MSNs cell body stim/AG8020_mouse#4_recorded_06-23-22/Trajectory6_1.7mm_left_rec17_1mW_10s_STR_cells_recorded_together/Ch10.txt,33.04914728031039,0.7771267540117069,0.9691832047011847,128.55986979584972,0.02913283948064723,0.10654936461388075,0.030059166666666876,0.9630961864406777,30.413822649812623,4.227021090906564,28.9,0.7226851595440035,0.6,79.10121297640383,0.02357499999999533,0.092931631586804,0.02357499999999533,1.0,26.92622783823893,3.2054891394252047,-0.9312715019166632,-0.7840856543467958,-0.6,-0.6,-0.6,-0.6,-0.6,0.0,-0.926034923931379,-0.6,data/Split/Diseased,-1.1834622505276389,-1.0864548745191127,-1.459617698449259,-1.4475410418278636,-1.4837494022778288,-1.493012571879868,-1.506652793783717,0.022472013246651306,-1.1688065282383684,-1.4969300439342157,0.21345833757363014,0.06933214282918333,-0.3678653624594769,0.011868448531090805,-0.23961404770094136,-0.45176785353030274,0.37828339157985535,0.8520727053046208,0.2950489379699339,-0.274424913824749,-4.112154129089899,-0.06489385526237738,-0.9219025993085781,0.34262368535097215,-0.01581361620207497,-0.043669345385445354,-0.04100468069587478,0.019799289504153078,0.003600524285361393,-0.002010084354503657,2
data/Split/Diseased/d1_msns/pre_processed_data/6-OHDA_D1-MSNs_cell_body_stim/Neuron_0012,AG7960,2,06-16-22,1.7,5,6-OHDA,12,2cell2,right,raw_data/D1-MSN_DIO-ChR2_rec_SNr/6-OHDA/D1-MSNs cell body stim/AG7960_mouse#2_recorded_06-16-22/Trajectory5_1.7mm_right_rec7_1mW_10s_STR_cells_recorded_together/Ch2cell2.txt,3.837938589743797,1.0466841536555191,0.34007050795198207,25.59314232370925,0.061339813025995754,0.35443037974683544,0.1803738095238089,2.2490300000000003,2.6395671109937964,9.695961969337253,3.5,0.5101503097772584,0.0,0.0,0.0,0.0,0.0,1.0,3.5,0.0,-0.7814285714285715,-0.7,0.0,0.0,0.0,0.0,0.0,0.0,-0.7814285714285715,0.0,data/Split/Diseased,-0.859431499132732,-0.9038291365084347,0.21936185197037703,0.23368442502959813,0.21998824388259466,0.20518196930089944,0.23353596825423217,0.022472013246651306,-0.852613582133808,0.20870137987369894,-1.2130030250776782,-0.856404474451193,-1.145038795264098,-1.0833122898576288,-1.332885837770064,-1.3885218676263587,-1.5842369436876027,0.8520727053046208,-1.1351773691530493,-1.3249604605406522,-0.3749062934634228,-1.4909802111859345,0.1877328936721761,-0.2653779398805215,0.025108410970801222,-0.015628575889034414,-1.955205635934161e-05,-0.02449155802615338,-0.0015034323321675598,0.0012496685984335588,2
data/Split/Diseased/d1_msns/pre_processed_data/6-OHDA_D1-MSNs_cell_body_stim/Neuron_0065,AG8020,4,06-23-22,1.4,1,6-OHDA,65,10,right,raw_data/D1-MSN_DIO-ChR2_rec_SNr/6-OHDA/D1-MSNs cell body stim/AG8020_mouse#4_recorded_06-23-22/Trajectory1_1.4mm_right_rec1_1mW_10s_STR_cells_recorded_together/Ch10.txt,30.856937625988625,0.6655634343638857,0.8902985282252456,127.15120223821991,0.03754277606209822,0.13508196721311475,0.04216874999999989,1.0192720930232557,27.729774503744252,4.585367335787427,41.4,0.4084212846771257,0.4,81.06294159006362,0.007495000000000118,0.03378516333938294,0.007495000000000118,1.0,40.31409445730519,2.2195262574592878,0.23486176600611558,0.304506091244686,0.6666666666666666,0.5440714280884841,0.6554017398120557,0.6474168801484677,0.5051482536934523,-0.5011455547978863,0.18927117166906637,0.5050927371715692,data/Split/Diseased,1.3382652530708434,1.2778589014199127,2.084894685769973,1.7581956595160442,2.0810426063439915,2.037581655528251,1.6986248253216336,-3.184527344935318,1.2698962954804769,1.6445381206353331,0.9154570396658095,-1.299504905645337,-0.6269231733943506,0.0390291874222516,-0.9853112007999759,-1.0479662695521303,-0.9603094818495224,0.8520727053046208,1.1124096828179455,-0.5975547109306552,5.651968715666749,-0.5282993584254303,-1.698268598371937,0.2291439574064616,-0.24564021524381938,-0.04478783157143424,0.2888159470710434,-0.03087191397075477,-0.052395572282301274,-0.03691322971560608,0
data/Split/Diseased/d1_msns/pre_processed_data/6-OHDA_D1-MSNs_cell_body_stim/Neuron_0078,AG7960,5,07-21-22,1.4,1,6-OHDA,78,4,right,raw_data/D1-MSN_DIO-ChR2_rec_SNr/6-OHDA/D1-MSNs cell body stim/AG7960_mouse#5_recorded_07-21-22/Trajectory1_1.4mm_right_rec1_1mW_10s_STR_cells_recorded_together/Ch4.txt,34.774062700137804,0.700076117606072,0.9156423765396144,131.10303602095206,0.03277033196614382,0.1117612638970158,0.035789444444444665,1.0465386363636362,31.934162611785354,4.105416434892464,29.1,0.8376957971738527,0.8,57.4582381730648,0.03411500000000771,0.13266978232495474,0.030090000000006258,0.9175449999999984,26.715498853860556,2.9010355075665726,-0.9761465580070231,-1.0,-0.6,-0.6,-0.6,-0.6,-0.6,0.07014760304564446,-0.9744466943180742,-0.6,data/Split/Diseased,-1.2805031859690579,-1.5553995123211926,-1.459617698449259,-1.4475410418278636,-1.4837494022778288,-1.493012571879868,-1.506652793783717,0.47137017425321526,-1.2746625991492884,-1.4969300439342157,0.22469031680710516,0.5702832044906712,-0.10880755152460309,-0.28778522597223155,0.24917003150772762,-0.05120593956082206,0.9206299444660259,0.4331160553499602,0.2821834378470633,-0.374203558731218,-4.41351660066878,-0.2982983002106051,-0.5703712620393658,-0.06970995886094718,-0.015385082786070233,0.0025496296706547096,-0.011038854218354118,0.030399313737790437,0.0016109662251655422,-0.0016268850293919964,2
data/Split/Diseased/d1_msns/pre_processed_data/6-OHDA_D1-MSNs_cell_body_stim/Neuron_0006,AG7960,2,06-16-22,1.1,6,6-OHDA,6,8,right,raw_data/D1-MSN_DIO-ChR2_rec_SNr/6-OHDA/D1-MSNs cell body stim/AG7960_mouse#2_recorded_06-16-22/Trajectory6_1.1mm_right_rec9_1mW_10s_STR_cells_recorded_together/Ch8.txt,21.78744478395206,0.6800013518437474,0.7838656333709689,87.82705303121132,0.0387435638853001,0.1429889298892989,0.04942628205128172,1.1974651315789475,19.424662002517465,4.521419884671806,26.2,0.5886147340685403,1.0,80.20558317631597,0.04353500000000281,0.1540694812433943,0.03494125000000281,0.8611899999999935,23.263150615969153,3.732255313117823,-0.9865424430641822,-1.0,-0.8,-0.8,-0.8,-0.8,-0.8,0.12242618351945478,-0.9852475561258356,-0.8,data/Split/Diseased,-1.3029839692500151,-1.5553995123211926,-2.0192775485891383,-2.007949530780351,-2.0516619509979703,-2.059077418940124,-2.086715714463034,0.8059184355738029,-1.298279516776735,-2.0654738518701876,0.06182661792171944,-0.5146375087042471,0.15025025941027056,0.027158795233549953,0.6860150055246022,0.16450375497489506,1.3244762552385128,0.14677439009986623,0.0714094581318063,-0.10178773859137717,-5.680511281052119,0.345932258504776,-0.6324448185422828,0.06468960994271332,-0.007780970760505436,0.003677093866888374,0.0005014929611668581,0.05304881304988855,0.002287229013628593,-0.002626687144641787,2
data/Split/Diseased/d1_msns/pre_processed_data/6-OHDA_D1-MSNs_cell_body_stim/Neuron_0046,AG7499,5,02-17-22,1.4,1,6-OHDA,46,8,right,raw_data/D1-MSN_DIO-ChR2_rec_SNr/6-OHDA/D1-MSNs cell body stim/AG7499_mouse#5_recorded_02-17-22/Trajectory1_1.4mm_right_rec1_1mW_10s_STR_neurons_recorded_together/Ch8.txt,20.071826650558393,0.8355095007551806,1.0417023957884735,78.5784492563833,0.07122513094326177,0.24936708860759493,0.06837378048780512,0.8699331249999996,16.22198681040314,4.843947302804551,18.1,0.5800532489591232,0.1,5.856515373350968,0.006830000000002201,0.02222222222222222,0.006830000000002201,1.0,17.80262960180319,0.38975109809649766,-0.44249044084570405,0.004919327787358011,0.4,0.38063754427395385,0.40522116218555515,0.42558139534883727,0.40522116218555515,0.0,-0.5442173177312396,0.43046658132517246,data/Split/Diseased,-0.12648816459297033,0.6271860345718496,1.3386815522501345,1.3002469801553578,1.3706391589432763,1.4097153066500487,1.4088048225463328,0.022472013246651306,-0.33393287511397296,1.4323969265526648,-0.3930685410340127,-0.551928711877686,-1.0155098897966612,-1.0022270246685259,-1.0161500445070313,-1.1645211101516866,-1.0156679557816126,0.8520727053046208,-0.26196819272114186,-1.1972272612962622,2.790667768110168,-1.4434447129255885,1.127824459024157,0.25275257858427824,0.0967308516853045,0.03531301287120555,0.02829102393259425,0.0757245023189584,0.01583995524169822,-0.005121248712758319,0
data/Split/Diseased/d1_msns/pre_processed_data/6-OHDA_D1-MSNs_cell_body_stim/Neuron_0070,AG8020,4,06-23-22,1.1,3,6-OHDA,70,12,right,raw_data/D1-MSN_DIO-ChR2_rec_SNr/6-OHDA/D1-MSNs cell body stim/AG8020_mouse#4_recorded_06-23-22/Trajectory3_1.1mm_right_rec5_1mW_10s_STR_cells_recorded_together/Ch12.txt,14.746760801154199,1.3566119411557416,1.935637074035125,96.29885133589791,0.08953867981569523,0.5128552097428958,0.04625798969072155,0.44385234375000016,7.890294225784055,12.204722483124986,29.3,0.965651431362913,1.4,121.0270988664483,0.03750500000000727,0.18062267328431122,0.018248333333336576,0.6713312499999973,24.52860538513586,4.84348098903114,0.10198264588338715,0.006505917723136656,0.3128571428571429,0.23394096911327483,0.2537691415978812,0.2536789894299072,0.14160905755313,-0.3223204727719322,0.0592762757637747,0.22440386492715864,data/Split/Diseased,1.050918222431426,0.6306319512409031,1.0948297604034731,0.8891969500538524,0.9405816438394702,0.9231757610711028,0.6442467858488022,-2.040165357098543,0.9856524264979452,0.8466185192798799,0.23592229604058002,1.127618700698221,0.6683658812800178,0.5923452950790336,0.40637857311258785,0.43216083584900683,-0.06513937204734298,-0.8179043542403952,0.14866844809100788,0.262394457071802,2.9731412759770164,0.15770521864007897,-1.369961621773371,-0.0394914194850568,-0.006993489290523708,0.06312268998387265,0.1737495642640816,0.0012971669096961049,0.031925055636415484,0.001900901473607194,0
data/Split/Diseased/d1_msns/pre_processed_data/6-OHDA_D1-MSNs_cell_body_stim/Neuron_0017,AG8106,7,06-30-22,1.4,4,6-OHDA,17,10,right,raw_data/D1-MSN_DIO-ChR2_rec_SNr/6-OHDA/D1-MSNs cell body stim/AG8106_mouse#7_recorded_06-30-22/Trajectory4_1.4mm_right_rec9_1mW_10s_STR_cells_recorded_together/Ch10.txt,24.16444422540407,1.1292266844775256,2.0526567424439115,121.42659627945957,0.08230493028842405,0.3767872161480236,0.040096782178218,0.43982024999999986,16.410233696344246,7.399443452564001,27.6,0.8669525753988298,1.6,107.67708857303433,0.071062499999978,0.2620675414378725,0.04066624999999059,0.5891450000000219,21.80366860577519,5.103133306855551,0.31944529512164355,0.02100462714653963,0.18428571428571427,0.38231551711925515,-0.0470980245524533,-0.055510856860367205,-0.16099202241516375,-0.09616153821828524,0.33043553459076197,0.059127692495903675,data/Split/Diseased,1.5211745461930548,0.6621217164002585,0.7350484281706938,1.3049487312890509,0.08625044806625698,0.04806824580666185,-0.2333915453868172,-0.5928980891025684,1.5785630658169858,0.3767847971041402,0.14045047255604365,0.6977167568527283,0.9274236922148918,0.4075102769991019,1.9625808252958268,1.2531278829960195,1.8010586060077363,-1.2354954763351769,-0.017695351236813713,0.34749035906903414,1.8651890892610017,1.5600404928044667,-0.538381194399944,-0.6270662005800243,1.04595537066746,-0.24924609458594055,0.12452277769819456,0.05192984434117116,-0.08714809174573564,0.03231046380402056,1
data/Split/Diseased/d1_msns/pre_processed_data/6-OHDA_D1-MSNs_cell_body_stim/Neuron_0073,AG7960,5,07-21-22,1.1,4,6-OHDA,73,7,right,raw_data/D1-MSN_DIO-ChR2_rec_SNr/6-OHDA/D1-MSNs cell body stim/AG7960_mouse#5_recorded_07-21-22/Trajectory4_1.1mm_right_rec12_1mW_10s_STR_cells_recorded_together/Ch7.txt,12.601480225620293,1.0424760494058927,1.2063512764500668,76.05785897160908,0.06526482670926927,0.351875808538163,0.05410101351351345,0.7505116438356165,8.737580884754186,8.704681533113934,9.5,0.8436026140183742,0.7,46.32298104817834,0.0521874999999973,0.2684719447219447,0.0521874999999973,1.0,6.896644259844362,6.532985790887935,0.2480213740740056,0.051742091824860226,-0.06666666666666668,0.030887778538675793,-0.2599355067777605,-0.2229414023273672,-0.2806495125446324,-0.049939087245808894,0.3182361796873868,-0.1058437326500626,data/Split/Diseased,1.3667225027816647,0.7288804544402077,0.032808568590417406,0.32023329151938995,-0.5181149369025028,-0.425814484758301,-0.5804359114150975,-0.2971050421860631,1.551888235142459,-0.09218261416141861,-0.8760436480734322,0.5960114869372598,-0.23833645699204006,-0.4419563020064164,1.0872677802252995,1.3176844864022648,2.7601545726129464,0.8520727053046208,-0.9278042483112059,0.8160961773078708,0.5280734836772456,2.174118497829124,-0.577464222623015,-0.31282475900565304,0.6587109986406627,-0.05126783074952877,-0.024360888624510503,-0.06996247527169983,0.03198769982304079,-0.03013164248649059,1
data/Split/Diseased/d1_msns/pre_processed_data/6-OHDA_D1-MSNs_cell_body_stim/Neuron_0040,AG7499,4,02-15-22,1.7,5,6-OHDA,40,7,left,raw_data/D1-MSN_DIO-ChR2_rec_SNr/6-OHDA/D1-MSNs cell body stim/AG7499_mouse#4_recorded_02-15-22/Trajectory5_1.7mm_left_rec26_1mW_10s_STR_neurons_recorded_together/Ch7.txt,29.10216360728247,0.7490827363975537,0.9752047769636101,117.52897555561532,0.034556252955287844,0.12786596119929453,0.03543486842105298,0.9968614864864862,26.289452453704392,4.470575253044289,38.5,0.7431078562046232,1.2,137.9559979277313,0.026910000000005853,0.11416026482526127,0.014802083333335858,0.796443750000001,35.11262164599192,4.0613724504199,-0.9303602007354155,-0.8542184905866584,-0.7,-0.7,-0.7,-0.7,-0.7,0.14213507729841007,-0.9209940351753338,-0.7,data/Split/Diseased,-1.181491589612607,-1.238776469404519,-1.7394476235191987,-1.7277452863041072,-1.7677056766378993,-1.776044995409996,-1.7966842541233754,0.9320422913966439,-1.1577842360695072,-1.7812019479022014,0.752593340780424,0.15828714547037134,0.4093080703451442,0.8267311341378432,-0.08495608715405896,-0.23778250687981353,-0.3520252980459952,-0.1822035008360776,0.7948475340206927,0.006073881501713746,-4.96545533996578,0.33008206574558574,-0.29255367819233635,0.12751749802717505,0.02663027386344065,-0.010746892055609317,0.018735861446762904,0.03346075689865155,0.00029217046692037684,-0.001495238583433299,2
data/Split/Diseased/d1_msns/pre_processed_data/6-OHDA_D1-MSNs_cell_body_stim/Neuron_0054,AG7499,5,02-17-22,1.7,5,6-OHDA,54,2,left,raw_data/D1-MSN_DIO-ChR2_rec_SNr/6-OHDA/D1-MSNs cell body stim/AG7499_mouse#5_recorded_02-17-22/Trajectory5_1.7mm_left_rec22_1mW_10s_STR_neurons_recorded_together/Ch2.txt,33.42856537665867,0.7804654540908706,1.2580642883688746,144.54964508032867,0.051108861714985396,0.1858678955453149,0.04062499999999989,0.6665260416666668,28.681128088294574,5.0398870168332985,50.8,0.406845727913992,0.3,48.85338390487887,0.012707500000001915,0.040129513343799064,0.012707500000001915,1.0,49.29516204665431,1.045748135899816,0.02628717967185436,0.2185032133434987,0.23333333333333334,0.2164769995961867,0.1422596123035293,0.1657017494515385,0.10870238734738566,-0.19344525611591895,0.01608020744424373,0.22893177921100283,data/Split/Diseased,0.887229093329269,1.0910691431697284,0.8722983438002356,0.840262166212934,0.6239433388987771,0.6741716466054094,0.5488070897019267,-1.2154493975444705,0.8912008905474674,0.8594901074246023,1.4433600636391284,-1.3063675476536352,-0.7564520788617873,-0.40692209248236166,-0.7435856777569899,-0.9840150052518161,-0.5263906166284331,0.8520727053046208,1.6607249822777126,-0.9822372311393367,2.512220398303788,0.5005974584933557,-0.5959327173578911,0.30941463710591866,0.24264193697262007,0.04124414127934998,-0.00946458885976426,-0.03947754958278564,0.08111977044025281,0.0014501787747492915,0
data/Split/Diseased/d1_msns/pre_processed_data/6-OHDA_D1-MSNs_cell_body_stim/Neuron_0030,AG7499,4,02-15-22,1.4,1,6-OHDA,30,9,right,raw_data/D1-MSN_DIO-ChR2_rec_SNr/6-OHDA/D1-MSNs cell body stim/AG7499_mouse#4_recorded_02-15-22/Trajectory1_1.4mm_right_rec1_1mW_10s_STR_neurons_recorded_together/Ch9.txt,32.293224506349645,0.740244503272815,0.9125243973536792,140.88417582036385,0.03366898177485974,0.11773940345368916,0.03689652777777755,1.0673428571428574,29.483726569913344,4.778370722109771,25.9,0.8503660939653882,1.4,83.9518639225767,0.07268999999999863,0.29371783445312855,0.049815833333332664,0.7368212500000034,20.78758012589229,5.325270307533419,-1.0,-1.0,-0.8,-0.8,-0.8,-0.8,-0.8,0.20547082177460063,-1.0,-0.8,data/Split/Diseased,-1.3320855242693184,-1.5553995123211926,-2.0192775485891383,-2.007949530780351,-2.0516619509979703,-2.059077418940124,-2.086715714463034,1.3373490729105264,-1.3305368734563014,-2.0654738518701876,0.044978649071507094,0.6254711311041529,0.6683658812800178,0.07902720988257908,2.038054837527445,1.57216391543309,2.562723223225619,-0.4851474443436908,-0.07972994273519352,0.42029135926047456,-5.829915048695928,0.3939427714347339,-0.13296787017413747,-0.016919442769319847,0.03452986746175046,0.01338792946968899,0.04054358359260523,0.06015478639302431,0.0003471573260460034,-0.0023617827852171758,2
data/Split/Diseased/d1_msns/pre_processed_data/6-OHDA_D1-MSNs_cell_body_stim/Neuron_0003,AG7960,2,06-16-22,1.1,6,6-OHDA,3,13,right,raw_data/D1-MSN_DIO-ChR2_rec_SNr/6-OHDA/D1-MSNs cell body stim/AG7960_mouse#2_recorded_06-16-22/Trajectory6_1.1mm_right_rec9_1mW_10s_STR_cells_recorded_together/Ch13.txt,26.91855397348126,0.7559227008883411,1.3273129439720164,129.75137332878802,0.038213663391818836,0.16897173782321107,0.028790243902439103,0.7142373456790123,23.258886384042587,5.578572042804577,36.3,0.6578927097732958,1.0,134.9012495004826,0.027182500000012766,0.10306369730860335,0.02289250000000962,0.9033624999999915,33.547058780065335,4.035528986804147,-0.9700764966740577,-1.0,-0.9,-0.9,-0.9,-0.9,-0.9,0.09349377191923218,-0.965047460073426,-0.9,data/Split/Diseased,-1.2673768641043752,-1.5553995123211926,-2.299107473659077,-2.288153775256595,-2.335618225358041,-2.342109842470252,-2.3767471748026923,0.6207701796544395,-1.2541104483239331,-2.3497457558381734,0.6290415692122002,-0.21288389534936417,0.15025025941027056,0.7844371981504902,-0.07231911736396553,-0.34963628568932315,0.3214681157031954,0.3610542921095899,0.6992662389114507,-0.0023958015942882336,-6.198287133530351,0.6707064385842432,-0.999956271756261,0.16533021226710687,-0.035296639653440556,9.363614616773354e-06,-0.020555677454730192,0.055518620745914536,0.0035495041187779135,-0.0030440147551765466,2
data/Split/Diseased/d1_msns/pre_processed_data/6-OHDA_D1-MSNs_cell_body_stim/Neuron_0057,AG7499,5,02-17-22,1.1,6,6-OHDA,57,15,left,raw_data/D1-MSN_DIO-ChR2_rec_SNr/6-OHDA/D1-MSNs cell body stim/AG7499_mouse#5_recorded_02-17-22/Trajectory6_1.1mm_left_rec27_1mW_10s_STR_neurons_recorded_together/Ch15.txt,18.345988902574575,0.8620139462456382,1.1893261771324208,100.78002718906824,0.053128718621241654,0.24275862068965517,0.044671276595744394,0.8098402173913047,14.671837888217427,6.868943615441803,24.5,0.8773584407231689,1.4,109.22128180214106,0.03742999999999626,0.19133257918552035,0.022375250000002466,0.7664435416666692,19.733067919840924,5.427153736464996,0.02656558656961156,0.11929651141625079,0.2533333333333333,0.3870267143864514,0.13019067478980198,0.24038911740929908,0.16934874375007908,-0.3084625708036789,-0.00840685103272043,0.4160886796169401,data/Split/Diseased,0.8878311397253181,0.8756019829767913,0.9282643288142234,1.3181497059973837,0.589672833579952,0.8855611142071232,0.7247006028194523,-1.951483970438612,0.8376580480149056,1.391524591616027,-0.033645205562816916,0.7430415145374145,0.6683658812800178,0.4288901094597301,0.4029005080323232,0.5401170523949055,0.27840921248235406,-0.3346355762866185,-0.14411039308730345,0.45368163421024965,3.108584649636087,0.01781427467195034,-1.1633556150698317,0.1953855689570913,0.5052214567650807,0.19766315222870806,-0.40789823343786674,-0.023254293665779677,0.0020630484171725912,0.006866760341067169,0
data/Split/Diseased/d1_msns/pre_processed_data/6-OHDA_D1-MSNs_cell_body_stim/Neuron_0044,AG7499,5,02-17-22,1.1,3,6-OHDA,44,8,right,raw_data/D1-MSN_DIO-ChR2_rec_SNr/6-OHDA/D1-MSNs cell body stim/AG7499_mouse#5_recorded_02-17-22/Trajectory3_1.1mm_right_rec12_1mW_10s_STR_neurons_recorded_together/Ch8.txt,44.31395596396241,0.5761711419607324,0.7139187381996245,185.67917562286286,0.02004071886517518,0.07019562715765247,0.02807142857142858,1.2867972222222224,42.04594091452524,4.416102282033077,56.8,0.4168225161174326,0.3,75.49467214556206,0.006977499999999281,0.023280701754385964,0.006977499999999281,1.0,55.86685135552558,1.4452824120672343,0.22261742705629822,0.08001952194666784,0.2,0.2170087976540401,0.18299120234595992,0.17092198581560286,0.18299120234595992,-0.16052626984350254,0.22052643280661677,0.1860539945784339,data/Split/Diseased,1.3117872448170036,0.7902962403451582,0.7790217021102558,0.8417522869430816,0.7396032444708805,0.6889466081006217,0.7642680247113187,-1.0047897062892668,1.338238335296173,0.737600612670306,1.7803194406433744,-1.262911718301827,-0.7564520788617873,-0.03806522380499075,-1.0093098498503172,-1.1538516003877615,-1.0033891965262032,0.8520727053046208,2.061942070948063,-0.8512977891418684,2.651776065839899,0.8678675103506864,-0.4864958744606661,-0.27672548153194126,-0.027340935716433895,-0.04471876843497682,-0.06372357955686139,-0.012086691895620665,0.013320025313908095,0.007889282012781546,0
data/Split/Diseased/d1_msns/pre_processed_data/6-OHDA_D1-MSNs_cell_body_stim/Neuron_0024,AG7499,4,02-15-22,1.1,3,6-OHDA,24,16,right,raw_data/D1-MSN_DIO-ChR2_rec_SNr/6-OHDA/D1-MSNs cell body stim/AG7499_mouse#4_recorded_02-15-22/Trajectory3_1.1mm_right_rec16_1mW_10s_STR_neurons_recorded_together/Ch16.txt,59.856447641771354,0.5891679057048407,1.522190218945785,290.6561126184022,0.020670279276893893,0.08941755537325677,0.013579301075268634,0.6385220108695654,55.65462710564182,5.222496811750946,30.4,0.7597354454612322,0.7,76.65903573384898,0.021822500000007496,0.11146477234961782,0.01328083333334007,0.9184587499999992,28.346261308397835,3.6541936189327893,-0.7789127597605539,-0.6611774510050707,-0.4,-0.4,-0.4,-0.4,-0.4,0.06883514303502386,-0.775712340578584,-0.4,data/Split/Diseased,-0.853991133394419,-0.819510393712984,-0.8999578483093805,-0.8871325528753764,-0.9158368535576878,-0.9269477248196124,-0.9265898731044008,0.4629713001708196,-0.8401146023740064,-0.9283862359982442,0.29769818182469165,0.23071182428814718,-0.23833645699204006,-0.021944250100663375,-0.32088483506396215,-0.26495316291382703,-0.4786630100297893,0.437758850073099,0.3817453211879452,-0.1273709120202378,-2.7979821641616125,-0.14249197524465523,-0.1433855319246221,0.08143036848883967,0.025501988154015547,-0.022427400276635354,0.006275708710398379,0.012832724319895886,0.00039263142477628484,-0.0006412010533932505,2
data/Split/Diseased/d1_msns/pre_processed_data/6-OHDA_D1-MSNs_cell_body_stim/Neuron_0005,AG7960,2,06-16-22,1.1,6,6-OHDA,5,7,right,raw_data/D1-MSN_DIO-ChR2_rec_SNr/6-OHDA/D1-MSNs cell body stim/AG7960_mouse#2_recorded_06-16-22/Trajectory6_1.1mm_right_rec9_1mW_10s_STR_cells_recorded_together/Ch7.txt,10.79322679795411,0.9232295504605674,0.7838656333709689,62.421739255745564,0.058931118812422925,0.28305400372439476,0.07518012820512752,1.0079881578947374,8.222735757580931,7.591359019192121,19.0,0.7377564936546969,1.1,69.14043485297374,0.037192499999991926,0.1681698253437384,0.02121874999999136,0.6001049999999963,15.759370419212265,3.848488002557974,-0.46275113838614984,-0.2634756703482232,-0.5333333333333333,-0.5192579551259383,-0.5222303741746993,-0.5172413793103449,-0.488008452192375,0.3453301434889805,-0.41505973135175,-0.49803095674675946,data/Split/Diseased,-0.17030130296680462,0.04425860190029954,-1.2730644150692996,-1.2212984050138296,-1.2629176702005378,-1.2587788420618313,-1.1818420722202758,2.232356023844522,-0.051519848007904503,-1.2070607032202898,-0.34252463448337583,0.13497825156310592,0.27977916487770754,-0.1260416027774589,0.391886635279568,0.30663570413577185,0.18213541533456776,-1.1798073448271753,-0.38671397148634273,-0.06369477784930323,-3.258926036243141,1.64568477440811,1.3300817633361834,0.08625177565945867,0.10642835934047998,0.004657349128050338,0.036839790114497346,-0.018507895252781546,0.003452224198844583,0.003260872817977548,2
data/Split/Diseased/d1_msns/pre_processed_data/6-OHDA_D1-MSNs_cell_body_stim/Neuron_0029,AG7499,4,02-15-22,1.4,1,6-OHDA,29,8,right,raw_data/D1-MSN_DIO-ChR2_rec_SNr/6-OHDA/D1-MSNs cell body stim/AG7499_mouse#4_recorded_02-15-22/Trajectory1_1.4mm_right_rec1_1mW_10s_STR_neurons_recorded_together/Ch8.txt,13.482407102926668,1.1663560175854841,1.4648291530895936,85.34320218725776,0.0698043406774091,0.3858093126385809,0.04765357142857166,0.6036291666666664,8.902179668160812,9.586775977179265,36.4,1.157399609812911,1.3,97.57594449570914,0.049285000000000426,0.19033061972815296,0.028490416666667545,0.7265933333333332,31.136469464274786,3.7675607348723092,0.25690916552527476,-0.22539065401918945,-0.1766666666666667,-0.00600760066500392,-0.29189035632443094,-0.297317090853724,-0.21722524984214003,0.18560565265530532,0.29478062572870545,-0.15763437872120617,data/Split/Diseased,1.3859420797935071,0.12697549657477802,-0.27500434898651593,0.2168508729750741,-0.6088527371525941,-0.6363217985116679,-0.39648559608939776,1.2102251584991737,1.5006008568195326,-0.23940886982517928,0.6346575588289378,1.9628149533729644,0.5388369758125812,0.26765681568143734,0.9526666616389647,0.5300172669114912,0.787471309486906,-0.5371158356199446,0.5520940915678851,-0.0902170862099015,-0.2639121460281486,2.2657083417088772,0.6854970771673091,-1.059732792104198,0.5136361181516701,-0.11845326348764552,-0.18242129781502528,0.03292576751818946,0.022084388927367565,0.0019592974853511534,1
data/Split/Diseased/d1_msns/pre_processed_data/6-OHDA_D1-MSNs_cell_body_stim/Neuron_0063,AG8020,4,06-23-22,1.7,6,6-OHDA,63,12,left,raw_data/D1-MSN_DIO-ChR2_rec_SNr/6-OHDA/D1-MSNs cell body stim/AG8020_mouse#4_recorded_06-23-22/Trajectory6_1.7mm_left_rec17_1mW_10s_STR_cells_recorded_together/Ch12.txt,19.606192188796808,0.874711292572738,1.1025977202288593,101.28537364330694,0.049508642361404176,0.2085889570552147,0.04490181818181883,0.8148833333333326,16.32477442705105,6.2043965198974815,20.8,0.7520952239811801,0.9,105.62915143556806,0.03290749999999676,0.16610192224729847,0.02976999999999421,0.9161049999999932,17.87397050166873,6.0658857088761495,-0.05324992376458504,0.132409196692026,0.2333333333333333,0.12993946485233204,0.20255358693594894,0.2724821209014737,0.08080552534170883,-0.24641535073282297,-0.12580660314029107,0.24537318934832367,data/Split/Diseased,0.7152325412975261,0.9040814405536287,0.8722983438002356,0.5977803207955492,0.7951518629286018,0.9763947197746338,0.46789741343792296,-1.5544228909994022,0.5809544326594381,0.9062284170611495,-0.24143682138210196,0.19743336291591282,0.020721353942833736,0.3791559544547304,0.19317318372318049,0.28579117043636754,0.8939912803171668,0.42579936653864636,-0.25761266299326263,0.663013381302739,2.4834168792271423,0.05822698021520795,-0.873703927405658,0.42557780365391934,0.0018813408521973812,0.3200446602914152,0.16629422806259647,0.0013266529299189934,-0.010782225220796806,0.005058415719761344,0
data/Split/Diseased/d1_msns/pre_processed_data/6-OHDA_D1-MSNs_cell_body_stim/Neuron_0010,AG7960,2,06-16-22,1.7,5,6-OHDA,10,13,right,raw_data/D1-MSN_DIO-ChR2_rec_SNr/6-OHDA/D1-MSNs cell body stim/AG7960_mouse#2_recorded_06-16-22/Trajectory5_1.7mm_right_rec7_1mW_10s_STR_cells_recorded_together/Ch13.txt,45.971602580925406,0.31557927414525433,0.04022012474271689,154.93041808832498,0.001324247607153904,0.004374453193350831,0.03292499999999876,3.1133999999999986,45.83119380594235,3.3804578328098693,43.5,0.30090364924000573,0.0,0.0,0.0,0.0,0.0,1.0,43.5,0.0,-0.9271167949140804,-0.7365765909585583,0.0,0.0,0.0,0.0,0.0,0.0,-0.9271167949140804,0.0,data/Split/Diseased,-1.1744778237850002,-0.9832698802311592,0.21936185197037703,0.23368442502959813,0.21998824388259466,0.20518196930089944,0.23353596825423217,0.022472013246651306,-1.1711721226082197,0.20870137987369894,1.0333928216172956,-1.7678187479953358,-1.145038795264098,-1.0833122898576288,-1.332885837770064,-1.3885218676263587,-1.5842369436876027,0.8520727053046208,1.306916709328347,-1.3249604605406522,-0.5678908203404562,-1.8739288760829367,0.22723034933872538,-0.12271531432129325,0.05158348467245492,-0.0383002798629536,0.0011217752857527862,-0.0292786673361159,-0.0014885534702703852,0.0010887345744759575,2
data/Split/Diseased/d1_msns/pre_processed_data/6-OHDA_D1-MSNs_cell_body_stim/Neuron_0048,AG7499,5,02-17-22,1.7,2,6-OHDA,48,8,right,raw_data/D1-MSN_DIO-ChR2_rec_SNr/6-OHDA/D1-MSNs cell body stim/AG7499_mouse#5_recorded_02-17-22/Trajectory2_1.7mm_right_rec7_1mW_10s_STR_neurons_recorded_together/Ch8.txt,26.714807910551453,1.1797010462559867,2.6100674395366363,166.90900861074252,0.07993075644616299,0.4157088122605364,0.030624019607843177,0.3452702970297029,16.965274030893486,9.838273658698583,53.7,0.9388790409769003,3.0,216.59182942277317,0.061194999999995045,0.24160006494457803,0.018218999999999284,0.3112047916666666,43.512647563424906,5.327539276573889,0.03464910236686318,-0.275457174263802,-0.6266666666666667,-0.3989391187019548,-0.670084382358509,-0.6421946225500206,-0.46284920013482267,0.46952056081680904,0.12369227945399106,-0.41999086890704235,data/Split/Diseased,0.9053114952493594,0.01823595853671389,-1.5342390118012434,-0.8841599184493991,-1.6827584033313177,-1.6124370346825811,-1.1088723260672213,3.0270923730940416,1.1265029882510762,-0.9852146596600376,1.6062237625245142,1.011006379755762,2.740828368759008,1.9154685220997818,1.5049833963036499,1.0468150222818347,-0.06758124959455929,-2.6477190961404125,1.3076888728220264,0.4210349689024773,-3.000620980388702,3.0919049770300804,1.8337170571878523,-0.8682428153394253,0.4359016183963228,0.014748640199157989,-0.4930281641773862,-0.018575448924807787,0.041984121955427826,0.032189103469093004,2
data/Split/Diseased/d1_msns/pre_processed_data/6-OHDA_D1-MSNs_cell_body_stim/Neuron_0034,AG7499,4,02-15-22,1.7,2,6-OHDA,34,13,right,raw_data/D1-MSN_DIO-ChR2_rec_SNr/6-OHDA/D1-MSNs cell body stim/AG7499_mouse#4_recorded_02-15-22/Trajectory2_1.7mm_right_rec11_1mW_10s_STR_neurons_recorded_together/Ch13.txt,43.99587711591806,1.0684271283482762,2.62054613971987,183.30558524620199,0.10493903771429784,0.3947465778764336,0.04004472049689443,0.34024953125,29.75066091111399,6.161395398706061,36.2,0.9664798312269853,1.9,114.8139570108048,0.07129500000001343,0.25087460863830036,0.030280059523817304,0.5043558333333269,27.25260891547968,4.012300286395,-0.04852360660272202,-0.12647278285822022,-0.0422222222222222,-0.012687625719058215,0.039495807913359784,0.02721868384313153,0.16998987810984081,0.17783535551808036,-0.004420088644614939,0.03957237291643727,data/Split/Diseased,0.7254530575160796,0.34181534486461357,0.10121143916306935,0.1981331592415375,0.33213906856178105,0.282219669835118,0.7265600941658085,1.1605004074894323,0.8463754115545845,0.3211945178085667,0.6234255795954632,1.1312269564208168,1.3160104086172022,0.5063224260339366,1.9733628270447072,1.140302738849993,0.9364516064126007,-1.6663121062439177,0.3149752703713843,-0.01000854786245968,0.7984315720364124,0.8879078408922724,1.3189672955245473,-0.5366555318494346,-0.28719202214722545,-0.030212539860469935,-0.21517690923421387,-0.05264527572259554,0.021822732968449374,-0.01051397597655903,1
data/Split/Diseased/d1_msns/pre_processed_data/6-OHDA_D1-MSNs_cell_body_stim/Neuron_0081,AG7960,5,07-21-22,1.4,5,6-OHDA,81,13,left,raw_data/D1-MSN_DIO-ChR2_rec_SNr/6-OHDA/D1-MSNs cell body stim/AG7960_mouse#5_recorded_07-21-22/Trajectory5_1.4mm_left_rec13_1mW_10s_STR_cells_recorded_together/Ch13.txt,8.204714758917792,1.196307552078666,0.6922091856158932,37.897541923165036,0.09323446957435255,0.38213399503722084,0.1346911764705884,1.2833234848484847,5.590656194851208,6.778728757827623,15.375,0.5436808194695706,0.25,24.428330191340464,0.009446874999994748,0.04616477272727273,0.009446874999994748,1.0,14.648011364693776,1.4816885763125753,-0.45312357419379834,-0.0846013368638982,0.0,0.034025530384695774,-0.034025530384695774,0.05681818181818182,-0.034025530384695774,0.0,-0.4991305363339934,0.09634590045208584,data/Split/Diseased,-0.14948199004234014,0.43275599087242683,0.21936185197037703,0.3290254053730696,0.12337061547095876,0.36599584630665394,0.13485122559118487,0.022472013246651306,-0.23534714915085675,0.4825857054839436,-0.5461042580901079,-0.7103558586485869,-0.8212165315955059,-0.7450945092461437,-0.8947945570996273,-0.923179384946376,-0.797824036276229,0.8520727053046208,-0.45456505563899985,-0.8393663902209016,0.48169083208788427,-0.2757673980670847,0.33806584591107464,0.41280840260356877,0.2632279074249328,0.18431661362582524,-0.07660042580921499,0.013946123479200096,-0.0556346520024315,-0.022297202955217896,1
data/Split/Diseased/d1_msns/pre_processed_data/6-OHDA_D1-MSNs_cell_body_stim/Neuron_0031,AG7499,4,02-15-22,1.4,4,6-OHDA,31,12,left,raw_data/D1-MSN_DIO-ChR2_rec_SNr/6-OHDA/D1-MSNs cell body stim/AG7499_mouse#4_recorded_02-15-22/Trajectory4_1.4mm_left_rec21_1mW_10s_STR_neurons_recorded_together/Ch12.txt,50.75437239836128,0.42583345414559415,0.02632488194935751,207.61245674740377,0.00038039454416821796,0.0015560165975103733,0.014450000000000074,37.986875,50.694681732862726,4.095349840470926,48.8,0.39358813984005697,0.1,22.988505747089267,0.00130500000000211,0.005454545454545454,0.00130500000000211,1.0,48.56875728253722,0.4363174182132551,-0.9241914856478642,-0.6193847543478018,-0.1,-0.1,-0.1,-0.1,-0.1,0.0,-0.9237619165498862,-0.1,data/Split/Diseased,-1.1681519320228269,-0.7287407834889663,-0.06046807309956236,-0.04651981944664552,-0.06396803047747593,-0.07785045422922851,-0.0564954920854261,0.022472013246651306,-1.1638364222365754,-0.07557052409428686,1.3310402713043796,-1.3641135349603324,-1.0155098897966612,-0.7650293236272525,-1.2723675053822467,-1.333539863518939,-1.4756011414594508,0.8520727053046208,1.616376262951937,-1.1819660726181507,-1.076623137396298,-1.4540229177285977,0.08263359846010404,0.17795287130622897,0.06466073291147785,-0.06423874709136564,-0.0033943523231156764,-0.021547859159124282,-0.0002112104577891867,0.0003111948405929329,2
data/Split/Diseased/d1_msns/pre_processed_data/6-OHDA_D1-MSNs_cell_body_stim/Neuron_0020,AG8106,7,06-30-22,1.1,3,6-OHDA,20,2,right,raw_data/D1-MSN_DIO-ChR2_rec_SNr/6-OHDA/D1-MSNs cell body stim/AG8106_mouse#7_recorded_06-30-22/Trajectory3_1.1mm_right_rec5_1mW_10s_STR_cells_recorded_together/Ch2.txt,42.7752294733829,1.4382934092624453,2.4995892811967386,168.20999901284256,0.12741404386174401,0.47690857681432614,0.05097399193548368,0.3396400406504067,25.6425805445583,6.55979216758428,52.2,0.7175682159351516,1.7,119.77265974305874,0.08055000000001442,0.2710863505667712,0.04825979166666989,0.5892262499999935,43.12579644764317,3.961923669675005,0.042513706026828496,0.1562688356504484,-0.31666666666666665,-0.28373998448448456,-0.40283675000709956,-0.3425963935277172,-0.38957016022470287,0.14492943657097385,0.10546472388513686,-0.2195047566430671,data/Split/Diseased,0.9223184599760952,0.9559022202966154,-0.666766244084431,-0.5613670547721628,-0.9238919831907565,-0.7644769062274129,-0.8963400564930201,0.9499243384543217,1.086647031746754,-0.4152889711358416,1.5219839182734527,0.047044305928685866,1.0569525976823284,0.5749771977550735,2.402556057886396,1.3440377864336956,2.433189250230931,-1.235082642331212,1.2840707023444138,-0.026518485748921322,-0.9833533437711859,2.481169137113372,0.42687740796962426,0.1736497157196039,0.3812004166799883,0.1983202784445589,-0.0830813151898196,-0.08923366954358461,0.061314859063486805,0.02176632958739266,1
data/Split/Diseased/d1_msns/pre_processed_data/6-OHDA_D1-MSNs_cell_body_stim/Neuron_0049,AG7499,5,02-17-22,1.4,4,6-OHDA,49,12,left,raw_data/D1-MSN_DIO-ChR2_rec_SNr/6-OHDA/D1-MSNs cell body stim/AG7499_mouse#5_recorded_02-17-22/Trajectory4_1.4mm_left_rec17_1mW_10s_STR_neurons_recorded_together/Ch12.txt,15.979183458595513,0.7137609635962738,0.8977069358761524,77.11672096904014,0.0424698739170606,0.19101123595505617,0.04730928571428542,1.0784220588235296,13.500337508437708,5.712206892667847,24.1,0.5641777847834835,0.7,71.51813008301991,0.02204750000000999,0.09560790063826116,0.01767000000000891,0.9669199999999989,22.395512085422308,3.230222803693625,0.3204451782534947,0.07165082321899018,0.13333333333333333,0.2841975419931977,-0.049749897931195976,-0.009208333333333351,-0.08073731353461175,-0.10966499607357338,0.3306904540269082,0.1370232252666447,data/Split/Diseased,1.5233367628653094,0.7721202530949693,0.5924684187302962,1.030018000391693,0.07872028721923276,0.17911940030083345,-0.0006276412292108418,-0.6793112683885976,1.5791204668311138,0.598219911217532,-0.056109164029766574,-0.6210773645332004,-0.23833645699204006,-0.09312167753583096,-0.31045063982458454,-0.4247909702673435,-0.11328320777242376,0.6839921040008748,0.018438085189037546,-0.2663189454734815,1.9738603118184754,1.5548550040256435,-0.5327855256468321,-0.4705745571592245,0.7512450175363885,-0.013591109285769197,-0.09681259934693306,0.002567343628447065,-0.01331113451905391,0.014735351513811253,1
data/Split/Diseased/d1_msns/pre_processed_data/6-OHDA_D1-MSNs_cell_body_stim/Neuron_0022,AG7499,4,02-15-22,1.1,6,6-OHDA,22,15,left,raw_data/D1-MSN_DIO-ChR2_rec_SNr/6-OHDA/D1-MSNs cell body stim/AG7499_mouse#4_recorded_02-15-22/Trajectory6_1.1mm_left_rec31_1mW_10s_STR_neurons_recorded_together/Ch15.txt,50.606034699458085,0.8431631668467875,0.7145582307538207,204.0364601283807,0.015258370220275567,0.05395864851235502,0.021353571428571753,1.3756388888888884,48.61722101787773,4.196793972517506,56.1,0.6901733270036576,0.0,0.0,0.0,0.0,0.0,1.0,56.1,0.0,-0.4276505290045284,0.081559116509899,0.6,0.6,0.6,0.6,0.6,-0.06483459878228516,-0.46082137576378235,0.6,data/Split/Diseased,-0.09439730939635177,0.7936400877057043,1.8983414023900134,1.9149098918870597,1.923725890043018,1.9033765104816671,1.9737247302921817,-0.3924264422861543,-0.15158121401842525,1.9143328036816136,1.7410075133262126,-0.07227942774626545,-1.145038795264098,-1.0833122898576288,-1.332885837770064,-1.3885218676263587,-1.5842369436876027,0.8520727053046208,2.076176344049987,-1.3249604605406522,4.123230741565818,-1.9103297187732151,1.1100913402249641,0.2056715412530772,0.13090712291013415,-0.09508919485346433,0.022362742808633117,-0.031204354346434583,0.00017167073477984495,0.001070254188216571,0
data/Split/Diseased/d1_msns/pre_processed_data/6-OHDA_D1-MSNs_cell_body_stim/Neuron_0013,AG7960,2,06-16-22,1.7,5,6-OHDA,13,5cell2,right,raw_data/D1-MSN_DIO-ChR2_rec_SNr/6-OHDA/D1-MSNs cell body stim/AG7960_mouse#2_recorded_06-16-22/Trajectory5_1.7mm_right_rec7_1mW_10s_STR_cells_recorded_together/Ch5cell2.txt,9.109858254225376,0.9295978418465262,0.8044024948543379,60.117162595531816,0.05466970730809743,0.304635761589404,0.06796312500000026,1.183358974358974,6.701012012361774,8.971355742181919,14.3,0.8232724426683558,0.9,57.31824984216739,0.03558499999999683,0.19776867868973133,0.027636249999995855,0.86736,11.875114949299064,5.546692928440284,-0.16008742913422153,-0.12112605391314295,-0.5333333333333333,-0.5304693408410353,-0.4906319800288991,-0.48484848484848486,-0.45859169285653073,0.10089064618822374,-0.11408302589005122,-0.4887281795925237,data/Split/Diseased,0.48419970558538733,0.35342791215832337,-1.2730644150692996,-1.2527131836521344,-1.1731920474265127,-1.1670964478148724,-1.0965242155339243,0.6681052718369407,0.6065889387892139,-1.180615521482045,-0.6064761464700352,0.5074594961698553,0.020721353942833736,-0.2897234076742462,0.31734010707040133,0.6049931547805584,0.7163655002376528,0.17812436924270722,-0.6238569035459428,0.49285823563784165,-2.3362744930576946,2.2059676365125718,-0.1410607982132983,0.212124540123563,-0.15890691244897523,0.028232789100041372,-0.07573657858260831,-0.028896760694020272,-0.014057505314959683,0.006843291530018821,2
data/Split/Diseased/d1_msns/pre_processed_data/6-OHDA_D1-MSNs_cell_body_stim/Neuron_0027,AG7499,4,02-15-22,1.4,1,6-OHDA,27,13,right,raw_data/D1-MSN_DIO-ChR2_rec_SNr/6-OHDA/D1-MSNs cell body stim/AG7499_mouse#4_recorded_02-15-22/Trajectory1_1.4mm_right_rec1_1mW_10s_STR_neurons_recorded_together/Ch13.txt,43.0678005773582,0.6039598637897312,1.0402850381004396,184.64995195034834,0.027923851135211293,0.10144927536231885,0.026842500000000234,0.9495916666666664,39.8102591679977,4.6382504361785974,35.6,0.6894374716257626,0.8,107.94497976687049,0.03794250000000474,0.13831157611076475,0.03794250000000474,1.0,32.46788253661315,3.663634289973216,-0.9901585565882997,-1.0,-0.8,-0.8,-0.8,-0.8,-0.8,0.0,-0.9891767960600892,-0.8,data/Split/Diseased,-1.3108037040785607,-1.5553995123211926,-2.0192775485891383,-2.007949530780351,-2.0516619509979703,-2.059077418940124,-2.086715714463034,0.022472013246651306,-1.3068711030332185,-2.0654738518701876,0.5897296418950384,-0.07548458807214946,-0.10880755152460309,0.4112193133644589,0.4266672860777024,0.005663534108358161,1.5743177889066535,0.8520727053046208,0.6333799910671414,-0.12427691915941709,-5.488927798929016,0.21592435090922796,-1.359755528765818,0.2204134112866394,-0.06449427586293699,-0.015191835709577758,-0.05814797393069072,0.045059779262646524,0.005421354918043457,-0.0032260551560700235,2
data/Split/Diseased/d1_msns/pre_processed_data/6-OHDA_D1-MSNs_cell_body_stim/Neuron_0028,AG7499,4,02-15-22,1.4,1,6-OHDA,28,14,right,raw_data/D1-MSN_DIO-ChR2_rec_SNr/6-OHDA/D1-MSNs cell body stim/AG7499_mouse#4_recorded_02-15-22/Trajectory1_1.4mm_right_rec1_1mW_10s_STR_neurons_recorded_together/Ch14.txt,10.168786247431797,0.9388012014086653,0.7281995266703076,46.39685862522474,0.061789030194272926,0.2659846547314578,0.0848517857142853,1.2465027777777782,7.955614876168218,5.831963883044518,13.4,0.8385817372392586,0.9,44.938500780713625,0.04338500000000067,0.22934873949579831,0.03196375000000131,0.838990000000004,10.604483882826482,5.040069298682619,-0.9888888888888889,-1.0,-0.6,-0.6,-0.6,-0.6,-0.6,0.12912574915524422,-0.9857204211210547,-0.6,data/Split/Diseased,-1.3080580865354323,-1.5553995123211926,-1.459617698449259,-1.4475410418278636,-1.4837494022778288,-1.493012571879868,-1.506652793783717,0.8487912147262388,-1.299313472570241,-1.4969300439342157,-0.6570200530206721,0.5741420876816494,0.020721353942833736,-0.4611248591568475,0.6790588753649952,0.9233212441550425,1.0766118099251316,0.03397543759257302,-0.7014319186301226,0.3268223800423052,-4.5219756782089,-0.26889670962550494,-0.2149047496814449,-0.12493668957551114,0.015168817283423144,0.00844774446902459,0.017355946266221868,0.03176973853429701,-3.674078865423483e-05,-0.0012589046611934792,2
data/Split/Diseased/d1_msns/pre_processed_data/6-OHDA_D1-MSNs_cell_body_stim/Neuron_0011,AG7960,2,06-16-22,1.7,5,6-OHDA,11,2cell1,right,raw_data/D1-MSN_DIO-ChR2_rec_SNr/6-OHDA/D1-MSNs cell body stim/AG7960_mouse#2_recorded_06-16-22/Trajectory5_1.7mm_right_rec7_1mW_10s_STR_cells_recorded_together/Ch2cell1.txt,7.38438817267161,0.950436106248314,0.7449163507519607,64.00665532727054,0.05731200173597909,0.3442982456140351,0.07693750000000016,1.2471155555555553,5.136329611498508,12.461555267789132,8.8,0.7534248618235233,0.2,31.362154527773974,0.004052500000001657,0.05500000000000001,0.004052500000001657,1.0,8.234127030614927,4.023925316533384,-0.6441938178780284,-0.6392695259318241,-0.2,-0.2,-0.2,-0.2,-0.2,0.0,-0.6222861451404854,-0.2,data/Split/Diseased,-0.5626655445052541,-0.7719285438021404,-0.34029799816950174,-0.32672406392288916,-0.34792430483754655,-0.3608828777593565,-0.34652695242508436,0.022472013246651306,-0.5046363892419478,-0.3598424280622727,-0.9153555753905942,0.20322485753305283,-0.8859809843292243,-0.6490935685412499,-1.144954387960613,-0.8341199928765455,-1.246883236002504,0.8520727053046208,-0.8461477794469636,-0.006198674591697091,-1.3351220052230701,-0.461712332487587,-0.2204606872981713,-0.18546993092010375,-0.016145481787487245,-0.007328714180004284,-0.01501167850768577,-0.03407618477913427,-0.001995483737114877,0.0018528106496836516,2
data/Split/Diseased/d1_msns/pre_processed_data/6-OHDA_D1-MSNs_cell_body_stim/Neuron_0050,AG7499,5,02-17-22,1.4,4,6-OHDA,50,13,left,raw_data/D1-MSN_DIO-ChR2_rec_SNr/6-OHDA/D1-MSNs cell body stim/AG7499_mouse#5_recorded_02-17-22/Trajectory4_1.4mm_left_rec17_1mW_10s_STR_neurons_recorded_together/Ch13.txt,21.647561539413502,0.9036472414460913,1.3337360190159977,120.46833649070975,0.0493995302427846,0.22867298578199052,0.03703846153846136,0.6954161764705885,17.565054445597905,6.858409512126569,28.9,0.7295187506812706,0.9,116.62506257535988,0.021199999999991802,0.12712115527905002,0.017583749999992904,0.9113325000000003,26.227933192866157,5.339326089638818,-0.30699303367756314,0.0772175721616071,0.06666666666666668,-0.038509214964624096,0.2124772974948173,0.21212746258562323,0.24677363513830275,0.05721473102594303,-0.3592340365098587,0.15608618576899996,data/Split/Diseased,0.16652083165222523,0.7842106820969567,0.40591513535033663,0.1257799701842406,0.8233308617098416,0.8055714676299544,0.9492571459791117,0.38860836609279104,0.07054734070739814,0.6524105519902424,0.21345833757363014,0.09909716983644194,0.020721353942833736,0.5313977422630446,-0.3497527752266481,-0.10713628931604198,-0.1204631602198582,0.40155013226655145,0.25241640750743105,0.4248978633215873,1.3821861450546562,-0.13211879370368707,1.0052996813149966,0.39547817545210934,-0.5192182643743125,0.15675877028993185,-0.025682946653340984,0.007968773106886146,0.029416223258810652,0.027836279180564697,1
data/Split/Diseased/d1_msns/pre_processed_data/6-OHDA_D1-MSNs_cell_body_stim/Neuron_0004,AG7960,2,06-16-22,1.1,6,6-OHDA,4,6,right,raw_data/D1-MSN_DIO-ChR2_rec_SNr/6-OHDA/D1-MSNs cell body stim/AG7960_mouse#2_recorded_06-16-22/Trajectory6_1.1mm_right_rec9_1mW_10s_STR_cells_recorded_together/Ch6.txt,16.041062530198392,0.843926578522253,1.3111262007528455,84.86453569719255,0.06192400485925961,0.29162462159434915,0.047229629629629094,0.6871115625000005,12.113191040724988,7.005960313172219,22.8,0.7045062842064164,0.4,39.20853241038218,0.013455000000000439,0.053108791903858324,0.013455000000000439,1.0,21.808572969304212,1.7649804679132277,0.03347771947412442,0.07952699483957638,0.5,0.4349166474111511,0.5185645760447402,0.5317448664228028,0.41673429781876814,-0.31133227403796976,-0.03440013831028815,0.4454605621411048,data/Split/Diseased,0.9027784155927556,0.7892265201042731,1.6185114773200737,1.4523393310094224,1.6924848941703339,1.7101923517344,1.442196537954226,-1.9698481689083662,0.7808217200045109,1.47502060129871,-0.12911702904735325,-0.009849462349680501,-0.6269231733943506,-0.5404580419821925,-0.7089209624621768,-0.8531834349500541,-0.464164362095673,0.8520727053046208,-0.017395928308490106,-0.7465230863511404,4.300686146257463,-0.7042816422283228,-0.7720111371747366,0.004880586056928787,-0.16610009114490368,0.07328386563810366,0.1564793317685149,0.014372645238219956,-0.0726401644034877,-0.00023914860204518195,0
data/Split/Diseased/d1_msns/pre_processed_data/6-OHDA_D1-MSNs_cell_body_stim/Neuron_0076,AG7960,5,07-21-22,1.7,6,6-OHDA,76,2,right,raw_data/D1-MSN_DIO-ChR2_rec_SNr/6-OHDA/D1-MSNs cell body stim/AG7960_mouse#5_recorded_07-21-22/Trajectory6_1.7mm_right_rec15_1mW_10s_STR_cells_recorded_together/Ch2.txt,8.741395820823643,1.3198311098418503,0.991500914861941,58.94071507897476,0.08310598790672327,0.49074074074074076,0.083818367346938,0.8949666666666675,4.855126876051365,12.13989182645434,16.9,0.7474614335415202,0.5,38.850777249138964,0.031949999999999076,0.12710084033613445,0.031949999999999076,1.0,15.457291864314053,2.6638060408249187,-0.4078107383204834,-0.14598888339594146,0.0,-0.037408779301153515,0.02313188678049871,0.08263157894736843,0.02313188678049871,-0.09022256039566275,-0.45090469797825444,0.07880827606366876,data/Split/Diseased,-0.05149436921807179,0.29942830165873824,0.21936185197037703,0.12886343762101551,0.2856726877736885,0.43905612979684727,0.30062571728782894,-0.5548925677863337,-0.12989763297024937,0.43273116672423656,-0.4604604164348621,0.17724999302855168,-0.4973942679269137,-0.5454112727470557,0.1487698862050953,-0.10734106463309342,1.0754671798248425,0.8520727053046208,-0.4051565777401713,-0.451950815608605,0.6942657150419627,-0.3402907034734734,-0.19590143516981812,0.3667239451315228,-0.10330457665613446,0.19679279154799945,-0.06864999495587636,-0.0042985520457055355,-0.011363078567571433,-0.012069511977165326,1
data/Split/Diseased/d1_msns/pre_processed_data/6-OHDA_D1-MSNs_cell_body_stim/Neuron_0035,AG7499,4,02-15-22,1.7,2,6-OHDA,35,2,right,raw_data/D1-MSN_DIO-ChR2_rec_SNr/6-OHDA/D1-MSNs cell body stim/AG7499_mouse#4_recorded_02-15-22/Trajectory2_1.7mm_right_rec11_1mW_10s_STR_neurons_recorded_together/Ch2.txt,34.972582112333676,0.67205072118334,0.7451909487565589,174.36295785611844,0.01716701527898416,0.07714915503306392,0.023037068965517358,1.2303839285714286,32.83821102341618,5.309758126951075,36.1,0.5725107367820881,0.5,61.606211213298955,0.011570000000003234,0.04672456575682382,0.009405000000000996,0.924347499999999,34.79116133076112,1.8437256459932165,-0.6106534789575315,0.25322582874617716,-0.03333333333333333,-0.0708674797985269,0.030212134609120554,0.0916239316239316,0.05864609568894182,0.06083958262128446,-0.6426414710711625,0.0870877256274255,data/Split/Diseased,-0.4901355880565435,1.1664832350601453,0.12608521028039724,0.03511073868078126,0.3057774957233029,0.4645074035097004,0.4036280960130635,0.4118050135108315,-0.549144879799542,0.4562673156371969,0.6178095899787256,-0.584781581495199,-0.4973942679269137,-0.23035525737775156,-0.796336331466531,-0.9175366521271942,-0.8013099552169323,0.46767978843245095,0.7752216257133951,-0.7207159146193604,0.46527772171013543,-0.31424984487098423,0.949244975133199,1.2101728046599276,-0.049256856005665824,0.12836122757411095,-0.07002148453137973,-0.02742444450597223,-0.017991242676932067,-0.0018816323681210237,1
data/Split/Diseased/d1_msns/pre_processed_data/6-OHDA_D1-MSNs_cell_body_stim/Neuron_0043,AG7499,5,02-17-22,1.1,3,6-OHDA,43,5cell2,right,raw_data/D1-MSN_DIO-ChR2_rec_SNr/6-OHDA/D1-MSNs cell body stim/AG7499_mouse#5_recorded_02-17-22/Trajectory3_1.1mm_right_rec12_1mW_10s_STR_neurons_recorded_together/Ch5cell2.txt,6.323280252625246,0.9553737401499705,0.5099419558568746,47.140340637050926,0.04263051008218988,0.28225806451612906,0.08359874999999997,1.7331802631578948,4.740576605920261,9.944009886514603,23.3,0.7961020744329976,1.3,97.34303496921885,0.04486999999999597,0.18181005651020643,0.03185458333333268,0.684642500000001,19.653862216809635,4.413694476703203,0.18387050976124078,0.015382812435245313,0.05,0.2419161230225743,0.037143052556239606,0.016195766348643476,0.16650386090988006,0.17350696393343373,0.23414118846640175,0.15013506542829824,data/Split/Diseased,1.2279982219751715,0.6499116899862994,0.3592768145053467,0.9115436698112224,0.32545827210489564,0.251021239306742,0.7164495475730707,1.132801570492823,1.368008048922534,0.6354931888903036,-0.10103708096366609,0.3891137057826913,0.5388369758125812,0.2644321113109052,0.7479245639439062,0.4441296992396029,1.067524140645361,-0.7502694417825643,-0.1489460875461701,0.1215404441393129,1.594716404511908,1.3662603510193945,1.3454252116910335,-0.7571385688956042,0.2980724262966793,-0.16774689201754528,-0.3432650081760581,-0.018571805413866393,-0.0121790432407465,0.04798112095355822,1
data/Split/Diseased/d1_msns/pre_processed_data/6-OHDA_D1-MSNs_cell_body_stim/Neuron_0025,AG7499,4,02-15-22,1.1,3,6-OHDA,25,7,right,raw_data/D1-MSN_DIO-ChR2_rec_SNr/6-OHDA/D1-MSNs cell body stim/AG7499_mouse#4_recorded_02-15-22/Trajectory3_1.1mm_right_rec16_1mW_10s_STR_neurons_recorded_together/Ch7.txt,16.483794175466876,0.781666426111638,0.8034553764771591,74.30265932367958,0.041190694950024094,0.16666666666666666,0.05126693548387136,1.1526991666666666,14.32661851931695,5.186336135320095,30.9,0.6353138142833783,0.3,21.455561771233373,0.009970000000001278,0.040779610194902546,0.006392500000001178,0.9448900000000009,30.098612253809545,1.024962657925217,-0.9831789922177296,-1.0,-0.2,-0.2,-0.2,-0.2,-0.2,0.03803575125957538,-0.9831789922177296,-0.2,data/Split/Diseased,-1.2957106097294442,-1.5553995123211926,-0.34029799816950174,-0.32672406392288916,-0.34792430483754655,-0.3608828777593565,-0.34652695242508436,0.2658756086883439,-1.2937564422022836,-0.3598424280622727,0.32577812990837884,-0.3112306387455802,-0.7564520788617873,-0.7862534067002541,-0.8705350531680404,-0.9774620068332576,-1.052088004421345,0.5720569272559819,0.48873046786822555,-0.9890492596685341,-2.0294403488894233,-1.5853140355597168,-0.004332054164054626,-0.38552824607542235,0.010185933886971688,0.005623648694332619,0.0010683126420461403,-0.007209636482669779,-0.0012624871029531682,0.0004717146562113622,2
data/Split/Diseased/d1_msns/pre_processed_data/6-OHDA_D1-MSNs_cell_body_stim/Neuron_0064,AG8020,4,06-23-22,1.7,6,6-OHDA,64,16,left,raw_data/D1-MSN_DIO-ChR2_rec_SNr/6-OHDA/D1-MSNs cell body stim/AG8020_mouse#4_recorded_06-23-22/Trajectory6_1.7mm_left_rec17_1mW_10s_STR_cells_recorded_together/Ch16.txt,47.39165473856406,0.6050692386359905,1.202833876613301,198.3324228308975,0.03115089150037472,0.11505922165820642,0.02589791666666653,0.8159228813559324,43.28724407477395,4.581775233560725,43.5,0.6792034658729544,1.8,173.56631380226412,0.050404999999997105,0.1904302549032914,0.03352499999999902,0.6425512500000015,37.21882667335044,4.751810886304257,0.23665495650813603,-0.0012782117684581207,-0.29285714285714287,-0.28254330287255475,-0.4786354568698954,-0.4665613916404851,-0.5829395356998128,0.0571373533824537,0.26228387941007403,-0.39621772977916553,data/Split/Diseased,1.3421429726527498,0.6137255906468578,-0.6001400714487312,-0.5580139021026687,-1.139127167211463,-1.1153380447150574,-1.4571720800331582,0.3881132004654954,1.429544213875018,-0.917634304428264,1.0333928216172956,-0.12006077817570276,1.1864815031497655,1.3197669621138335,1.0046057668298038,0.5310215928730871,1.2065793549275678,-0.9641365097881865,0.9234363046551924,0.23235139740230099,-1.2712157696397115,2.968706214408515,-0.45947874580186443,-0.23074447786514699,0.597659025582133,0.025530192074480196,0.2476422377055339,0.014168675234634361,0.05888143812643388,-0.006610672878443055,1
data/Split/Diseased/d1_msns/pre_processed_data/6-OHDA_D1-MSNs_cell_body_stim/Neuron_0067,AG8020,4,06-23-22,1.7,5,6-OHDA,67,4,left,raw_data/D1-MSN_DIO-ChR2_rec_SNr/6-OHDA/D1-MSNs cell body stim/AG8020_mouse#4_recorded_06-23-22/Trajectory5_1.7mm_left_rec13_1mW_10s_STR_cells_recorded_together/Ch4.txt,32.06163611562038,0.7451198772336418,1.4582677197249951,151.1006859626409,0.046831153864459955,0.1945672773215414,0.032114236111111014,0.6226309859154929,27.09225230642718,5.577265568532846,33.1,0.751850556485721,1.5,116.91255214443588,0.039177499999996715,0.18052926313569895,0.016599374999997706,0.6329250000000044,27.43929243747015,4.222410744067313,-0.9590523031955257,-1.0,-0.6,-0.6,-0.6,-0.6,-0.6,0.29368065599291426,-0.9492375337086875,-0.6,data/Split/Diseased,-1.2435373830909187,-1.5553995123211926,-1.459617698449259,-1.4475410418278636,-1.4837494022778288,-1.493012571879868,-1.506652793783717,1.9018335405769309,-1.2195408245941197,-1.4969300439342157,0.44932990147660257,0.19636766634966313,0.7978947867474548,0.5353781241901034,0.4839394243906125,0.4312192583669831,-0.20240826965866462,-1.0130478123365432,0.3263727384614588,0.05885099117222625,-4.746746915745196,-0.02627978244374278,0.7523717390409849,-0.37493665147385796,0.08498996621684765,0.03811232106960889,0.09564540007077742,0.03410121361399373,-0.004981733745361041,6.780418628006646e-05,2
data/Split/Diseased/d1_msns/pre_processed_data/6-OHDA_D1-MSNs_cell_body_stim/Neuron_0083,AG7960,5,07-21-22,1.4,5,6-OHDA,83,7,left,raw_data/D1-MSN_DIO-ChR2_rec_SNr/6-OHDA/D1-MSNs cell body stim/AG7960_mouse#5_recorded_07-21-22/Trajectory5_1.4mm_left_rec13_1mW_10s_STR_cells_recorded_together/Ch7.txt,17.484839433096315,0.7119599815336997,0.5699365589367833,77.75671427358475,0.02931254964681739,0.11641443538998836,0.05143124999999992,1.728075925925926,15.915886948972702,4.885477920450019,11.6,0.6806795477929184,0.4,20.190573688750572,0.03903500000000548,0.15032894736842106,0.03903500000000548,1.0,10.150795075981218,2.4999895544368504,-0.9777777777777779,-0.9,-0.4,-0.4,-0.4,-0.4,-0.4,0.0,-0.9683083746039503,-0.4,data/Split/Diseased,-1.2840306488015465,-1.3382093870502731,-0.8999578483093805,-0.8871325528753764,-0.9158368535576878,-0.9269477248196124,-0.9265898731044008,0.022472013246651306,-1.2612406895239634,-0.9283862359982442,-0.758107866121946,-0.11363141807350853,-0.6269231733943506,-0.8037675576228159,0.4773311007394865,0.12679904601397957,1.6652638532240054,0.8520727053046208,-0.7291306873468754,-0.5056384228982765,-3.0653985538481026,-0.8918507350871215,-0.5730598779378233,0.01163315618982766,-0.009257757252199995,-0.025433100909973513,-0.029225023869392096,-0.005869656941794163,0.0008612906780742054,-0.0003448728404127715,2
data/Split/Diseased/d1_msns/pre_processed_data/6-OHDA_D1-MSNs_cell_body_stim/Neuron_0039,AG7499,4,02-15-22,1.7,5,6-OHDA,39,5,left,raw_data/D1-MSN_DIO-ChR2_rec_SNr/6-OHDA/D1-MSNs cell body stim/AG7499_mouse#4_recorded_02-15-22/Trajectory5_1.7mm_left_rec26_1mW_10s_STR_neurons_recorded_together/Ch5.txt,20.248330763797064,2.2252777999284863,1.6424501506755538,90.18334132972689,0.08312722508688695,0.32953105196451205,0.05061171875000043,0.5626884920634917,14.806718443531205,6.090704140398267,18.5,0.5825854039951215,0.6,73.22128997155333,0.02000749999999272,0.11044719169719168,0.02000749999999272,1.0,16.90660940278869,4.522494316677316,-0.9925925925925926,-0.9,-0.6,-0.6,-0.6,-0.6,-0.6,0.0,-0.9918195228489367,-0.6,data/Split/Diseased,-1.3160672324467273,-1.3382093870502731,-1.459617698449259,-1.4475410418278636,-1.4837494022778288,-1.493012571879868,-1.506652793783717,0.022472013246651306,-1.3126496290429865,-1.4969300439342157,-0.370604582567063,-0.5408994211988768,-0.3678653624594769,-0.06954090254980773,-0.40505400999469415,-0.27521041057590323,0.08130390924377194,0.8520727053046208,-0.3166723332764677,0.15719743575535805,-4.258611690928068,-0.3202066335676941,-0.9431762838623287,0.22295803854667745,-0.024403567844693358,-0.03180630670141919,-0.042404570831597176,0.02543940741355416,0.003809650965204024,-0.002236537604489038,2
data/Split/Diseased/d1_msns/pre_processed_data/6-OHDA_D1-MSNs_cell_body_stim/Neuron_0061,AG8020,4,06-23-22,1.4,4,6-OHDA,61,2,left,raw_data/D1-MSN_DIO-ChR2_rec_SNr/6-OHDA/D1-MSNs cell body stim/AG8020_mouse#4_recorded_06-23-22/Trajectory4_1.4mm_left_rec9_1mW_10s_STR_cells_recorded_together/Ch2.txt,62.51387273037075,0.496652488829304,0.8696527102575031,250.30994748368246,0.015044486275413453,0.054674862504044,0.017299418604650584,1.1042130952380957,59.998583195673994,4.171930971558846,63.0,0.46645899062518337,0.4,54.95231731295269,0.0061750000000074575,0.024724264705882355,0.0027450000000044383,0.9348287499999998,61.7442742457,0.9238204186073762,-0.15791364577090572,0.36955410453529336,0.875,0.7854070134979432,0.8879758187061855,0.9154374221576858,0.8205014880955603,-0.7383231739628523,-0.3220938009422998,0.8817935701657211,data/Split/Diseased,0.4889004455821998,1.419136762972027,2.6678736963323466,2.4344282132649386,2.7414512958990134,2.796166691135526,2.613248416286413,-4.70230689052849,0.15175733113915207,2.715392750851071,2.1285107968810957,-1.046710459755481,-0.6269231733943506,-0.3224804746878227,-1.0465251462033058,-1.1393004366308712,-1.3557271527939039,0.5209353749625283,2.420772561868712,-1.022196624409533,7.149906816231347,-2.648115572225027,-2.3715609540348086,1.070069824175633,-0.260037833892033,0.054291562952772376,-0.11441666329643928,0.05805647993844541,0.032847146604313184,0.0026842813506687355,0
data/Split/Diseased/d1_msns/pre_processed_data/6-OHDA_D1-MSNs_cell_body_stim/Neuron_0021,AG8106,7,06-30-22,1.7,6,6-OHDA,21,16,left,raw_data/D1-MSN_DIO-ChR2_rec_SNr/6-OHDA/D1-MSNs cell body stim/AG8106_mouse#7_recorded_06-30-22/Trajectory6_1.7mm_left_rec13_1mW_10s_STR_cells_recorded_together/Ch16.txt,8.15859583295679,0.9584181085107961,0.6866145007933931,51.91834558838342,0.057930574186424534,0.31435643564356436,0.0843713235294112,1.3939356060606065,5.937873126729644,8.74359294655022,9.6,0.5775536958933989,0.4,43.873938967359535,0.012897500000013907,0.07986510393631137,0.012897500000013907,1.0,8.562691971808096,3.5339188982179737,-0.9888888888888889,-0.9,-0.4,-0.4,-0.4,-0.4,-0.4,0.0,-0.9869823552097132,-0.4,data/Split/Diseased,-1.3080580865354323,-1.3382093870502731,-0.8999578483093805,-0.8871325528753764,-0.9158368535576878,-0.9269477248196124,-0.9265898731044008,0.022472013246651306,-1.3020727888131076,-0.9283862359982442,-0.8704276584566948,-0.5628159983735994,-0.6269231733943506,-0.47586404644538316,-0.7347745795543904,-0.5834788976376369,-0.5105739097896452,0.8520727053046208,-0.826088117014853,-0.1667885684172576,-3.0827075911631594,-0.928008561819876,-0.5676040950190265,0.033435064184965065,-0.005936567442056735,-0.026669511274786437,-0.02881487315259553,0.005022787666610998,0.0017343013063362664,-0.0009476970759617425,2
data/Split/Diseased/d1_msns/pre_processed_data/6-OHDA_D1-MSNs_cell_body_stim/Neuron_0084,AG7960,5,07-21-22,1.7,3,6-OHDA,84,15cell1,right,raw_data/D1-MSN_DIO-ChR2_rec_SNr/6-OHDA/D1-MSNs cell body stim/AG7960_mouse#5_recorded_07-21-22/Trajectory3_1.7mm_right_rec7_1mW_10s_STR_cells_recorded_together/Ch15cell1.txt,4.783374677869611,0.9175784332706483,0.351718726313942,33.19743145683046,0.04324065193176245,0.25588235294117645,0.1229410000000003,2.6275072916666664,3.7202599770608478,8.923417089538388,3.2,0.5275293117806524,0.2,12.947690296699918,0.011160000000000992,0.0875,0.011160000000000992,1.0,2.6426228666639484,2.937313368765515,-0.023076923076923078,-0.13576772478725488,-0.2,-0.2,-0.2,-0.2,-0.2,0.0,0.01674652713221375,-0.2,data/Split/Diseased,0.780480731871583,0.321627648845084,-0.34029799816950174,-0.32672406392288916,-0.34792430483754655,-0.3608828777593565,-0.34652695242508436,0.022472013246651306,0.8926578499516722,-0.3598424280622727,-1.2298509939278905,-0.7807068721803762,-0.8859809843292243,-0.9040475164615718,-0.8153497539026235,-0.506518885069838,-0.6552135315310335,0.8520727053046208,-1.1875222596616826,-0.362314208591305,-0.285401847098129,1.4994755777522117,-0.2582597908132095,-0.17421121839938788,-0.061028800971186556,0.014962982317010367,-0.013463590902567116,-0.04384003165232261,-0.0030437390017301487,0.003279847164806616,1
data/Split/Diseased/d1_msns/pre_processed_data/6-OHDA_D1-MSNs_cell_body_stim/Neuron_0071,AG8020,4,06-23-22,1.1,3,6-OHDA,71,7,right,raw_data/D1-MSN_DIO-ChR2_rec_SNr/6-OHDA/D1-MSNs cell body stim/AG8020_mouse#4_recorded_06-23-22/Trajectory3_1.1mm_right_rec5_1mW_10s_STR_cells_recorded_together/Ch7.txt,5.519640551230819,1.0502200468005873,0.6110303193244448,48.37528014824386,0.054681612468277685,0.36162361623616235,0.0894908333333339,1.46050948275862,3.727430060861608,12.97818587025661,24.2,0.709585072975827,1.2,149.421500397028,0.016394999999999983,0.13296639592291765,0.008556999999998803,0.7272262500000011,20.453109708225373,6.435763177395306,0.16077527522052396,-0.010946902527514377,0.12666666666666665,0.1142206850225379,0.1403301691835296,-0.007515944009496711,0.11470204908639184,-0.035483867884361434,0.17196723858670449,-0.07898605421062921,data/Split/Diseased,1.1780554840862805,0.5927261490752057,0.5738130903923002,0.5537356325325904,0.6184645640993293,0.18390941081965345,0.5662079962590061,-0.20460122015128943,1.2320599108001984,-0.015833780300042108,-0.05049317441302926,0.012272183772994012,0.4093080703451442,0.9854745590214515,-0.5725808113358414,-0.04821606438287805,-0.8719024152089339,-0.5338999645828015,-0.10015014839548299,0.7842333922612984,1.6169404600537516,1.1571013773512626,0.012711357171472856,-0.44147831694267775,-0.15417710308081714,-0.4799564933468948,0.19763178478633708,0.05368595126798259,0.04576501106721717,0.017329673928097034,1
data/Split/Diseased/d1_msns/pre_processed_data/6-OHDA_D1-MSNs_cell_body_stim/Neuron_0045,AG7499,5,02-17-22,1.4,1,6-OHDA,45,6,right,raw_data/D1-MSN_DIO-ChR2_rec_SNr/6-OHDA/D1-MSNs cell body stim/AG7499_mouse#5_recorded_02-17-22/Trajectory1_1.4mm_right_rec1_1mW_10s_STR_neurons_recorded_together/Ch6.txt,5.56421523604087,0.7596492896870966,0.15244425304221562,21.776037701965194,0.025076444441056958,0.0958904109589041,0.1644958333333344,6.397514999999999,5.160056213339659,4.220116371149268,5.5,0.3862206868918919,0.0,0.0,0.0,0.0,0.0,1.0,5.5,0.0,-0.2716122766122766,-0.2565610598620266,0.0,0.0,0.0,0.0,0.0,0.0,-0.2716122766122766,0.0,data/Split/Diseased,0.24303063601497804,0.0592764530772661,0.21936185197037703,0.23368442502959813,0.21998824388259466,0.20518196930089944,0.23353596825423217,0.022472013246651306,0.26213907872834724,0.20870137987369894,-1.1006832327429295,-1.3962039002707365,-1.145038795264098,-1.0833122898576288,-1.332885837770064,-1.3885218676263587,-1.5842369436876027,0.8520727053046208,-1.0130726652289797,-1.3249604605406522,0.4970963510800645,0.12705495324709376,0.17098394333312605,-0.1898252638042953,-0.004236169234674403,-0.0014860938674353449,0.0023808329303923025,-0.010861220718527255,-0.0005930813507804588,0.0012267501819515326,1
data/Split/Diseased/d1_msns/pre_processed_data/6-OHDA_D1-MSNs_cell_body_stim/Neuron_0008,AG7960,2,06-16-22,1.4,3,6-OHDA,8,7,left,raw_data/D1-MSN_DIO-ChR2_rec_SNr/6-OHDA/D1-MSNs cell body stim/AG7960_mouse#2_recorded_06-16-22/Trajectory3_1.4mm_left_rec4_1mW_10s_STR_cells_recorded_together/Ch7.txt,19.448442575018504,1.1147940553911948,1.2803049971015317,85.31838129400933,0.06996968420667544,0.26854754440961337,0.0546507936507934,0.647585483870968,15.295857390166178,5.577875049283681,15.0,0.5741925795232949,0.2,21.045320054844062,0.00806750000000136,0.030303030303030297,0.00806750000000136,1.0,14.396272748866755,0.9588246867438531,0.5209045413129052,0.27815116477774027,0.8933333333333333,0.8870308005845743,0.8400275046971858,0.8315110500158613,0.7535913966091148,-0.6535099673485683,0.44378161281523704,0.818672634677502,data/Split/Diseased,1.9568240006329085,1.2206186036112947,2.7191758492618354,2.71918237807918,2.6052990498205904,2.558627846081606,2.4191881008336735,-4.159558588017735,1.8264030104867675,2.5359576657363063,-0.5671642191528732,-0.5774559903662565,-0.8859809843292243,-0.79193333004109,-0.9587619706911296,-1.083066289251806,-0.9126512467723948,0.8520727053046208,-0.4699342902149066,-1.0107246691588165,7.658373071326142,-0.8170388934836658,-2.2536712076223893,-0.2852058215459132,-0.05814220665950384,-0.043050606276209887,-0.041571191568895535,0.010847083021550248,-0.010207613782270543,0.01174980408277635,0
data/Split/Diseased/d1_msns/pre_processed_data/6-OHDA_D1-MSNs_cell_body_stim/Neuron_0080,AG7960,5,07-21-22,1.4,2,6-OHDA,80,4,right,raw_data/D1-MSN_DIO-ChR2_rec_SNr/6-OHDA/D1-MSNs cell body stim/AG7960_mouse#5_recorded_07-21-22/Trajectory2_1.4mm_right_rec5_1mW_10s_STR_cells_recorded_together/Ch4.txt,16.36406871440499,1.4588051257394417,1.925184554635881,103.26136321939951,0.08450826014301006,0.43968095712861416,0.04389618644067789,0.46585363247863254,10.015491041971945,10.310164802370831,10.4,0.9671361406150952,0.7,55.35509371857855,0.04007750000000101,0.2524314574314574,0.04007750000000101,1.0,8.033396786842129,8.114078920510533,0.05172299922299922,0.16409696359908382,0.2666666666666667,0.19792749102471205,0.15658714356416445,0.1953269042170644,0.004814359208611818,-0.3145975064585158,-0.0694106472683134,0.22424549350409909,data/Split/Diseased,0.9422332746720634,0.9729041411946245,0.9655749854902155,0.7882856558661775,0.6646272628742511,0.7580204401128284,0.24749912457296583,-1.990743491987166,0.7042685411125726,0.8461683138202073,-0.8254997415227953,1.1340856388133986,-0.23833645699204006,-0.3169039108815196,0.5256762053478595,1.1559958277523248,1.7520476262678208,0.8520727053046208,-0.8584028329392056,1.3342681202128708,2.5885261353173825,0.2824299215285499,-1.375024967440979,0.4242953875132716,0.29176838823821893,0.20456381878905266,0.19265355686647664,0.09734897828033137,0.04708248885540536,0.026836182356350543,0
data/Split/Diseased/d1_msns/pre_processed_data/6-OHDA_D1-MSNs_cell_body_stim/Neuron_0055,AG7499,5,02-17-22,1.7,5,6-OHDA,55,9,left,raw_data/D1-MSN_DIO-ChR2_rec_SNr/6-OHDA/D1-MSNs cell body stim/AG7499_mouse#5_recorded_02-17-22/Trajectory5_1.7mm_left_rec22_1mW_10s_STR_neurons_recorded_together/Ch9.txt,38.0350056544063,0.746804986630638,1.2301101440622995,157.5103579842544,0.04291772285290391,0.1586890901250539,0.03488933333333306,0.7188472972972975,33.4341842684537,4.711057303493742,47.7,0.41309248313926494,0.4,57.38970507987959,0.014087499999993014,0.048715268471366036,0.014087499999993014,1.0,46.29339801850981,1.5948747003742665,-0.011915852148179853,0.27156892233847385,0.4,0.4029815291120135,0.4100117737159848,0.4206864523651045,0.4100117737159848,-0.16098119336266198,-0.03570629107536055,0.4095441518637138,data/Split/Diseased,0.8046162061821306,1.2063226230118163,1.3386815522501345,1.3628557740567293,1.3842424009641483,1.395861030892772,1.4226991031272378,-1.0077009152583947,0.7779657162142014,1.3729203379662172,1.269264385520268,-1.2791585978857767,-0.6269231733943506,-0.2887340878262341,-0.6795892802899292,-0.8974703009087989,-0.41151137749154404,0.8520727053046208,1.477460228324459,-0.8022718809120588,3.7678166677842695,-0.23562816998379255,0.09906393222429707,0.24599148324402348,-0.017886402693467106,-0.04378826835275161,-0.04381821025922881,-0.02359737022984186,-0.022411803202102933,-0.005308402418144338,0
data/Split/Diseased/d1_msns/pre_processed_data/6-OHDA_D1-MSNs_cell_body_stim/Neuron_0041,AG7499,5,02-17-22,1.1,3,6-OHDA,41,12cell1,right,raw_data/D1-MSN_DIO-ChR2_rec_SNr/6-OHDA/D1-MSNs cell body stim/AG7499_mouse#5_recorded_02-17-22/Trajectory3_1.1mm_right_rec12_1mW_10s_STR_neurons_recorded_together/Ch12cell1.txt,31.437921578576322,0.7499582505207404,0.943392618335218,93.09372847872542,0.06370322398053047,0.17680454176804541,0.06752567567567573,1.0145527777777779,27.64033255541002,3.368039378401193,30.3,0.598074298320133,0.3,16.321545309837262,0.020544999999992798,0.05714285714285714,0.016068749999996614,0.9678475000000049,29.158907097672376,0.7339086103647298,0.12913782037948573,0.10135841480935659,0.1,0.09807677329386429,0.0938648488441574,0.10315789473684212,0.0938648488441574,-0.12935451030175527,0.09335803628861956,0.10976764954734108,data/Split/Diseased,1.1096404562236295,0.8366422084850592,0.4991917770403164,0.5084997066443487,0.48652337159417575,0.4971522588372419,0.5057735601025547,-0.8053111079325408,1.0601748252879402,0.5207399671828316,0.29208219220795434,-0.4734345482446958,-0.7564520788617873,-0.8573354511787491,-0.3801278769231201,-0.8125199198343452,-0.24658058579455627,0.6887047629401198,0.43135925793520014,-1.0844364563422564,1.9591767509161067,0.9264760482953901,-0.4150606310711108,-0.016354550901048228,-0.05542854348733489,0.028877916946486233,-0.05587734428351442,0.029454826367274617,0.009980225447043333,-0.003866682975416631,1
data/Split/Diseased/d1_msns/pre_processed_data/6-OHDA_D1-MSNs_cell_body_stim/Neuron_0085,AG7960,5,07-21-22,1.7,3,6-OHDA,85,4,right,raw_data/D1-MSN_DIO-ChR2_rec_SNr/6-OHDA/D1-MSNs cell body stim/AG7960_mouse#5_recorded_07-21-22/Trajectory3_1.7mm_right_rec7_1mW_10s_STR_cells_recorded_together/Ch4.txt,23.973115862925148,1.1942002159791227,1.8754478396165932,117.45335611535056,0.08052704161353678,0.35459183673469385,0.04293749999999963,0.4911703296703301,16.8275146492494,6.9798397780975705,28.5,0.8753328402936458,1.6,94.02576545048193,0.07951500000000422,0.3004890474408112,0.049020833333337774,0.5786650000000023,21.04671186892257,4.575286677881961,-0.9933333333333334,-1.0,-0.8,-0.8,-0.8,-0.8,-0.8,0.37211251828390773,-0.9893956208181299,-0.8,data/Split/Diseased,-1.3176690616289868,-1.5553995123211926,-2.0192775485891383,-2.007949530780351,-2.0516619509979703,-2.059077418940124,-2.086715714463034,2.4037454693970437,-1.30734958024897,-2.0654738518701876,0.1909943791066805,0.7342186203549007,0.9274236922148918,0.21850348968473074,2.354558759785318,1.640417973154936,2.496542791983714,-1.2887447115729789,-0.06390934035517323,0.1744990860272071,-6.086642613541226,0.5794731563305711,0.8557414162125517,-0.23410184627525132,0.1109762350033181,0.0389371365382611,0.12022861598177492,0.06585102472418107,-0.00432127264969568,-0.0012714152653237334,2
data/Split/Diseased/d1_msns/pre_processed_data/6-OHDA_D1-MSNs_cell_body_stim/Neuron_0016,AG8106,7,06-30-22,1.4,1,6-OHDA,16,5,right,raw_data/D1-MSN_DIO-ChR2_rec_SNr/6-OHDA/D1-MSNs cell body stim/AG8106_mouse#7_recorded_06-30-22/Trajectory1_1.4mm_right_rec1_1mW_10s_STR_cells_recorded_together/Ch5.txt,21.154527056566767,0.8665807509245831,0.8311871185553968,82.74352908669803,0.046332162744808184,0.1633281972265023,0.05574215686274528,1.1318409999999999,18.55928825300446,4.458335252878199,22.0,0.6124909885679105,0.375,25.895247439017727,0.021793749999996948,0.08019138755980862,0.021793749999996948,1.0,21.02479912887328,1.6982152116345075,-0.9738056680161944,-1.0,-0.375,-0.375,-0.375,-0.375,-0.375,0.0,-0.9728737073996256,-0.375,data/Split/Diseased,-1.2754410830043719,-1.5553995123211926,-0.8300003670418956,-0.8170814917563155,-0.8448477849676701,-0.8561896189370803,-0.8540820080194862,0.022472013246651306,-1.271223141896409,-0.8573182600062477,-0.17404494598125278,-0.41063986738645686,-0.6593053997612098,-0.724784586629084,-0.3222180933450237,-0.5801899475909635,0.23000176497571215,0.8520727053046208,-0.06524716467311516,-0.7684040761020431,-2.9816306781720323,-1.0582933564539945,-0.5643392624156688,-0.19261181998613622,-0.026979464261623322,-0.0021684144095382796,-0.02929283943809686,0.005642645272131621,0.0012845213057874477,-0.0006642235019295294,2
data/Split/Diseased/d1_msns/pre_processed_data/6-OHDA_D1-MSNs_cell_body_stim/Neuron_0002,AG7960,2,06-16-22,1.7,4,6-OHDA,2,4,left,raw_data/D1-MSN_DIO-ChR2_rec_SNr/6-OHDA/D1-MSNs cell body stim/AG7960_mouse#2_recorded_06-16-22/Trajectory4_1.7mm_left_rec6_1mW_10s_STR_cells_recorded_together/Ch4.txt,29.661457430957412,0.8747506773257714,1.2719041669129623,150.18967968746796,0.035422938710117535,0.1621770203408466,0.02785032051282018,0.7141402597402601,25.76367575298314,5.829512881913898,23.1,0.6857705633840155,0.8,77.36211145954084,0.016627500000004146,0.07064892623716154,0.013387500000003171,0.9094691666666659,21.08084192070447,2.519843886902244,0.008469710479078888,0.0991200488491272,0.11904761904761907,0.1320644950673047,0.09588761947261115,0.15847627401400197,0.07481657412926992,-0.27469863680829565,-0.07693202463806374,0.19290362655475862,data/Split/Diseased,0.848699361484833,0.8317806986520154,0.5524927151488763,0.6037347456543053,0.49226715570958285,0.6537212083629756,0.4505275707774567,-1.7354171738438333,0.6878224692205418,0.7570721919042043,-0.11226906019714092,-0.09145651566575594,-0.10880755152460309,-0.012209949406234216,-0.561798809588411,-0.6763782829910202,-0.469783455314134,0.39208247243897726,-0.06182562042130236,-0.49913155885850274,2.1909119364967533,0.33944563132291267,-1.1836852136738927,0.3528339259053875,0.038947281099347524,0.179898638856957,-0.1454440922384273,0.061206979899748375,-0.022202834653975132,0.0032069882932459306,1
data/Split/Diseased/d1_msns/pre_processed_data/6-OHDA_D1-MSNs_cell_body_stim/Neuron_0069,AG8020,4,06-23-22,1.7,5,6-OHDA,69,7,left,raw_data/D1-MSN_DIO-ChR2_rec_SNr/6-OHDA/D1-MSNs cell body stim/AG8020_mouse#4_recorded_06-23-22/Trajectory5_1.7mm_left_rec13_1mW_10s_STR_cells_recorded_together/Ch7.txt,36.97291519891864,0.707946863006336,1.7125585203800198,169.84169212238558,0.045947792194785494,0.18527708850289495,0.026829910714285896,0.5579957207207206,31.573409579644938,5.379263576014952,45.5,0.5688007441262535,1.6,137.92582270265896,0.03783999999998713,0.1513589604356155,0.019751249999994752,0.6385333333333345,40.146550391448216,3.7343097273587014,-0.06549547964323495,0.2762375501158202,0.3352380952380952,0.2799919218954739,0.3068841581794493,0.3260366976245378,0.28086749840657665,-0.3050466582526467,-0.1154529036471652,0.3573517219062648,data/Split/Diseased,0.6887519014723287,1.2164624215298678,1.1574583626810309,1.018233674371325,1.0914050660502248,1.1279715361852238,1.048140075502293,-1.9296243944054892,0.6035935953874324,1.2245519235990197,1.1457126139520444,-0.6009411715817974,0.9274236922148918,0.8263133488216354,0.4219139304678883,0.13718161284069597,0.05997216646929072,-0.984551680565747,1.102180723540095,-0.10111444503340586,3.370565872190622,-0.24391560142326768,-0.9201535615039564,0.6260370734109603,-0.01684190844472131,0.0678080316455161,-0.06315548432753344,-0.017706780042226124,0.08264337578051069,0.011791100037945593,0
data/Split/Diseased/d1_msns/pre_processed_data/6-OHDA_D1-MSNs_cell_body_stim/Neuron_0042,AG7499,5,02-17-22,1.1,3,6-OHDA,42,5cell1,right,raw_data/D1-MSN_DIO-ChR2_rec_SNr/6-OHDA/D1-MSNs cell body stim/AG7499_mouse#5_recorded_02-17-22/Trajectory3_1.1mm_right_rec12_1mW_10s_STR_neurons_recorded_together/Ch5cell1.txt,38.2456466892656,0.689728305923554,1.0963752050922804,172.76185116653386,0.029518627542220132,0.11733333333333333,0.026923837209302436,0.8949148809523809,34.78496180944857,4.9665672227245885,17.0,0.8945154744574809,0.9,85.88044263423981,0.02502250000000572,0.17564245853719537,0.021153750000004835,0.8445274999999988,14.490207054474336,6.8996342485800835,-0.09460904092276642,-0.0587796127768581,-0.2333333333333333,-0.179867216535693,-0.21674701497205925,-0.20246337347199414,-0.18245957027232065,0.0701372542166421,-0.06589613238659647,-0.18655529487756312,data/Split/Diseased,0.6257947161953232,0.4888382257641803,-0.43357463985948147,-0.27031115012468954,-0.3954785046187292,-0.3678550233977397,-0.29565418793604437,0.4713039486074907,0.7119532990457127,-0.32162290882784,-0.45484442681812454,0.8177722911098148,0.020721353942833736,0.10572897813624703,-0.17248739166120733,0.38196010144068515,0.1767244366806563,0.06211166279567399,-0.46419937992764326,0.9362579439527057,-0.44079057734291943,1.451895665107431,0.22490966153838482,-0.011477326398190907,0.019994367050671723,-0.010884854740359235,-0.10274015611933128,-0.018411299659190816,-0.04817942736557413,0.0045238326092260405,1
data/Split/Diseased/d1_msns/pre_processed_data/6-OHDA_D1-MSNs_cell_body_stim/Neuron_0038,AG7499,4,02-15-22,1.7,5,6-OHDA,38,2,left,raw_data/D1-MSN_DIO-ChR2_rec_SNr/6-OHDA/D1-MSNs cell body stim/AG7499_mouse#4_recorded_02-15-22/Trajectory5_1.7mm_left_rec26_1mW_10s_STR_neurons_recorded_together/Ch2.txt,26.116626901665,0.7832049023392219,1.0775032709920727,101.35160251890483,0.04895713076271864,0.1738703339882122,0.045435714285714524,0.8518115853658533,22.68638034890089,4.467508741376414,28.9,0.6582932208117447,0.9,71.58098918112753,0.027437499999990678,0.10918406593406593,0.017519999999996115,0.7899500000000075,26.497654456931304,3.0960303583389894,-0.9500626784509842,-1.0,-0.6,-0.6,-0.6,-0.6,-0.6,0.17670160086115588,-0.9432929440802102,-0.6,data/Split/Diseased,-1.2240975946988766,-1.5553995123211926,-1.459617698449259,-1.4475410418278636,-1.4837494022778288,-1.493012571879868,-1.506652793783717,1.1532451292129264,-1.2065425207473066,-1.4969300439342157,0.21345833757363014,-0.21113939210990013,0.020721353942833736,-0.09225137389711824,-0.060493696093826266,-0.28794276132357055,-0.1257700815927966,-0.2151984647029178,0.26888352505278135,-0.3102978603329637,-4.550722835786178,-0.12396085442868059,0.05334150641012596,-0.2419011782931209,0.02818098237072106,0.02305350211677655,0.03954138507585873,0.031004757158990603,-0.0016843978216090649,-0.0006978723896253609,2
data/Split/Diseased/d1_msns/pre_processed_data/6-OHDA_D1-MSNs_cell_body_stim/Neuron_0047,AG7499,5,02-17-22,1.7,2,6-OHDA,47,1,right,raw_data/D1-MSN_DIO-ChR2_rec_SNr/6-OHDA/D1-MSNs cell body stim/AG7499_mouse#5_recorded_02-17-22/Trajectory2_1.7mm_right_rec7_1mW_10s_STR_neurons_recorded_together/Ch1.txt,3.403323229984045,1.0074268400878141,0.2558889646604545,16.69166083095869,0.06913416130472665,0.3308270676691729,0.2701725,2.7080472222222225,2.4465521139653457,6.822524129234681,6.6,0.9058808331506629,0.0,0.0,0.0,0.0,0.0,1.0,6.6,0.0,-0.00041144527986634036,-0.20629176864159096,0.2,0.2,0.2,0.2,0.2,0.0,-0.05361999193130744,0.2,data/Split/Diseased,0.829494133954563,0.16845638965173346,0.7790217021102558,0.7940929139820854,0.7879007926027359,0.7712468163611553,0.8135988889335486,0.022472013246651306,0.7387960272534922,0.7772451878096704,-1.0389073469588177,0.8672763076151149,-1.145038795264098,-1.0833122898576288,-1.332885837770064,-1.3885218676263587,-1.5842369436876027,0.8520727053046208,-0.9459150780707412,-1.3249604605406522,1.9856944929874019,0.13988785243757185,0.47737067232490166,-0.6301111837825949,-0.03243572542001088,0.05645117670384402,0.015447925027766929,0.05876679212804402,0.0034563185488631952,-0.0013636221151364124,1
data/Split/Diseased/d1_msns/pre_processed_data/6-OHDA_D1-MSNs_cell_body_stim/Neuron_0018,AG8106,7,06-30-22,1.4,4,6-OHDA,18,4,right,raw_data/D1-MSN_DIO-ChR2_rec_SNr/6-OHDA/D1-MSNs cell body stim/AG8106_mouse#7_recorded_06-30-22/Trajectory4_1.4mm_right_rec9_1mW_10s_STR_cells_recorded_together/Ch4.txt,18.876464310224225,0.977741272240892,1.6661680015483171,101.82095986479295,0.07285776767014311,0.33907427341227125,0.04372774390243883,0.5474395061728397,13.456339766004326,7.566764932766503,18.9,0.8608787978208893,0.9,66.52696433578933,0.033875000000006136,0.1553610216693381,0.02735250000000633,0.881389999999999,16.507035779450526,4.350816061991408,-0.09422572183861323,-0.054474391188048976,-0.4,-0.434445419958993,-0.365554580041007,-0.38275862068965516,-0.365554580041007,-0.008015461728917045,-0.06383624884245959,-0.4152394931519973,data/Split/Diseased,0.6266236319837263,0.4981887419261055,-0.8999578483093805,-0.9836500816281419,-0.8180269223544508,-0.8781490311075213,-0.8266873185772053,-0.02882162863856157,0.7164573933346569,-0.9717078333364979,-0.34814062410011337,0.6712612446612599,0.020721353942833736,-0.1622259097313988,0.23804022325244192,0.17752252649232067,0.6927444972636679,0.24941127481378658,-0.34106724276325484,0.10093328969182352,-1.444757521602467,1.9754246759194893,-0.5971592576041256,0.2862108267823036,-0.22081608839959666,-0.035309689731500254,0.005755254750082057,-0.016962499117803672,0.009582302359924248,0.0014176016255689325,1
data/Split/Diseased/d1_msns/pre_processed_data/6-OHDA_D1-MSNs_cell_body_stim/Neuron_0068,AG8020,4,06-23-22,1.7,5,6-OHDA,68,5,left,raw_data/D1-MSN_DIO-ChR2_rec_SNr/6-OHDA/D1-MSNs cell body stim/AG8020_mouse#4_recorded_06-23-22/Trajectory5_1.7mm_left_rec13_1mW_10s_STR_cells_recorded_together/Ch5.txt,56.49914047146583,0.7081446623353228,2.85936110099164,234.71334970188988,0.07205245933724692,0.2654939106901218,0.025198796791443653,0.32391250000000016,44.721237891774244,5.2483643290442465,46.1,0.7204784729183513,2.6,185.36614806773795,0.0643724999999975,0.2718932015852886,0.025484375000006186,0.4612990833333382,36.44180063702761,6.045177357361244,0.09731561849753845,0.11898522953873729,-0.16666666666666669,-0.15914461170827512,-0.260685849139915,-0.21070628939192976,-0.3133921153792737,-0.04547664801510877,0.1169644795194666,-0.1308896107891355,data/Split/Diseased,1.040825918539002,0.8749259094770739,-0.24702135647952198,-0.21224553183222575,-0.5202455811190221,-0.39118514809548427,-0.675399760569622,-0.26854838911038525,1.1117921346455402,-0.16338100881286266,1.179408551652469,0.05972049271876126,2.2227127468892602,1.4831393140344178,1.6523374201826746,1.3521708722029655,0.5372308895723623,-1.8850849124767748,0.8759970376019461,0.6562266294423983,0.032644450721324575,1.9719997765858601,-0.5279655650083735,0.18040880153548586,0.3300220307753546,0.1811888979734525,0.013463918768491333,-0.043313994626260545,0.031189586203132225,0.023924330263580765,1
data/Split/Diseased/d1_msns/pre_processed_data/6-OHDA_D1-MSNs_cell_body_stim/Neuron_0056,AG7499,5,02-17-22,1.1,6,6-OHDA,56,13,left,raw_data/D1-MSN_DIO-ChR2_rec_SNr/6-OHDA/D1-MSNs cell body stim/AG7499_mouse#5_recorded_02-17-22/Trajectory6_1.1mm_left_rec27_1mW_10s_STR_neurons_recorded_together/Ch13.txt,11.36186071345653,0.9619551310385195,1.0628021157353547,79.53964309541992,0.05765448429741454,0.3184855233853007,0.05424761904761857,0.7020298780487809,8.217020645264366,9.679864092986088,10.4,0.7973879003836695,0.6,37.142643831849796,0.03704249999999831,0.18726884226884227,0.030553749999998558,0.956835000000001,8.543606239239825,4.649206439552352,-0.07123736451102179,-0.03487862931993652,-0.13333333333333333,-0.09722569179637089,-0.124592146893111,-0.09714285714285716,-0.1095296737721158,-0.0604959642721943,-0.045697435522527516,-0.05963766689306891,data/Split/Diseased,0.6763352511700985,0.54074880167525,-0.15374471478954213,-0.038746090105224104,-0.13379897458030976,-0.06976381355693917,-0.08413454409229892,-0.36466205735639257,0.7561193080652605,0.03916824871468685,-0.8254997415227953,0.3947143692376148,-0.3678653624594769,-0.5690609077756771,0.3849305051203562,0.49915444575678997,0.9592351960234109,0.6327498771523904,-0.8272533458770643,0.19872482314932322,0.37464142240683684,1.0968287051934253,-0.3733650996396913,0.08214554222484426,0.0026142615410208285,0.08102265723082097,-0.14557906722855155,-0.04919269795970095,-0.026540556961211135,0.02714223215784802,1
data/Split/Diseased/d1_msns/pre_processed_data/6-OHDA_D1-MSNs_cell_body_stim/Neuron_0033,AG7499,4,02-15-22,1.4,4,6-OHDA,33,3,left,raw_data/D1-MSN_DIO-ChR2_rec_SNr/6-OHDA/D1-MSNs cell body stim/AG7499_mouse#4_recorded_02-15-22/Trajectory4_1.4mm_left_rec21_1mW_10s_STR_neurons_recorded_together/Ch3.txt,7.844814820908538,1.195287168826197,1.079320159923658,60.88865010078831,0.08232580332022552,0.5436241610738255,0.07627560975609736,0.8011625000000002,3.9013671279698614,15.6070034179205,13.6,1.0918445840604902,1.2,66.30607344227336,0.05719000000000278,0.3076238919971172,0.04097250000000324,0.7441712499999994,9.441583588803685,7.380016123173631,-0.9333333333333332,-0.9,-0.7,-0.7,-0.7,-0.7,-0.7,0.18892872549034442,-0.9333333333333332,-0.7,data/Split/Diseased,-1.1879208978660019,-1.3382093870502731,-1.7394476235191987,-1.7277452863041072,-1.7677056766378993,-1.776044995409996,-1.7966842541233754,1.2314906218902646,-1.1847650634668698,-1.7812019479022014,-0.6457880737871974,1.6772773681139967,0.4093080703451442,-0.1652842124142708,1.319254721045145,1.7123374494833825,1.8265526400565424,-0.44780184520276534,-0.7724297166775563,1.0936935842896547,-5.0777455211554345,0.3171456373629035,-0.028871186813858474,-0.0018428011089098298,0.041061893058440005,0.006364349809537359,0.04061541091288271,0.05096799684923001,4.123804536521568e-05,-0.0019221369540269192,2
data/Split/Diseased/d1_msns/pre_processed_data/6-OHDA_D1-MSNs_cell_body_stim/Neuron_0053,AG7499,5,02-17-22,1.7,5,6-OHDA,53,15,left,raw_data/D1-MSN_DIO-ChR2_rec_SNr/6-OHDA/D1-MSNs cell body stim/AG7499_mouse#5_recorded_02-17-22/Trajectory5_1.7mm_left_rec22_1mW_10s_STR_neurons_recorded_together/Ch15.txt,8.472677860443442,1.1326167321588685,0.7445686604632115,56.15995830347679,0.05677977905566878,0.3303030303030303,0.07625862068965528,1.2745901785714284,6.015696612904213,9.33557024518301,20.3,0.8645115203728947,1.1,142.3237641323212,0.02549500000000222,0.16412865366132154,0.016235833333340822,0.814752500000003,17.095009954658952,7.810649396145355,0.0823846907425932,0.0181933548376152,0.2333333333333333,0.19291813164387933,0.2692189251315454,0.21005590297052282,0.2324979368161438,-0.12001838278857264,0.047603298402031306,0.1390301258528526,data/Split/Diseased,1.0085382442143034,0.656015910550799,0.8722983438002356,0.7742492182600152,0.9844522735583587,0.7997082822464642,0.90785312966167,-0.7455660804529356,0.9601285609281403,0.6039249657246899,-0.2695167694657891,0.6870842698757244,0.27977916487770754,0.8872042070157395,-0.15057558165891946,0.2659005558281762,-0.23267159578936666,-0.08917612147936094,-0.30517003647384283,1.2348251062440643,2.5004485275659696,0.3997716770864957,-0.15672025456348715,-0.220606083161103,-0.22581475632345469,-0.15389305178772078,0.12437850062999711,0.04476335350867726,-0.0033175553872254646,0.007425198227608413,0
data/Split/Diseased/d1_msns/pre_processed_data/6-OHDA_D1-MSNs_cell_body_stim/Neuron_0007,AG7960,2,06-16-22,1.4,3,6-OHDA,7,10,left,raw_data/D1-MSN_DIO-ChR2_rec_SNr/6-OHDA/D1-MSNs cell body stim/AG7960_mouse#2_recorded_06-16-22/Trajectory3_1.4mm_left_rec4_1mW_10s_STR_cells_recorded_together/Ch10.txt,21.73681389098359,0.9231057863793365,1.6984437600768545,121.88854423095685,0.062387187201573435,0.29902329075882794,0.0367319711538464,0.5547946601941746,16.25084476524236,7.500443576425921,18.0,1.3024324142881092,1.7,101.9757220437217,0.07132499999999027,0.3815007215007215,0.04238958333332595,0.6398625000000017,11.68179083179638,9.240195674415032,0.1960064438383588,-0.11453879636540235,0.22000000000000003,0.25717836794940563,0.05197193051054616,0.01232673729255058,-0.057464880178181424,-0.3861309727777904,0.25063467680158275,0.019692943426275183,data/Split/Diseased,1.2542418080094164,0.36773478507817925,0.8349876871242438,0.954309127898564,0.3675658014733464,0.24007063260219744,0.06686973709101778,-2.4485102593028336,1.4040723336374175,0.2646828850989097,-0.3986845306507502,2.5945333654682408,1.0569525976823284,0.32857309550151925,1.9747540530755348,2.4570184090719374,1.9445189118875057,-0.9777981396780111,-0.6356597956104664,1.7033305716118285,2.266920711502992,0.8249844357880042,-2.1915294789396236,-0.34291051048669585,0.38164599046045083,-0.2878002191390294,0.14842971686094117,-0.0608522078702917,0.006562226419133831,-0.023523770820444947,1
data/Split/Diseased/d1_msns/pre_processed_data/6-OHDA_D1-MSNs_cell_body_stim/Neuron_0001,AG7960,2,06-16-22,1.7,4,6-OHDA,1,12,left,raw_data/D1-MSN_DIO-ChR2_rec_SNr/6-OHDA/D1-MSNs cell body stim/AG7960_mouse#2_recorded_06-16-22/Trajectory4_1.7mm_left_rec6_1mW_10s_STR_cells_recorded_together/Ch12.txt,18.235349600455173,1.054662180341583,1.6227229900293814,132.1154170345095,0.061766922211730295,0.3470522803114572,0.038063749999999646,0.5736075949367092,12.690588534150539,10.410503553793838,26.7,0.7367094258433802,1.3,188.09286541134227,0.025735000000003793,0.1530203398751786,0.019281249999999993,0.7800125000000022,22.996114986412103,7.746434959142086,0.10894612712505072,0.05250928992650111,0.19999999999999998,0.20163748263777187,0.15739067137883334,0.15293045762248492,0.050461186636474885,-0.23788687615843668,0.08650557247218464,0.12142881298570755,data/Split/Diseased,1.06597653750649,0.7305467329582376,0.7790217021102558,0.7986812098356837,0.6669089305202317,0.6380247498255337,0.37988928476072076,-1.4998463069621384,1.045191384486808,0.5538893785138945,0.08990656600540661,0.13041754533175,0.5388369758125812,1.5208915582969265,-0.13944577340363376,0.15392837422187008,0.02084662850256312,-0.2656912390516724,0.055106304889685716,1.213780096964644,2.362201523217169,0.6036945490396208,-1.0300451083157969,-0.023685357169516426,0.12163048628390291,-0.03587923250563363,0.14498444684342557,0.012223964402827706,-0.06725199413131151,0.020199710160113016,1
data/Split/Diseased/d1_msns/pre_processed_data/6-OHDA_D1-MSNs_cell_body_stim/Neuron_0072,AG7960,5,07-21-22,1.1,4,6-OHDA,72,2,right,raw_data/D1-MSN_DIO-ChR2_rec_SNr/6-OHDA/D1-MSNs cell body stim/AG7960_mouse#5_recorded_07-21-22/Trajectory4_1.1mm_right_rec12_1mW_10s_STR_cells_recorded_together/Ch2.txt,4.646082618760393,0.9676558566807439,0.40755110690880636,34.06623483180754,0.046539483551237555,0.28771929824561404,0.11419300000000057,2.343447916666666,3.470846386408645,9.814964720192231,4.6,0.5278456384041162,0.1,3.9525691699609906,0.007589999999999009,0.05,0.007589999999999009,1.0,4.324640190455575,1.2175230566536637,0.25897469919141747,0.18049347149921313,-0.1,-0.1,-0.1,-0.1,-0.1,0.0,0.28791572025596174,-0.1,data/Split/Diseased,1.390408733133051,1.0085157372429716,-0.06046807309956236,-0.04651981944664552,-0.06396803047747593,-0.07785045422922851,-0.0564954920854261,0.022472013246651306,1.4855902113770096,-0.07557052409428686,-1.1512271392935665,-0.7793290504316959,-1.0155098897966612,-1.0285877482329426,-0.9809056516990057,-0.8845201633083467,-0.9524011284307198,0.8520727053046208,-1.084831146003316,-0.9259414046875325,0.8204863324643401,2.1345389272298165,-0.04967223946667951,-0.08642630826113379,-0.05224221576472441,0.011930097381869469,-0.00347542787903541,-0.030190656203656564,-0.002052730526787271,0.002890721413026355,1
data/Split/Diseased/d1_msns/pre_processed_data/6-OHDA_D1-MSNs_cell_body_stim/Neuron_0082,AG7960,5,07-21-22,1.4,5,6-OHDA,82,4,left,raw_data/D1-MSN_DIO-ChR2_rec_SNr/6-OHDA/D1-MSNs cell body stim/AG7960_mouse#5_recorded_07-21-22/Trajectory5_1.4mm_left_rec13_1mW_10s_STR_cells_recorded_together/Ch4.txt,13.95765702618485,0.7536549514544427,0.5086609703420134,96.09838818698064,0.019955278527487515,0.11370262390670553,0.039230999999999974,1.9903666666666666,12.622520715310774,7.613248601795988,13.0,0.7904862699428791,0.4444444444444444,55.09886722236743,0.01136388888889428,0.11706349206349206,0.01136388888889428,1.0,11.769553214551728,6.382321348365526,0.07878831321666356,0.03112462082256852,0.48148148148148145,0.43803373640963367,0.4932528307405911,0.41655083486318734,0.4576291185428388,-0.11308474022541663,0.02811947311765321,0.363349211734953,data/Split/Diseased,1.0007611878778395,0.6841013433426348,1.5666911208256407,1.4610735466872729,1.620610605229162,1.3841558924491595,1.5608043837035332,-0.7011953641270721,0.9175256737698155,1.2416011021253177,-0.6794840114876219,0.3646529838931005,-0.5693547709643787,-0.3204514459035041,-0.8058945695744957,-0.20851787735799765,-0.6382406326725714,0.8520727053046208,-0.6303016957294602,0.766718891779364,3.8235960199499712,-0.3154831957986357,0.31762676819913144,-0.4106179122748404,-0.13298010778524422,-0.2046419060989818,0.15825713467311545,0.05387939194709798,0.04080591488702672,0.009611247966152476,0
data/Split/Diseased/d1_msns/pre_processed_data/6-OHDA_D1-MSNs_cell_body_stim/Neuron_0019,AG8106,7,06-30-22,1.4,4,6-OHDA,19,7,right,raw_data/D1-MSN_DIO-ChR2_rec_SNr/6-OHDA/D1-MSNs cell body stim/AG8106_mouse#7_recorded_06-30-22/Trajectory4_1.4mm_right_rec9_1mW_10s_STR_cells_recorded_together/Ch7.txt,13.067903815756784,1.0151579818180465,1.2397233790997881,87.66764859121464,0.06618192127654866,0.37325038880248834,0.05338442622950772,0.7124783333333338,8.770770048582008,9.99543348025503,37.2,0.7809942515294482,0.6,81.11278645548855,0.011562499999990905,0.06532894736842106,0.00881124999999372,0.8632675000000063,35.359177172580964,2.5512973888508146,-0.322070848994907,-0.01238376026860678,0.06666666666666668,0.012385291172290591,0.14470209339771217,0.10536796536796533,0.1749059892921508,0.08233302935227062,-0.37661644304211495,0.058842324908137365,data/Split/Diseased,0.1339155174691791,0.5896054359473624,0.40591513535033663,0.26838853658509787,0.6308789172157678,0.5034074753062375,0.7408183632197833,0.549348825306569,0.03253936777471143,0.3759735772290894,0.6795854757628375,0.3233086630588643,-0.3678653624594769,0.039719304987670546,-0.7966841379750781,-0.7300038513266405,-0.8507371640856306,0.15733023802038248,0.8099003288081917,-0.48882329686526554,0.9790465053002979,-0.06439009795286213,1.0007336860883882,0.2130792070126606,-0.26242222604013077,-0.08862406871088642,0.04081915855349019,0.06306823934915351,0.03965564717245858,0.002551464995432859,1
data/Split/Diseased/d1_msns/pre_processed_data/6-OHDA_D1-MSNs_cell_body_stim/Neuron_0037,AG7499,4,02-15-22,1.7,5,6-OHDA,37,1,left,raw_data/D1-MSN_DIO-ChR2_rec_SNr/6-OHDA/D1-MSNs cell body stim/AG7499_mouse#4_recorded_02-15-22/Trajectory5_1.7mm_left_rec26_1mW_10s_STR_neurons_recorded_together/Ch1.txt,4.771800200107751,1.3099848184409666,0.7183355139947151,37.31507276396801,0.08690576977346726,0.6021505376344086,0.12098214285714215,1.2538870370370376,2.0791481112063264,17.94728935511849,6.6,0.9533973469061504,0.5,21.244817305342092,0.04638749999999163,0.24269841269841272,0.04638749999999163,1.0,4.907228948335338,4.976754112010524,-0.9054545454545455,-1.0,-0.5,-0.5,-0.5,-0.5,-0.5,0.0,-0.8760909242095579,-0.5,data/Split/Diseased,-1.127633872279161,-1.5553995123211926,-1.1797877733793198,-1.16733679735162,-1.1997931279177583,-1.2099801483497403,-1.216621333444059,0.022472013246651306,-1.0596001196749456,-1.21265813996623,-1.0389073469588177,1.0742436673551181,-0.4973942679269137,-0.7891712289571011,0.8182974140573942,1.0578864050791654,2.2773287849325805,0.8520727053046208,-1.049262732108116,0.3060720822397315,-3.617341484765613,-0.472045042920248,-0.8303376504231763,-0.19818196379670294,-0.05778317552963421,0.005164964282552794,-0.03972669785578283,-0.02258159030276455,-0.0008063149788378284,0.000896722209283513,2
data/Split/Diseased/d1_msns/pre_processed_data/6-OHDA_D1-MSNs_cell_body_stim/Neuron_0060,AG8020,4,06-23-22,1.4,4,6-OHDA,60,13,left,raw_data/D1-MSN_DIO-ChR2_rec_SNr/6-OHDA/D1-MSNs cell body stim/AG8020_mouse#4_recorded_06-23-22/Trajectory4_1.4mm_left_rec9_1mW_10s_STR_cells_recorded_together/Ch13.txt,26.95645359844894,0.776544142217942,1.476234893238389,112.51485478838804,0.062682854694503,0.2348087021755439,0.04246130136986316,0.6332510416666666,22.006258838910956,5.112857010908273,24.0,0.6296970464525737,0.9,59.98639191217019,0.033750000000010515,0.12675230395738563,0.021853750000008887,0.8861999999999981,21.489348417574636,2.8441486544876247,-0.9476442171071326,-1.0,-0.6,-0.6,-0.6,-0.6,-0.6,0.07110660541121341,-0.9472089728721986,-0.6,data/Split/Diseased,-1.218867746057268,-1.5553995123211926,-1.459617698449259,-1.4475410418278636,-1.4837494022778288,-1.493012571879868,-1.506652793783717,0.4775071537024593,-1.2151052198219896,-1.4969300439342157,-0.06172515364650409,-0.33569555665172507,0.020721353942833736,-0.25278215617632865,0.23224344811972164,-0.11085432321121809,0.2349965145044291,0.27385104785704045,-0.036885337995607,-0.3928470975800054,-4.3824821752522745,-0.23031024332613836,-0.5749169076488567,-0.11086017924420122,-0.02142545146135036,0.008785089299307838,-0.010902752390658152,0.033358947787804995,0.0017063439130773884,-0.0016755258116590696,2
