data_dir,AG,Mouse#,Recording,distance,trajectory,mouse,cell_num,channel,pos,src,pre_firing_rate,pre_cv,pre_bursts,pre_burst_fr,pre_percent_time_bursting,pre_percent_spike_bursting,pre_mean_burst_duration,pre_mean_interburst_interval,pre_nonbursting_fr,pre_bursting_firing_rate_increase,baseline_firing_rate,baseline_cv,baseline_bursts,baseline_burst_fr,baseline_percent_time_bursting,baseline_percent_spike_bursting,baseline_mean_burst_duration,baseline_mean_interburst_interval,baseline_nonbursting_fr,baseline_bursting_firing_rate_increase,diff_firing_rate,diff_cv,diff_bursts,diff_burst_fr,diff_percent_time_bursting,diff_percent_spike_bursting,diff_mean_burst_duration,diff_mean_interburst_interval,diff_nonbursting_fr,diff_bursting_firing_rate_increase,bucket_path,z_score_diff_firing_rate,z_score_diff_cv,z_score_diff_bursts,z_score_diff_burst_fr,z_score_diff_percent_time_bursting,z_score_diff_percent_spike_bursting,z_score_diff_mean_burst_duration,z_score_diff_mean_interburst_interval,z_score_diff_nonbursting_fr,z_score_diff_bursting_firing_rate_increase,filtering_z_score_baseline_firing_rate,filtering_z_score_baseline_cv,filtering_z_score_baseline_bursts,filtering_z_score_baseline_burst_fr,filtering_z_score_baseline_percent_time_bursting,filtering_z_score_baseline_percent_spike_bursting,filtering_z_score_baseline_mean_burst_duration,filtering_z_score_baseline_mean_interburst_interval,filtering_z_score_baseline_nonbursting_fr,filtering_z_score_baseline_bursting_firing_rate_increase,PC_0,PC_1,PC_2,PC_3,PC_4,PC_5,PC_6,PC_7,PC_8,PC_9,cluster
data/Split/Healthy/gpe_pv/pre_processed_data/Naive_mice_PV-DIO-ChR2_in_GPe/Neuron_0079,AG6926,5,051921,1.4,1,Naive mice,79,5,right,raw_data/Spike times files GPe to SNr project/Naive mice/PV-DIO-ChR2 in GPe/AG6926_mouse#5_Naive_recorded_051921/Trajectory1_1.4mm_right_in_SNr_1mW_10s_GPe_stim_neurons_recorded_together/Neuron_recorded_in_Ch5.txt,34.141001671711734,0.3410016631551139,0.03325962169674791,119.75045197238033,0.0009923839623766926,0.0034096444227959084,0.029837499999999295,0.3139250000000011,34.05839199777605,3.516033639527075,34.2,0.3216925394691472,0.0,0.0,0.0,0.0,0.0,1.0,34.2,0.0,-0.9164516386999539,-0.7342198096969135,0.0,0.0,0.0,0.0,0.0,0.0,-0.9164516386999539,0.0,data/Split/Healthy,-1.1514147498678622,-0.9781511840566313,0.21936185197037703,0.23368442502959813,0.21998824388259466,0.20518196930089944,0.23353596825423217,0.022472013246651306,-1.1478519357309211,0.20870137987369894,0.5296144964403275,-1.796835031147691,-1.1870631251855843,-1.0295071035516852,-1.3420281493875708,-1.3063908009010003,-1.377912603239673,0.7360436647324773,0.6382896771928671,-1.1769385204001805,-0.5539633536206701,-1.8461776836483204,0.2242153872115985,-0.13374355859441145,0.049580987557590814,-0.03657428475094097,0.0010317207354249552,-0.028925050652398435,-0.0014906215036383542,0.001101111879420077,2
data/Split/Healthy/gpe_pv/pre_processed_data/Naive_mice_PV-DIO-ChR2_in_GPe/Neuron_0090,AG7094,1,081321,1.0,2,Naive mice,90,13,right,raw_data/Spike times files GPe to SNr project/Naive mice/PV-DIO-ChR2 in GPe/AG7094_mouse#1_Naive_recorded_081321/Trajectory2_1.0mm_right_1mW_GPe_stim_neurons_recorded_together/Neuron_recorded_in_Ch13.txt,29.09724462694766,0.7414167933320087,1.0524879803848624,146.3216143127277,0.031875812895163426,0.1407902058987201,0.03028615384615359,0.9173332031250003,25.823791924462054,5.6661552548416365,24.7,0.738430941258292,0.9,75.1029224639429,0.028717499999996933,0.1552890862261177,0.020282083333330307,0.8731549999999999,22.055991150058833,4.591282521039647,-0.23641326982431538,0.018531871087055604,0.21666666666666665,0.10745614184020287,0.2910367933566401,0.2977691474465668,0.2938355105550873,-0.27353815431073547,-0.28506390697378625,0.23173438057912693,data/Split/Healthy,0.3191474109652913,0.656751134417021,0.8256600229552455,0.5347810954162593,1.0464054793151274,1.0479652038439176,1.0857513905136424,-1.7279908551042449,0.23272605115175643,0.8674571156944013,-0.08690976879879167,0.8109848911113043,0.8904767886716871,0.4419241772825791,0.938064722201441,1.1990152886706094,0.7235137321031447,-0.40316812652519807,-0.16167220523956813,0.9016934080138214,2.5264126592683898,-0.6302715441368655,-0.8620086448842129,0.4739413405440035,-0.4837517336421488,0.07069104609362804,-0.050713038098498885,-0.01696734080593098,0.04104031121918195,-0.019483003894031705,0
data/Split/Healthy/gpe_pv/pre_processed_data/Naive_mice_PV-DIO-ChR2_in_GPe/Neuron_0059,AG7094,3,081921,1.7,2,Naive mice,59,16,right,raw_data/Spike times files GPe to SNr project/Naive mice/PV-DIO-ChR2 in GPe/AG7094_mouse#3_Naive_recorded_081921/Trajectory2_1.7mm_right_rec3_1mW_10s_GPe_neurons_recorded_together/Ch16.txt,17.830349316905743,0.6541055188145174,0.6004363605985829,85.99446403991297,0.027263074012265805,0.1259150805270864,0.04540543478260859,1.6015636363636363,16.022049775704723,5.367257326232501,17.4,0.6708647347654657,1.0,77.26998511636438,0.038734999999996945,0.18151389786683902,0.0318487499999975,0.8104150000000004,14.730029042174596,5.020680827087173,0.11295298459385147,-0.06704498691257987,-0.6,-0.5403876294041676,-0.6596123705958324,-0.6305263157894737,-0.6596123705958324,0.18043025646814637,0.1834579803193084,-0.5711239619826726,data/Split/Healthy,1.0746412441571047,0.47088664932469604,-1.459617698449259,-1.280504649185433,-1.653022468879473,-1.5794119432732756,-1.679547422765899,1.1771060534973345,1.2571853041074401,-1.4148435808718396,-0.5606599936667463,0.3881764851496938,1.1213145568780505,0.48438169650670154,1.7334274919810315,1.6221216664546847,1.9219358836146996,-0.9666443990113496,-0.6442550583046132,1.0960968290333504,-2.7582910555661497,3.3787949167497775,-0.013408787872140511,-0.13970601594720053,0.2611464508511133,0.07070352276061173,-0.017628418374949974,-0.03231120093916588,-0.019664440904895365,0.006850023067388536,2
data/Split/Healthy/gpe_pv/pre_processed_data/Naive_mice_PV-DIO-ChR2_in_GPe/Neuron_0014,AG7094,2,081821,1.4,4,Naive mice,14,8,left,raw_data/Spike times files GPe to SNr project/Naive mice/PV-DIO-ChR2 in GPe/AG7094_mouse#2_Naive_recorded_081821/Trajectory4_1.4mm_left_rec11_1mW_10s_GPe_cells_rec_together/Ch8.txt,18.863978089371056,0.9938759368372134,1.3680988293546652,100.48061439493988,0.055937483145416675,0.26359832635983266,0.04088701923076894,0.6541000000000002,14.71456051746204,6.82865208754945,21.7,0.7971933559399055,1.0,91.96334655886177,0.03816499999999721,0.18605935380073307,0.03320624999999992,0.9673225000000002,18.805560431772,5.76411064197603,-1.0,-1.0,-0.9,-0.9,-0.9,-0.9,-0.9,0.019529650824007375,-1.0,-0.9,data/Split/Healthy,-1.3320855242693184,-1.5553995123211926,-2.299107473659077,-2.288153775256595,-2.335618225358041,-2.342109842470252,-2.3767471748026923,0.1474488329719488,-1.3305368734563014,-2.3497457558381734,-0.2816016420321977,1.1787018930215125,1.1213145568780505,0.7722569340845026,1.6881710129419343,1.695457232098204,2.0625864372757747,0.44256269734060194,-0.3757877175260685,1.432673143534025,-6.117714317805168,0.5193636910612051,-1.4282848844220868,0.30299991051439473,-0.06264681267453633,-0.016462075157027703,-0.05545985679128607,0.056933582332381015,0.006019586087829099,-0.0038243114106136537,2
data/Split/Healthy/gpe_pv/pre_processed_data/Naive_mice_PV-DIO-ChR2_in_GPe/Neuron_0074,AG6926,5,051921,1.7,2,Naive mice,74,9,right,raw_data/Spike times files GPe to SNr project/Naive mice/PV-DIO-ChR2 in GPe/AG6926_mouse#5_Naive_recorded_051921/Trajectory2_1.7mm_right_in_SNr_1mW_10s_GPe_stim_neurons_recorded_together/Neuron_recorded_in_Ch9.txt,30.98729138288693,0.5692614229864958,0.29955491132758577,130.55686511401652,0.007874965780011841,0.031149301825993556,0.026288888888888806,2.126046875,30.260358175957943,4.314452074719486,31.7,0.5529694433301107,0.2,48.14629814632282,0.004057499999998981,0.022857142857142857,0.004057499999998981,1.0,31.106894856322434,1.6080302799060704,0.15010687748556759,-0.015560732650688238,-0.1,-0.10303030303036269,-0.09696969696963732,-0.11666666666666667,-0.09696969696963732,0.0,0.15710326561372762,-0.12089085837480354,data/Split/Healthy,1.1549854004795508,0.582705365650897,-0.06046807309956236,-0.055010857158213994,-0.05536329489063773,-0.12502252481758316,-0.047706659953748294,0.022472013246651306,1.1995586871416262,-0.13495736495159627,0.3673712687458223,-0.3495757556462195,-0.7253875887728573,-0.08621532708473727,-1.0198734762276132,-0.937617783452061,-0.9575150920215151,0.7360436647324773,0.4345376671381525,-0.44892775949575503,0.5247946273912794,1.6905178748196161,-0.0914961559995363,-0.2700947567404917,-0.08325515388009563,-0.026161873016974438,0.010214091297455583,0.009648273545279796,0.01393953235532083,0.006540403932510363,1
data/Split/Healthy/gpe_pv/pre_processed_data/Naive_mice_PV-DIO-ChR2_in_GPe/Neuron_0088,AG7094,1,081321,1.4,1,Naive mice,88,4,right,raw_data/Spike times files GPe to SNr project/Naive mice/PV-DIO-ChR2 in GPe/AG7094_mouse#1_Naive_recorded_081321/Trajectory1_1.4mm_right_1mW_GPe_stim_neurons_recorded_together/Neuron_recorded_in_Ch4.txt,22.66057503136062,1.0643303363380687,1.2332285731352717,116.66266848330399,0.04762381903912201,0.21768707482993196,0.0386171874999998,0.7637968085106387,18.61413703242097,6.267422888319134,18.9,0.9597665745289288,1.6,122.36781931923656,0.027767500000002342,0.17826746729972537,0.00974270833333565,0.6418152500000016,13.684008094708284,5.9876744944156455,0.43876062969008095,-0.2611139954025373,-0.06476190476190477,-0.008559031808422848,0.026886114993966058,-0.04323796746604058,0.19855966951460452,0.3288646222088568,0.49939180453202336,-0.042653641392400965,data/Split/Healthy,1.7791903056767366,0.04938792667332666,0.03813866240127341,0.2097016546163255,0.29633305433962503,0.08280450209659652,0.8094214773930388,2.126987602091715,1.9479989849929962,0.08744906137584385,-0.4633140570500433,2.196034772453947,2.506341166116232,1.3679473656834544,0.8626372571366735,1.5697443416221173,-0.3684707459729464,-2.480861145458547,-0.7131595606430616,1.5338882091699757,0.8999626996004784,2.194183560369619,1.9430728934545347,-1.6819207719812295,-0.41675076588913423,-0.14118141642217974,-0.19140713585854338,-0.005581688418907549,0.04270857048692736,-0.020030078626150624,1
data/Split/Healthy/gpe_pv/pre_processed_data/Naive_mice_PV-DIO-ChR2_in_GPe/Neuron_0032,AG6927,4,052021,1.4,4,Naive mice,32,7,left,raw_data/Spike times files GPe to SNr project/Naive mice/PV-DIO-ChR2 in GPe/AG6927_mouse#4_Naive_recorded_052021/Trajectory4_1.4mm_left_in_SNr_1mW_10s_GPe_stim_neurons_recorded_together/Neuron_recorded_in_Ch7.txt,11.811417703780322,0.9571606176615539,1.0176503953822027,69.23951067501143,0.06258967001434668,0.3050847457627119,0.06150409836065523,0.9264616666666672,8.755967449868967,7.907693932330413,9.1,0.6200773307616223,0.2,8.272461752373838,0.021745000000001367,0.0865546218487395,0.021745000000001367,1.0,8.396205165640016,1.5421210418857039,-0.06677415177415176,0.08679377211634105,0.2,0.2,0.2,0.2,0.2,-0.07734820102418616,-0.12890541033710876,0.2,data/Split/Healthy,0.6859868121216394,0.8050092427748369,0.7790217021102558,0.7940929139820854,0.7879007926027359,0.7712468163611553,0.8135988889335486,-0.4725052017884829,0.5741786516511124,0.7772451878096704,-1.099307509612503,0.07036463149659224,-0.7253875887728573,-0.8674314000690162,0.38446682728907144,0.09006584605637989,0.8750865049406633,0.7360436647324773,-1.061482823359532,-0.4787671444385813,2.2096293958915347,0.15089374807840095,0.15586383092501316,0.10111183951763336,0.0062768637114988075,-0.028106343090633437,-0.014529799364506268,0.06157346960796796,0.007382289315436029,-0.0030628244104997683,1
data/Split/Healthy/gpe_pv/pre_processed_data/Naive_mice_PV-DIO-ChR2_in_GPe/Neuron_0111,AG7518,5,022422,1.4,1,Naive mice,111,12cell1,right,raw_data/Spike times files GPe to SNr project/Naive mice/PV-DIO-ChR2 in GPe/AG7518_mouse#5_Naive_recorded_022422/Trajectory1_1.4mm_right_rec1_1mW_10s_GPe_cont_neurons_recorded_together/Ch12cell1.txt,1.2178928341298312,1.3805431154493668,0.09941982319427194,16.231885291912615,0.038498462410296905,0.40816326530612246,0.3872312499999999,0.4692166666666668,0.7496542542878931,21.65249539913771,5.0,0.32023913497801043,0.0,0.0,0.0,0.0,0.0,1.0,5.0,0.0,0.49536414565826326,0.4049230706441298,0.4,0.4,0.4,0.4,0.4,-0.1175510476621651,0.46123438545610745,0.4,data/Split/Healthy,1.9015936766667438,1.4959546647708377,1.3386815522501345,1.3545014029345728,1.355813341322877,1.3373116634214113,1.3936618096128652,-0.7297767711573557,1.864564844344673,1.3457889957456421,-1.365386403031491,-1.8059299865701217,-1.1870631251855843,-1.0295071035516852,-1.3420281493875708,-1.3063908009010003,-1.377912603239673,0.7360436647324773,-1.2852009308644774,-1.1769385204001805,4.315939065131988,1.1614720752608325,0.2043960215613887,-0.282429696813695,-0.06257802901194479,0.01739686471051489,-0.021933673893188822,0.01491869765171257,0.003741983119353808,0.0004048958102340832,0
data/Split/Healthy/gpe_pv/pre_processed_data/Naive_mice_PV-DIO-ChR2_in_GPe/Neuron_0097,AG7518,5,022422,1.7,5,Naive mice,97,15,left,raw_data/Spike times files GPe to SNr project/Naive mice/PV-DIO-ChR2 in GPe/AG7518_mouse#5_Naive_recorded_022422/Trajectory5_1.7mm_left_rec21_1mW_10s_GPe_cont_neurons_recorded_together/Ch15.txt,11.923976899129842,0.8749433285266226,0.7829697553464192,60.23473900635613,0.05332064813583909,0.24350205198358413,0.0681005208333338,1.1700888297872336,9.528531533537892,6.321513319691067,6.3,0.8425769341539547,0.4,31.419856550936164,0.020914999999999396,0.1506060606060606,0.020914999999999396,1.0,5.136744585585637,6.631446490794653,0.20915167711900925,-0.028581209533821428,0.23333333333333334,0.2023697307127358,0.21958702834039193,0.2554720133667502,0.19354725607795076,-0.1527251897633933,0.14331919486126127,0.27252318491363703,data/Split/Healthy,1.2826679726827575,0.554426175597549,0.8722983438002356,0.8007330000218282,0.843519388535964,0.9282506001740248,0.7948839015044508,-0.954867964850043,1.1694187530024849,0.9834082263818896,-1.2810199246303484,1.4626982775684763,-0.2637120523601303,-0.413923072310171,0.3185670420214271,1.1234601985400217,0.7890902179876165,0.7360436647324773,-1.2761931594234954,1.8253459925148385,2.751201538972019,0.5416080323544948,-0.3876147012233151,-0.4186902405836618,-0.0774329757785625,0.22820936103303785,-0.026570661556970125,0.03883359112760214,0.020103911718922167,0.006756827734568422,0
data/Split/Healthy/gpe_pv/pre_processed_data/Naive_mice_PV-DIO-ChR2_in_GPe/Neuron_0015,AG7094,2,081821,1.4,1,Naive mice,15,5,right,raw_data/Spike times files GPe to SNr project/Naive mice/PV-DIO-ChR2 in GPe/AG7094_mouse#2_Naive_recorded_081821/Trajectory1_1.4mm_right_rec1_1mW_10s_GPe_cells_rec_together/Ch5.txt,38.523165518089904,0.6019421781920621,0.6222537748883832,145.515247405199,0.023980104849761184,0.08223201174743025,0.03853750000000018,1.5455848837209298,36.223983029788435,4.017096830172871,24.1,0.6264629735198658,0.2,25.777969204253573,0.004987500000002853,0.025568181818181816,0.004987500000002853,1.0,23.619388333150294,1.1006429330589451,-0.7091932313654128,-0.4121502301984255,0.1,0.1,0.1,0.1,0.1,0.0,-0.7515259621380079,0.1,data/Split/Healthy,-0.7032247869329056,-0.2786478608843425,0.4991917770403164,0.5138886695058418,0.5039445182426653,0.4882143928310274,0.5235674285938904,0.022472013246651306,-0.7872292199384243,0.49297328384168476,-0.12584814344547274,0.11032400728217656,-0.7253875887728573,-0.5244600428100531,-0.9460339577950603,-0.8938783701608871,-0.861157806640218,0.7360436647324773,-0.05868659570738553,-0.6786395087502717,0.4501732913338235,-1.4251784005501666,0.46824154919114347,0.09636017008374564,0.0799796946735402,-0.05188131025644344,0.013212685236389582,0.028952867555633987,0.003173352730881568,-0.0018505730271591728,1
data/Split/Healthy/gpe_pv/pre_processed_data/Naive_mice_PV-DIO-ChR2_in_GPe/Neuron_0117,AG7518,5,022422,1.4,1,Naive mice,117,8,right,raw_data/Spike times files GPe to SNr project/Naive mice/PV-DIO-ChR2 in GPe/AG7518_mouse#5_Naive_recorded_022422/Trajectory1_1.4mm_right_rec1_1mW_10s_GPe_cont_neurons_recorded_together/Ch8.txt,21.908460347033603,1.0362689443976365,0.8652372566265134,104.5356131425857,0.03482416705609132,0.146795827123696,0.04024811320754701,1.0406004807692308,19.366823278583293,5.397664430499859,24.9,0.6418025618095726,0.6,61.81856196440954,0.018552500000000548,0.08809466848940532,0.013967500000000754,0.904965,23.402660114397726,3.088920778348869,0.12114357750620015,-0.01774185770449734,0.1333333333333333,0.09223278295769906,0.16563015528532232,0.14829493087557605,0.1325666962676531,0.02922010942954153,0.1199784198069956,0.08886560488721673,data/Split/Healthy,1.0923531506655608,0.5779681774142137,0.5924684187302961,0.4921245976756323,0.6903054620475955,0.6249047061303703,0.6180210933633457,0.20946134456844606,1.1183823476092378,0.46132132685925736,-0.07393031058323131,0.20631440262229292,0.19796348405259656,0.1816543642899215,0.13099084600412095,0.11491268059908664,0.06925985219875272,-0.11747829184581172,-0.07296312629887737,0.22152243790379322,1.8003134532740401,0.9150073363375765,0.5372707958557319,-0.4575084827410356,-0.16743297100933754,0.01621017150412181,0.14631164846361472,-0.006711013687931873,-0.02841611955403347,0.0005855598964430313,1
data/Split/Healthy/gpe_pv/pre_processed_data/Naive_mice_PV-DIO-ChR2_in_GPe/Neuron_0101,AG7518,5,022422,1.1,6,Naive mice,101,5,left,raw_data/Spike times files GPe to SNr project/Naive mice/PV-DIO-ChR2 in GPe/AG7518_mouse#5_Naive_recorded_022422/Trajectory6_1.1mm_left_rec28_1mW_10s_GPe_cont_neurons_recorded_together/Ch5.txt,35.05736920794404,0.7376173863113886,1.2729618448781426,158.43383155930175,0.032031538902668626,0.13144517066085692,0.02516299999999994,0.7546836734693878,31.45685893005912,5.036543283344406,44.8,0.5974254973816298,1.1,154.77870337451068,0.023567500000012842,0.09292288868158058,0.01427916666667386,0.7549450000000008,41.12015487597173,3.607777339299667,-0.04544153405131991,0.042059146592293394,-0.25,-0.19518308222742112,-0.28473375539726,-0.2522668152949641,-0.23726358834074776,0.15279910387193854,-0.027175724782567873,-0.18071023112529633,data/Split/Healthy,0.7321179450848916,0.7078500535596812,-0.4802129607044714,-0.3132268558711926,-0.5885311197889812,-0.5088149117907089,-0.4546030818647137,1.0002849926428599,0.7966184575452298,-0.30500703481112856,1.2175257818650285,-0.07138353020491618,1.3521523250844143,2.002947803400364,0.5291684642176893,0.19281031375055266,0.10155163063351941,-1.4648278359703377,1.0941408042556702,0.4564266959007935,-0.6533154032914272,1.8330425670015997,0.6655602265959034,0.030407893277626913,0.2157289027887177,0.051446126393741645,-0.1099940669987058,-0.005231257862421623,0.015982811559900917,-0.0025000630598106016,1
data/Split/Healthy/gpe_pv/pre_processed_data/Naive_mice_PV-DIO-ChR2_in_GPe/Neuron_0115,AG7518,5,022422,1.4,1,Naive mice,115,3,right,raw_data/Spike times files GPe to SNr project/Naive mice/PV-DIO-ChR2 in GPe/AG7518_mouse#5_Naive_recorded_022422/Trajectory1_1.4mm_right_rec1_1mW_10s_GPe_cont_neurons_recorded_together/Ch3.txt,10.588211170189961,1.0506781749268899,0.9693432761441514,78.41073593290457,0.05498661871317196,0.3403755868544601,0.05672564102564104,0.879271052631579,7.390628236276544,10.609481822942906,12.9,0.6842741501900688,0.5,42.11111707096025,0.021932499999994092,0.11523809523809525,0.021932499999994092,1.0,11.458159773279885,3.4415183182090345,-0.9692307692307693,-1.0,-0.5,-0.5,-0.5,-0.5,-0.5,0.0,-0.9692307692307693,-0.5,data/Split/Healthy,-1.265548004390865,-1.5553995123211926,-1.1797877733793198,-1.16733679735162,-1.1997931279177583,-1.2099801483497403,-1.216621333444059,0.022472013246651306,-1.2632575765381027,-1.21265813996623,-0.8526978035168552,0.4720884561607555,-0.03287428415376686,-0.20445778594578815,0.3993538269724143,0.5528398287374019,0.8945133769925095,0.7360436647324773,-0.8597827915070251,0.38115550358314226,-3.7086508273468852,-0.6621095188171322,-0.801565337388419,-0.08388582385207617,-0.04009854057426101,-0.0039176528478973155,-0.03786755889383727,0.018980105463094765,0.002601153406346525,-0.0014762268098083948,2
data/Split/Healthy/gpe_pv/pre_processed_data/Naive_mice_PV-DIO-ChR2_in_GPe/Neuron_0052,AG7094,3,081921,1.4,4,Naive mice,52,7,left,raw_data/Spike times files GPe to SNr project/Naive mice/PV-DIO-ChR2 in GPe/AG7094_mouse#3_Naive_recorded_081921/Trajectory4_1.4mm_left_rec11_1mW_10s_GPe_neurons_recorded_together/Ch7.txt,48.04263023264947,0.5083509432259623,0.8868628998643099,200.74517341663505,0.017844315018769798,0.06962025316455696,0.020120714285714263,0.7030272058823529,45.50998465585977,4.411013867278629,46.1,0.5739402242037239,0.7,118.07486125324445,0.021530000000001336,0.07929994672032084,0.017871249999998895,0.9153399999999976,43.19154790399837,2.7159975517609865,-0.26455281004800146,-0.0021813518531030368,-0.35,-0.39701191367949235,-0.42262423305393576,-0.3698565296162698,-0.4757852409462796,0.024962229164744054,-0.25694384767728773,-0.32949725074793984,data/Split/Healthy,0.25829651641265944,0.6117640595656457,-0.7600428857744107,-0.8787598081767,-0.9800797828401832,-0.8416319300564544,-1.1463909141428241,0.18221373327929016,0.29421273026166744,-0.727966728349638,1.3018922602661713,-0.2183471001809456,0.42880125225896,1.283838883904423,0.3673964009848402,-0.026979773093813993,0.47372732833369163,-0.024299038944273498,1.2305896068243245,0.05268723290812835,-1.6607308652532051,1.6120082859300628,-0.35234938049693004,0.5930457503040659,0.23021418226219467,0.1789559081179466,0.09131976519396531,-0.02787600935409641,0.04933209159855058,-0.004024345131962682,1
data/Split/Healthy/gpe_pv/pre_processed_data/Naive_mice_PV-DIO-ChR2_in_GPe/Neuron_0075,AG6926,5,051921,1.4,1,Naive mice,75,11,right,raw_data/Spike times files GPe to SNr project/Naive mice/PV-DIO-ChR2 in GPe/AG6926_mouse#5_Naive_recorded_051921/Trajectory1_1.4mm_right_in_SNr_1mW_10s_GPe_stim_neurons_recorded_together/Neuron_recorded_in_Ch11.txt,66.85183961046332,0.3332947920697003,0.18292791933211353,268.0887968806498,0.002476594580593977,0.009203980099502488,0.013538636363635736,3.303272500000001,66.40098492849349,4.037421992600739,54.4,0.37774722439646896,0.0,0.0,0.0,0.0,0.0,1.0,54.4,0.0,-1.0,-1.0,0.0,0.0,0.0,0.0,0.0,0.0,-1.0,0.0,data/Split/Healthy,-1.3320855242693184,-1.5553995123211926,0.21936185197037703,0.23368442502959813,0.21998824388259466,0.20518196930089944,0.23353596825423217,0.022472013246651306,-1.3305368734563014,0.20870137987369894,1.8405397762119275,-1.4460621638961078,-1.1870631251855843,-1.0295071035516852,-1.3420281493875708,-1.3063908009010003,-1.377912603239673,0.7360436647324773,1.968923590985961,-1.1769385204001805,-0.8172704314268635,-2.2815015306404276,0.15260004324350931,-0.49799677902623685,0.015637895903756104,0.001018808168615931,-0.0032761422754144943,-0.029247846409829314,-0.002228985490532107,0.0014636595772029549,2
data/Split/Healthy/gpe_pv/pre_processed_data/Naive_mice_PV-DIO-ChR2_in_GPe/Neuron_0095,AG7094,1,081321,1.7,5,Naive mice,95,2,left,raw_data/Spike times files GPe to SNr project/Naive mice/PV-DIO-ChR2 in GPe/AG7094_mouse#1_Naive_recorded_081321/Trajectory5_1.7mm_left_1mW_GPe_stim_neurons_recorded_together/Neuron_recorded_in_Ch2.txt,63.41061721023467,0.7620528972322947,2.650857755891433,308.79518930845467,0.036974872624316514,0.15562913907284767,0.01394826732673273,0.3616714999999999,55.5977989812521,5.554090179227818,51.5,0.5557365396170171,1.2,189.6369905507927,0.014917500000004224,0.06901138466422056,0.008919375000004,0.8141904166666674,48.350957635121226,3.7011946461442555,-0.7293927031055445,-0.2660426170627042,-0.6,-0.6,-0.6,-0.6,-0.6,0.17453319857036775,-0.741037233904133,-0.6,data/Split/Healthy,-0.746905526387312,0.03868344711548053,-1.459617698449259,-1.4475410418278636,-1.4837494022778288,-1.493012571879868,-1.506652793783717,1.1393687919127933,-0.7642948064513363,-1.4969300439342157,1.652337632086302,-0.3322601236026563,1.5829900932907774,2.6858982461359373,-0.15761845453452483,-0.19297357635925982,-0.45377629969707756,-0.9327368805157233,1.5704552287741356,0.4987199322206616,-3.842406794480919,1.0289471340489682,0.24523250463164165,0.7953088525906785,0.12503561111984654,-0.08056448882839855,0.051176728639875026,0.058870789666859165,0.002520299609907737,-0.0031501991737195997,2
data/Split/Healthy/gpe_pv/pre_processed_data/Naive_mice_PV-DIO-ChR2_in_GPe/Neuron_0096,AG7518,5,022422,1.7,5,Naive mice,96,1,left,raw_data/Spike times files GPe to SNr project/Naive mice/PV-DIO-ChR2 in GPe/AG7518_mouse#5_Naive_recorded_022422/Trajectory5_1.7mm_left_rec21_1mW_10s_GPe_cont_neurons_recorded_together/Ch1.txt,51.21730187661009,0.5223928102327904,1.2218839413903002,209.1409710569795,0.028217882271482052,0.0989065606361829,0.02309374999999984,0.710448936170213,47.49168960919551,4.403738270379096,51.4,0.48998565761860774,1.1,162.86587468724275,0.02681000000001461,0.09904467407324688,0.020302500000011037,0.7887049999999988,47.45547481432204,3.385740886674379,-0.9966666666666667,-1.0,-0.8,-0.8,-0.8,-0.8,-0.8,0.16392915347864973,-0.9964110512716227,-0.8,data/Split/Healthy,-1.3248772929491524,-1.5553995123211926,-2.0192775485891383,-2.007949530780351,-2.0516619509979703,-2.059077418940124,-2.086715714463034,1.0715099323904582,-1.322689360174879,-2.0654738518701876,1.6458479029785216,-0.7437087907890998,1.3521523250844143,2.161393260016683,0.7866143120850938,0.29157809435941096,0.7256291026169961,-1.1616247923118819,1.5114671193397542,0.3559031368334247,-5.759372763635098,0.36125695399417534,-0.38150177871840635,0.029089561385451546,0.01419190395996761,0.007880462011015957,0.020570950181013736,0.05706515534137861,0.0013653604520235604,-0.0025299871458272227,2
data/Split/Healthy/gpe_pv/pre_processed_data/Naive_mice_PV-DIO-ChR2_in_GPe/Neuron_0118,AG7518,5,022422,1.7,2,Naive mice,118,1,right,raw_data/Spike times files GPe to SNr project/Naive mice/PV-DIO-ChR2 in GPe/AG7518_mouse#5_Naive_recorded_022422/Trajectory2_1.7mm_right_rec6_1mW_10s_GPe_cont_neurons_recorded_together/Ch1.txt,40.39238315060589,0.7776618909520346,1.5830137517936569,179.91058184511448,0.0379923300430483,0.14601769911504425,0.024000000000000337,0.6161159836065571,35.856658297459006,5.017494389817801,43.0,0.5494678165636925,0.7,60.53800398987104,0.022724999999998375,0.08007393753060892,0.011709166666664808,0.8225725000000011,40.732907772830195,1.9218176650366374,-0.545415693915694,-0.1915847200343842,-0.4,-0.4,-0.4,-0.4,-0.4,0.16040777178721752,-0.5255689466082225,-0.4,data/Split/Healthy,-0.3490608744374983,0.2003986469453808,-0.8999578483093805,-0.8871325528753764,-0.9158368535576878,-0.9269477248196124,-0.9265898731044008,1.0489754237707194,-0.29315677293462017,-0.9283862359982442,1.100710657924985,-0.37148785206588414,0.42880125225896,0.15656541969442514,0.46227621230345806,-0.01449234505560287,-0.16472602896838873,-0.8574562768763345,1.0686316889854595,-0.30686538923711915,-2.369506132018901,0.9445515905553764,0.49360134345719875,0.4763632239796767,0.10697862344103075,-0.05979594778295437,0.0561024579360874,-0.0021714205531136233,-0.0025928497896938354,0.0005675276064022933,2
data/Split/Healthy/gpe_pv/pre_processed_data/Naive_mice_PV-DIO-ChR2_in_GPe/Neuron_0066,AG7094,3,081921,1.4,1,Naive mice,66,16,right,raw_data/Spike times files GPe to SNr project/Naive mice/PV-DIO-ChR2 in GPe/AG7094_mouse#3_Naive_recorded_081921/Trajectory1_1.4mm_right_rec1_1mW_10s_GPe_neurons_recorded_together/Ch16.txt,7.286379647224177,0.8750007793626076,0.562457376276954,44.68751246866244,0.05116892065068636,0.27017543859649124,0.09097386363636341,1.7070785714285717,5.604558014585323,7.973423123173583,8.3,0.8094612417525985,0.4,21.903147805266205,0.023064999999999714,0.1206060606060606,0.023064999999999714,1.0,7.270268701699601,2.9633987155849284,0.017869173310349783,-0.13150824543381334,-0.2,-0.17174910759818313,-0.22825089240181687,-0.2230769230769231,-0.22825089240181687,0.0,0.04837078042325878,-0.20045480301751245,data/Split/Healthy,0.8690254121967633,0.3308788173887126,-0.34029799816950174,-0.24756386431058164,-0.42814448637521796,-0.4261980524201552,-0.42846342821705935,0.022472013246651306,0.9618067195786703,-0.36113530525945914,-1.1512253424747443,1.2554705250673934,-0.2637120523601303,-0.6003763084767231,0.4892713050637401,0.639445613138289,1.0118516841907959,0.7360436647324773,-1.1356515977998978,0.164694271441401,-0.29167600102085584,1.6206069960396288,-0.2993401168053089,-0.22620595256063927,0.06649233704731095,0.001280960482238858,-0.031270440794693856,-0.021235330964297305,-0.0057708680119834,0.001639112448740822,1
data/Split/Healthy/gpe_pv/pre_processed_data/Naive_mice_PV-DIO-ChR2_in_GPe/Neuron_0026,AG6927,4,052021,1.7,2,Naive mice,26,4,right,raw_data/Spike times files GPe to SNr project/Naive mice/PV-DIO-ChR2 in GPe/AG6927_mouse#4_Naive_recorded_052021/Trajectory2_1.7mm_right_in_SNr_1mW_10s_GPe_stim_neurons_recorded_together/Neuron_recorded_in_Ch4.txt,68.4572689244694,0.4177286510924721,0.19972944981610327,303.60457244306787,0.0025303224673576784,0.010211524434719184,0.012668749999999599,4.932795454545455,67.93010091065715,4.46936731100067,55.7,0.5297373817697835,1.0,76.99984520999547,0.026604999999992173,0.11648717948717949,0.007764416666664431,0.7468618750000033,52.15117002916594,2.5959441910794037,0.1385398813491244,-0.12908921213184651,-0.3,-0.3,-0.3,-0.3,-0.3,0.22385576064585583,0.1953954537816766,-0.3,data/Split/Healthy,1.1299721253302668,0.3361327188475996,-0.6201279232394411,-0.6069283083991327,-0.6318805791976171,-0.6439153012894844,-0.6365584127647426,1.4550004949292434,1.2832875108070934,-0.6441143320302584,1.9249062546130704,-0.4949548056979174,1.1213145568780505,0.4790890621405264,0.7703378590955594,0.5729923285691466,-0.5734415144590612,-1.5374234551134394,1.8207864907114,-0.0016650635324820975,-1.026526200855423,2.4457691992303396,0.8256382293092713,-0.5905209992518123,-0.00330034654039873,0.07565759426093993,0.08449004094770379,-0.03895238379499282,-0.009796288545807823,0.005283238251467596,1
data/Split/Healthy/gpe_pv/pre_processed_data/Naive_mice_PV-DIO-ChR2_in_GPe/Neuron_0036,AG6927,4,052021,1.85,6,Naive mice,36,4,left,raw_data/Spike times files GPe to SNr project/Naive mice/PV-DIO-ChR2 in GPe/AG6927_mouse#4_Naive_recorded_052021/Trajectory6_1.85mm_left_in_SNr_1mW_10s_GPe_stim_neurons_recorded_together/Neuron_recorded_in_Ch4.txt,28.87699912088168,0.7808730154180549,0.8982476685066882,117.895897441462,0.03030754170405909,0.11635944700460829,0.03374074074074084,1.023331730769231,26.3144126302319,4.480278511176596,25.9,0.7343925543387344,0.8,97.09835815056616,0.01887999999999579,0.09903846153846155,0.01320624999999751,0.8799875000000015,23.808695638421664,4.485765202066459,0.06514739874232629,-0.045584940247346176,-0.08333333333333333,-0.10937938026909413,-0.07079043505868712,-0.12511822613104134,-0.09143984166310229,-0.029498737760042804,0.07264277249188701,-0.15287321982766153,data/Split/Healthy,0.9712631277929531,0.5174957515601148,-0.013829752254572438,-0.07280124106621459,0.018974361886661472,-0.1489431783956927,-0.03166833985353465,-0.1663003546970073,1.0148793028170664,-0.22587423278755883,-0.009033019505429311,0.7857139158006562,0.6596390204653236,0.8728630947450007,0.15699347211832415,0.2914778624444637,-0.009613248335139268,-0.3418045366023012,-0.046216362018134664,0.8539220789324111,0.45584869574893455,1.429899953461677,-0.2482283936114668,-0.17090668724157193,-0.1375548943755997,-0.1235122202521937,0.08040387912041945,0.014693924399403159,0.030335924085546594,0.018189479968706262,1
data/Split/Healthy/gpe_pv/pre_processed_data/Naive_mice_PV-DIO-ChR2_in_GPe/Neuron_0077,AG6926,5,051921,1.4,1,Naive mice,77,13cell2,right,raw_data/Spike times files GPe to SNr project/Naive mice/PV-DIO-ChR2 in GPe/AG6926_mouse#5_Naive_recorded_051921/Trajectory1_1.4mm_right_in_SNr_1mW_10s_GPe_stim_neurons_recorded_together/Neuron_recorded_in_Ch13cell2.txt,19.58837800581,0.7262534039617309,0.7316541869742275,95.67612147655677,0.02936676992967809,0.1273344651952462,0.04013750000000005,1.2621321428571428,17.611289041855077,5.4326586344232055,28.7,0.5420761292429678,0.3,23.77097643682603,0.008320000000000504,0.037987012987012986,0.005245000000000744,0.9221850000000004,27.96030149938265,1.124395829710254,-0.8237030247320108,-0.643795919947755,-0.2,-0.2,-0.2,-0.2,-0.2,0.06368621352866509,-0.8196598257233816,-0.2,data/Split/Healthy,-0.9508487106361535,-0.7817594246355961,-0.34029799816950174,-0.32672406392288916,-0.34792430483754655,-0.3608828777593565,-0.34652695242508436,0.43002156438222944,-0.9362091691846185,-0.3598424280622727,0.17267939551241632,-0.41774274331501887,-0.4945498205664938,-0.5637814412525549,-0.6814423500797009,-0.6935151895156894,-0.8344782356881992,0.037176815138756446,0.2272622298282447,-0.6678857533136429,-1.6598104273240522,-0.8571655666111233,0.22612054332372655,-0.00020483178340558166,0.05631944466981323,-0.03166847540555965,0.01838561388580369,-0.009386339117044494,-0.001424227226027643,0.0004927071522490012,2
data/Split/Healthy/gpe_pv/pre_processed_data/Naive_mice_PV-DIO-ChR2_in_GPe/Neuron_0062,AG7094,3,081921,1.7,2,Naive mice,62,5,right,raw_data/Spike times files GPe to SNr project/Naive mice/PV-DIO-ChR2 in GPe/AG7094_mouse#3_Naive_recorded_081921/Trajectory2_1.7mm_right_rec3_1mW_10s_GPe_neurons_recorded_together/Ch5.txt,27.704597819470234,0.5935770671854541,0.4829241821742518,126.60159003397207,0.018128719628199282,0.06972477064220184,0.037539473684210664,2.082954166666666,26.248757455268393,4.823146019377075,23.3,0.5313048959547229,0.3,35.97006053935503,0.008387499999998483,0.0404040404040404,0.008387499999998483,1.0,22.487834647151,1.6293080780286817,-0.03714550866551632,0.02814800865139815,-0.2,-0.2,-0.2,-0.2,-0.2,0.0,-0.027388316692814385,-0.2,data/Split/Healthy,0.7500578460905436,0.6776364356392405,-0.34029799816950174,-0.32672406392288916,-0.34792430483754655,-0.3608828777593565,-0.34652695242508436,0.022472013246651306,0.7961536089320436,-0.3598424280622727,-0.17776597630771437,-0.4851457871328925,-0.4945498205664938,-0.3247745776433917,-0.67608303019365,-0.6545193054104511,-0.5088838600868578,0.7360436647324773,-0.1332253932256153,-0.439294566517251,-0.21684836059942425,1.5726358699746248,-0.18452344881498906,0.1678888454925314,-0.02191902735914475,-0.01758280022246376,-0.008899366748157875,-0.00109510386099196,0.0009008951335965754,0.0006260597268401706,1
data/Split/Healthy/gpe_pv/pre_processed_data/Naive_mice_PV-DIO-ChR2_in_GPe/Neuron_0099,AG7518,5,022422,1.1,6,Naive mice,99,10,left,raw_data/Spike times files GPe to SNr project/Naive mice/PV-DIO-ChR2 in GPe/AG7518_mouse#5_Naive_recorded_022422/Trajectory6_1.1mm_left_rec28_1mW_10s_GPe_cont_neurons_recorded_together/Ch10.txt,40.407896260842186,0.7606966991799867,1.5334445896322833,205.125460533407,0.03369336654709029,0.14775938635446104,0.021972340425531707,0.6125330645161292,35.63801500814558,5.755804875398437,19.1,0.7688478115894885,0.7,46.232529636532135,0.019857499999997686,0.11867816091954023,0.011822916666663257,0.8403200000000026,17.261296866610373,3.6338356710949506,0.1111112197427987,0.012724424679368629,0.4,0.3866875007567411,0.4116081929619436,0.4117117117117117,0.4116081929619436,-0.11129537214921484,0.05306682471037046,0.414252067522756,data/Split/Healthy,1.070658484031983,0.6441379342891241,1.3386815522501345,1.3171992150090934,1.38877553357814,1.3704596049159306,1.4273292211794357,-0.6897445945512652,0.9720749827115123,1.3863036194473837,-0.45033459883448274,1.001324250483798,0.42880125225896,-0.12371025747088232,0.23460436380398003,0.6083412275560459,-0.15294039325663883,-0.6980636223345926,-0.4775129388943405,0.468224201330413,3.634308461241514,-0.15300228632567958,0.2536215222658308,-0.4302837496094983,-0.09645908299289838,0.06221141310461904,-0.028080084942048965,0.03325898558569969,0.017085478499193927,0.00945356589296036,0
data/Split/Healthy/gpe_pv/pre_processed_data/Naive_mice_PV-DIO-ChR2_in_GPe/Neuron_0012,AG7094,2,081821,1.4,4,Naive mice,12,15,left,raw_data/Spike times files GPe to SNr project/Naive mice/PV-DIO-ChR2 in GPe/AG7094_mouse#2_Naive_recorded_081821/Trajectory4_1.4mm_left_rec11_1mW_10s_GPe_cells_rec_together/Ch15.txt,42.4559940836786,1.1703004209708796,2.686258884924109,180.8977761662872,0.0777962685570941,0.2908950617283951,0.028960823170731724,0.32634524539877297,32.64544919685179,5.541286170561633,37.2,0.7257458072025238,1.3,108.652914665836,0.03787999999999556,0.17656022235220048,0.018489999999998,0.6098262499999982,32.36718540186781,4.4001554606661815,-0.9244736842105263,-0.8907245750997486,-0.6,-0.6,-0.6,-0.6,-0.6,0.33426202525480214,-0.8963690588048971,-0.6,data/Split/Healthy,-1.1687621777781931,-1.3180640800900072,-1.459617698449259,-1.4475410418278636,-1.4837494022778288,-1.493012571879868,-1.506652793783717,2.161527403828911,-1.1039398254225241,-1.4969300439342157,0.7243063696737335,0.7316052487142113,1.813827861497141,1.0992422466468188,1.6655427734222445,1.5421999597736018,0.537836006107179,-2.768158602910915,0.5175567434319879,0.815163596734372,-4.692715425707471,0.21608793391644693,1.0199669996409186,-0.28943767740659543,0.1161852945808611,0.026137993656523764,0.11622904593430754,0.009710956543175718,-0.007792292416751003,0.0015234981399077233,2
data/Split/Healthy/gpe_pv/pre_processed_data/Naive_mice_PV-DIO-ChR2_in_GPe/Neuron_0065,AG7094,3,081921,1.4,1,Naive mice,65,15,right,raw_data/Spike times files GPe to SNr project/Naive mice/PV-DIO-ChR2 in GPe/AG7094_mouse#3_Naive_recorded_081921/Trajectory1_1.4mm_right_rec1_1mW_10s_GPe_neurons_recorded_together/Ch15.txt,27.48371270444207,1.2898954999436307,0.9203847975441066,130.48881349312387,0.03167977256269011,0.13395348837209303,0.03442013888888898,0.7545057142857142,24.58089053582909,5.308547031806006,30.0,0.536442920926823,0.4,43.06612317085411,0.011302500000005012,0.046934865900383135,0.004427500000002737,0.9019849999999991,28.746465232280563,1.2616417068745152,0.32315066028410133,0.09638314004018203,0.33333333333333337,0.2855795677799924,0.34857142857142015,0.34594594594594597,0.3181818181818075,-0.06067959433070343,0.3202667708391638,0.3047945402927795,data/Split/Healthy,1.529187284958059,0.8258364029813166,1.152128268870175,1.033890495306048,1.209778685937674,1.1843211642159366,1.1563633420622046,-0.36583716800866445,1.556328279355605,1.075146622754453,0.257045873913559,-0.4529936172685794,-0.2637120523601303,-0.18574711793621745,-0.4446398084404485,-0.5491521455790047,-0.9191793978373286,-0.1442420676189905,0.2790491666989448,-0.6057498117745411,3.3973059367221192,0.805676773892023,0.33871945744176424,-0.6052008339964141,-0.17347607308929586,0.08250628255279795,0.10229204693950392,-0.03310650423001819,-0.006185197007123664,-0.003422282532843946,0
data/Split/Healthy/gpe_pv/pre_processed_data/Naive_mice_PV-DIO-ChR2_in_GPe/Neuron_0078,AG6926,5,051921,1.4,1,Naive mice,78,15,right,raw_data/Spike times files GPe to SNr project/Naive mice/PV-DIO-ChR2 in GPe/AG6926_mouse#5_Naive_recorded_051921/Trajectory1_1.4mm_right_in_SNr_1mW_10s_GPe_stim_neurons_recorded_together/Neuron_recorded_in_Ch15.txt,22.250686915124355,1.0305119396893192,1.4966829763536562,106.91672452079787,0.06454445335525108,0.273542600896861,0.043124999999999775,0.6133351123595508,17.279470096250375,6.18750019099247,18.3,0.7407602593243224,0.4,20.636387834600406,0.02444749999999942,0.09395424836601307,0.02016374999999897,0.9038299999999992,17.011982761782825,1.687898548551535,-0.6381381690205219,-0.5635079708645352,-0.3,-0.3,-0.3,-0.3,-0.3,0.09262255610132086,-0.6185378467387118,-0.3,data/Split/Healthy,-0.5495703891776726,-0.6073819274442992,-0.6201279232394411,-0.6069283083991327,-0.6318805791976171,-0.6439153012894844,-0.6365584127647426,0.6151949759194559,-0.4964404456058422,-0.6441143320302584,-0.5022524316967244,0.8255610425573748,-0.2637120523601303,-0.6251949198568759,0.5990381160664903,0.20945008475257448,0.7112532172968219,-0.1276718775849291,-0.4939359984522861,-0.41276864000946023,-2.015871972620462,0.0172950627743546,0.1696354677456856,-0.07637842803041393,0.03172500405241852,-0.009926877335083685,0.024103830589917295,-0.01543982016976008,-0.0028765497062081453,0.001376149807768682,2
data/Split/Healthy/gpe_pv/pre_processed_data/Naive_mice_PV-DIO-ChR2_in_GPe/Neuron_0109,AG7518,5,022422,1.1,3,Naive mice,109,16,right,raw_data/Spike times files GPe to SNr project/Naive mice/PV-DIO-ChR2 in GPe/AG7518_mouse#5_Naive_recorded_022422/Trajectory3_1.1mm_right_rec11_1mW_10s_GPe_cont_neurons_recorded_together/Ch16.txt,26.47200745842385,0.7401470222666725,0.7710293434492383,115.3626349946083,0.024473113885531982,0.09902912621359224,0.0317408333333337,1.256229310344827,24.4488471103992,4.718530672374296,30.4,0.5916479891149081,0.1,13.781223083553371,0.0029024999999990087,0.008888888888888889,0.0029024999999990087,1.0,30.122559798141005,0.32637129472081394,-0.5920656661534545,-0.12544075308059818,0.13333333333333333,0.08214253400024842,0.14431654676259778,0.15789473684210525,0.11288688801351551,-0.07670576281669109,-0.6191527572285042,0.13206507174075324,data/Split/Healthy,-0.44994001172822534,0.34405681163146407,0.5924684187302962,0.4638512918186357,0.6297841333547763,0.6520752696116277,0.5609434580918258,-0.46839402311118383,-0.49778499483202,0.5841252737878245,0.2830047903446797,-0.10753738858294955,-0.9562253569792208,-0.7595026607414704,-1.1115773942805611,-1.1629790718930795,-1.077184623865528,0.7360436647324773,0.36969659728905807,-1.0291789803118303,1.0565089439267672,-1.034899518071812,0.12995850742253828,0.5300229326965575,-0.010678029164963677,0.010388681603620898,0.06895000833426503,-0.021778252487793855,0.0044440321775668385,-0.0017593354650053323,1
data/Split/Healthy/gpe_pv/pre_processed_data/Naive_mice_PV-DIO-ChR2_in_GPe/Neuron_0104,AG7518,5,022422,1.4,4,Naive mice,104,12,left,raw_data/Spike times files GPe to SNr project/Naive mice/PV-DIO-ChR2 in GPe/AG7518_mouse#5_Naive_recorded_022422/Trajectory4_1.4mm_left_rec16_1mW_10s_GPe_cont_neurons_recorded_together/Ch12.txt,14.110844700402675,0.8644019656902349,0.9997230275546611,76.0732535240853,0.0509604716070459,0.24854819976771197,0.050974590163933756,0.8774295833333341,11.173001055995378,6.808667889927815,11.2,0.9086834461180523,0.5,40.51637181549417,0.030382500000004597,0.16606934731934733,0.030382500000004597,1.0,9.507240113667539,4.863439075884549,-0.893235294117647,-1.0,-0.5,-0.5,-0.5,-0.5,-0.5,0.0,-0.8785829973434917,-0.5,data/Split/Healthy,-1.101210115220478,-1.5553995123211926,-1.1797877733793198,-1.16733679735162,-1.1997931279177583,-1.2099801483497403,-1.216621333444059,0.022472013246651306,-1.065049229845339,-1.21265813996623,-0.9630231983491186,1.876372366999408,-0.03287428415376686,-0.23570234976394594,1.070261279395263,1.3729420754560082,1.7700177441641036,0.7360436647324773,-0.9882956559706818,1.0249080657560485,-3.6114910561629223,-0.46093330738396016,-0.8321681605222071,-0.2043800948741603,-0.05917552306172127,0.00978035669688164,-0.03936609831702161,-0.00019781674220733044,0.0008624983141238177,-0.00022273916701696597,2
data/Split/Healthy/gpe_pv/pre_processed_data/Naive_mice_PV-DIO-ChR2_in_GPe/Neuron_0114,AG7518,5,022422,1.4,1,Naive mice,114,2,right,raw_data/Spike times files GPe to SNr project/Naive mice/PV-DIO-ChR2 in GPe/AG7518_mouse#5_Naive_recorded_022422/Trajectory1_1.4mm_right_rec1_1mW_10s_GPe_cont_neurons_recorded_together/Ch2.txt,7.381921872174691,0.9695570023742714,0.6462288507627676,42.0000738140027,0.061325875189596875,0.30976430976430974,0.09489807692307717,1.2451099999999997,5.4281521180053804,7.737453354464202,17.0,0.5472052822731325,0.1,9.654062751407482,0.0031075000000001297,0.015,0.0031075000000001297,1.0,16.75452176381041,0.5502389853769106,-0.7522046057171915,-0.5471385575016379,-0.1,-0.1,-0.1,-0.1,-0.1,0.0,-0.7490876856692704,-0.1,data/Split/Healthy,-0.7962355676506658,-0.5718291780553079,-0.06046807309956236,-0.04651981944664552,-0.06396803047747593,-0.07785045422922851,-0.0564954920854261,0.022472013246651306,-0.7818977403268867,-0.07557052409428686,-0.586618910097867,-0.3856460913171395,-0.9562253569792208,-0.8403628005935965,-1.095300941292719,-1.0643835082001338,-1.0559445770879026,0.7360436647324773,-0.5108957180256085,-0.9278263566373672,-0.8291404121865493,-0.9729904834353924,0.046712529446008504,0.0604271386078786,0.0389758087929696,-0.043861829249102445,-0.004247209661637101,-0.020194253662157498,-0.00044687544478118525,0.000655175367555265,2
data/Split/Healthy/gpe_pv/pre_processed_data/Naive_mice_PV-DIO-ChR2_in_GPe/Neuron_0006,AG7094,2,081821,1.0,6,Naive mice,6,13cell2,left,raw_data/Spike times files GPe to SNr project/Naive mice/PV-DIO-ChR2 in GPe/AG7094_mouse#2_Naive_recorded_081821/Trajectory6_1.0mm_left_rec19_1mW_10s_GPe_cells_rec_together/Ch13cell2.txt,11.454599961519703,0.9053271215241298,0.7670491045660516,70.13299606410331,0.050635468222753145,0.2544642857142857,0.06601333333333273,1.1083129310344833,8.995294303002714,7.796631627793685,13.0,0.5877784804157488,0.1,9.291521486644772,0.004304999999999381,0.025,0.004304999999999381,1.0,12.653984011703843,0.7409601238870643,-0.11050937562459975,0.06343671684500111,0.4,0.35455697539338604,0.43332042594385606,0.4333333333333333,0.43332042594385606,0.0,-0.1932153881600714,0.41779612229633967,data/Split/Healthy,0.5914107290156608,0.7542800251714159,1.3386815522501345,1.2271681191684565,1.4504287814339571,1.4316558045981203,1.490301527569225,0.022472013246651306,0.43355992363661017,1.3963783714299183,-0.846208074409075,-0.1317515762644773,-0.9562253569792208,-0.8474657806117333,-1.0002226366448064,-0.9030453130662229,-0.9318716209120417,0.7360436647324773,-0.7810103020722371,-0.8414803201837217,3.251198900894567,-0.5850380280762247,1.0448257883999745,-0.12573649205178397,-0.10246923527201976,0.06673019978124026,0.047716643164445134,0.05864637644722145,0.02869680085340302,0.005294695898773452,0
data/Split/Healthy/gpe_pv/pre_processed_data/Naive_mice_PV-DIO-ChR2_in_GPe/Neuron_0094,AG7094,1,081321,1.4,4,Naive mice,94,9,left,raw_data/Spike times files GPe to SNr project/Naive mice/PV-DIO-ChR2 in GPe/AG7094_mouse#1_Naive_recorded_081321/Trajectory4_1.4mm_left_1mW_GPe_stim_neurons_recorded_together/Neuron_recorded_in_Ch9.txt,14.581212803467666,0.8211694854910427,0.6732144421328199,69.81525198797884,0.03825120308393404,0.16474291710388247,0.056818749999999814,1.4296994186046512,12.663453606976352,5.51312889475248,14.6,0.7318430287582153,0.7,60.58423673433921,0.02417499999999535,0.1558280316175053,0.020373749999995285,0.9735225,12.672253631000078,5.742010829779835,0.052483070205787796,-0.08225018312785648,-0.13333333333333333,-0.09795593622640257,-0.11062145471527511,-0.12836003051106026,-0.07889944767194945,0.015258828105865246,0.07707816488079784,-0.12394447845951473,data/Split/Healthy,0.9438769049111692,0.43786246461704775,-0.15374471478954213,-0.04079226599322423,-0.09412831756981316,-0.1581185358985661,0.0047027479713526756,0.12011839856050392,1.0245776304652394,-0.1436379489063536,-0.7423724086845919,0.7697597738913854,0.42880125225896,0.1574712207495298,0.5774023431922026,1.2077105363428307,0.7330113139953519,0.49824572076129103,-0.7798068280609668,1.4226677964371177,0.3175186423292226,1.45355835767964,0.004312517933929089,-0.2798725288069121,-0.09144412350719691,-0.0641250491689852,-0.08407733377591402,-0.008784127384987388,-0.01572045305981893,0.010498288258495385,1
data/Split/Healthy/gpe_pv/pre_processed_data/Naive_mice_PV-DIO-ChR2_in_GPe/Neuron_0046,AG7094,3,081921,1.0,6,Naive mice,46,13,left,raw_data/Spike times files GPe to SNr project/Naive mice/PV-DIO-ChR2 in GPe/AG7094_mouse#3_Naive_recorded_081921/Trajectory6_1.0mm_left_rec19_1mW_10s_GPe_neurons_recorded_together/Ch13.txt,37.076433394106566,0.7662656804242403,1.0126602953456418,163.33740857824228,0.025554972549964333,0.10176211453744494,0.025235483870967704,0.8774852459016393,34.176845480514466,4.779183282768657,20.2,0.767015376722946,0.8,49.503307672676996,0.04412499999999966,0.1852777777777778,0.028318749999998262,0.763619999999996,17.104798901030993,3.623053136012497,-0.0618833125220856,-0.03068650413375764,-0.1,-0.0868401596162948,-0.1917707128758782,-0.14767954368680322,-0.1917707128758782,0.05605904363006222,-0.023069189806740914,-0.06022795153893046,data/Split/Healthy,0.6965631023252312,0.5498536836186257,-0.06046807309956236,-0.009645388125204728,-0.32455672771349725,-0.21279902225409378,-0.32265943080345044,0.38121273282543916,0.8055977130883977,0.03749023531306554,-0.37894757864890066,0.9898574402961701,0.6596390204653236,-0.059628528595953204,2.16137910956168,1.6828474256078494,1.5561926391044967,-1.3869165088454618,-0.4878219240646151,0.4633425758610752,0.05442997723754328,1.3415928137177766,0.23409276475840768,-0.07527827299584089,0.31901193432395053,0.12835312892254847,-0.02507987552022059,-0.06935456582761404,0.0635379434234813,-0.0035299879763266025,1
data/Split/Healthy/gpe_pv/pre_processed_data/Naive_mice_PV-DIO-ChR2_in_GPe/Neuron_0070,AG6926,5,051921,1.7,2,Naive mice,70,1,right,raw_data/Spike times files GPe to SNr project/Naive mice/PV-DIO-ChR2 in GPe/AG6926_mouse#5_Naive_recorded_051921/Trajectory2_1.7mm_right_in_SNr_1mW_10s_GPe_stim_neurons_recorded_together/Neuron_recorded_in_Ch1.txt,39.611586846657325,0.534087668987702,0.34936720864334475,181.67409341936542,0.00721734425189051,0.030239395212095756,0.020658333333333563,2.809735,38.69301724260723,4.695268199950895,36.0,0.4535788451539907,0.2,40.644132324971636,0.0029624999999981584,0.015789473684210527,0.0029624999999981584,1.0,35.505251909014234,1.144118066427761,0.1666298581115489,0.1276543888315269,0.1,0.11730589335843873,0.08269410664156127,0.08941176470588236,0.08269410664156127,0.0,0.16570680596468773,0.10626591693741039,data/Split/Healthy,1.1907158404147584,0.8937544674050193,0.4991917770403164,0.5623805172407194,0.4548033482173157,0.4582462538690138,0.4733748933615866,0.022472013246651306,1.2183709918807746,0.5107855252207137,0.646429620380371,-0.9715313539211938,-0.7253875887728573,-0.23319924064471392,-1.106813554381774,-1.0516462822685093,-1.070968024808784,0.7360436647324773,0.7242704918551203,-0.6589568166270227,1.8118864918917357,1.2236617931428455,0.33193024052127956,-0.215224982267322,0.0665927634716749,0.014711694677531164,-0.005096091315176085,-0.005348361257598033,-0.003271467174182637,0.0027371120909179913,1
data/Split/Healthy/gpe_pv/pre_processed_data/Naive_mice_PV-DIO-ChR2_in_GPe/Neuron_0110,AG7518,5,022422,1.1,3,Naive mice,110,9,right,raw_data/Spike times files GPe to SNr project/Naive mice/PV-DIO-ChR2 in GPe/AG7518_mouse#5_Naive_recorded_022422/Trajectory3_1.1mm_right_rec11_1mW_10s_GPe_cont_neurons_recorded_together/Ch9.txt,25.13215995630061,1.0928026085222653,2.4305279319652637,153.59275637738148,0.06785182048421418,0.3489531405782652,0.027916494845360986,0.37606796874999987,17.55323259713249,8.750112295696038,23.5,0.890391293726589,1.5,149.5418609393584,0.038280000000006,0.20347209826171958,0.02461500000000285,0.6296674999999994,19.152661665687678,7.238126267258008,-0.9672240802675585,-1.0,-0.9,-0.9,-0.9,-0.9,-0.9,0.2921058812715818,-0.959968589867664,-0.9,data/Split/Healthy,-1.2612086009205308,-1.5553995123211926,-2.299107473659077,-2.288153775256595,-2.335618225358041,-2.342109842470252,-2.3767471748026923,1.8917560262255741,-1.2430051067850032,-2.3497457558381734,-0.16478651809215403,1.761905739439629,2.2755033979098678,1.900346552755519,1.6973017060821032,1.9763913084645606,1.1724471598259472,-2.58996170154868,-0.35292312973559176,2.1000108487725284,-6.511629962238731,0.8765008269707117,0.18075792812074765,-0.084297102346416,0.057240319817973714,0.029752071323752446,0.07456978827373861,0.06580845327791306,-0.0017285522862877096,-0.0019433850458989458,2
data/Split/Healthy/gpe_pv/pre_processed_data/Naive_mice_PV-DIO-ChR2_in_GPe/Neuron_0017,AG7094,2,081821,1.7,5,Naive mice,17,1,left,raw_data/Spike times files GPe to SNr project/Naive mice/PV-DIO-ChR2 in GPe/AG7094_mouse#2_Naive_recorded_081821/Trajectory5_1.7mm_left_rec15_1mW_10s_GPe_cells_rec_together/Ch1.txt,29.235710381527284,0.796714414817945,1.2920461260466998,131.16638052327647,0.04185406085663876,0.1655112651646447,0.03239362745098002,0.7064450000000003,25.4625834871312,5.151338260297428,54.4,0.5041816797303185,0.8,109.08173776820203,0.017739999999999867,0.0690845613607762,0.012823333333334358,0.8120287500000011,51.96401010757069,2.7168838053997497,-0.7707598385692744,-0.33471486422591584,-0.13666666666666666,-0.2647610150416969,-0.1214821528332578,-0.043982900143670935,-0.1587706114791529,0.02423886660871403,-0.812236900855152,-0.05497903483834782,data/Split/Healthy,-0.8363606908298719,-0.11046589252465407,-0.1630723789585401,-0.5081871768356224,-0.12496795131513112,0.08069610108543147,-0.22694875480896004,0.17758469241339492,-0.9199783712827576,0.05241143075550539,1.8405397762119275,-0.6548744786143375,0.6596390204653236,1.1076438335100824,0.06648051404041164,-0.19179295674444494,-0.04928723814886265,-0.9521510959395469,1.808457711554098,0.05308847049300023,-0.9568495627593037,-0.7802922754199592,0.24836660016518408,0.5784424059816078,-0.10539429454663637,0.3572007187038865,0.08784897583443092,-0.033872336373236375,0.05036554368761686,-0.0118906531990899,2
data/Split/Healthy/gpe_pv/pre_processed_data/Naive_mice_PV-DIO-ChR2_in_GPe/Neuron_0073,AG6926,5,051921,1.7,2,Naive mice,73,5,right,raw_data/Spike times files GPe to SNr project/Naive mice/PV-DIO-ChR2 in GPe/AG6926_mouse#5_Naive_recorded_051921/Trajectory2_1.7mm_right_in_SNr_1mW_10s_GPe_stim_neurons_recorded_together/Neuron_recorded_in_Ch5.txt,25.12116595483098,6.10444330465872,2.977939540340891,100.6280189895094,0.19762912757601114,0.6735099337748345,0.06636438547486029,0.12851123595505623,10.221970186265859,9.844288053658408,25.7,0.5236886989645452,0.4,28.173180620999222,0.026267500000000155,0.09746022478470298,0.016348750000000224,0.9271900000000016,24.255541811005944,2.1473912876961023,0.4132581696675424,0.1914854061319243,0.16666666666666669,0.25678672276445186,0.09934235255255026,0.10376734376734378,0.11875797855225904,-0.032257465077268246,0.4349171509786639,0.1539517668551173,data/Split/Healthy,1.724042016354015,1.0323891338414544,0.685745060420276,0.9532117214670368,0.5020770870524629,0.49887719719845175,0.5779714677192072,-0.18395438085974394,1.8070201807892745,0.6463429987050954,-0.022012477720989666,-0.532805590399316,-0.2637120523601303,-0.4775325879629668,0.7435412596651363,0.26601487550992275,0.31598112726671757,0.08212738485176124,-0.016781279271140353,-0.2047404313153831,2.515710110596182,1.7126587063123337,0.14866630394761304,-0.5204188038691666,0.25530871186383586,-0.08990033757808343,-0.07682096960212999,-0.010115956582985483,-0.022457343483385513,-0.012160375916836158,1
data/Split/Healthy/gpe_pv/pre_processed_data/Naive_mice_PV-DIO-ChR2_in_GPe/Neuron_0040,AG6927,4,052021,1.4,1,Naive mice,40,10,right,raw_data/Spike times files GPe to SNr project/Naive mice/PV-DIO-ChR2 in GPe/AG6927_mouse#4_Naive_recorded_052021/Trajectory1_1.4mm_right_in_SNr_1mW_10s_GPe_stim_neurons_recorded_together/Neuron_recorded_in_Ch10.txt,32.62145268488237,0.9114211238557971,0.24725709463023526,122.99399738708236,0.007596150042198498,0.026781202627589692,0.030721666666666477,3.6169410714285712,31.990818004053665,3.8446655965939156,24.8,0.6426159130275633,0.2,13.814976717669913,0.010269999999997026,0.03764705882352941,0.010269999999997026,1.0,24.265124723290747,0.8826587339300158,-0.7520950102529049,-0.3721558220608542,-0.2,-0.2,-0.2,-0.2,-0.2,0.0,-0.7411777725797337,-0.2,data/Split/Healthy,-0.7959985708132002,-0.19178395574898868,-0.34029799816950174,-0.32672406392288916,-0.34792430483754655,-0.3608828777593565,-0.34652695242508436,0.022472013246651306,-0.7646021051080738,-0.3598424280622727,-0.08042003969101137,0.21140410278182564,-0.7253875887728573,-0.7588413528795193,-0.5266175533672044,-0.6989999486321592,-0.313838064678905,0.7360436647324773,-0.01615002441574122,-0.7773284729172047,-1.3009090624142956,-0.4997688571162156,-0.07592978721689139,0.46475312683168796,0.06358033549982336,-0.08337049577096255,-0.00781526866614303,-0.02413330222255139,0.00016779880642814175,0.0003363354039084565,2
data/Split/Healthy/gpe_pv/pre_processed_data/Naive_mice_PV-DIO-ChR2_in_GPe/Neuron_0054,AG7094,3,081921,1.0,3,Naive mice,54,1,right,raw_data/Spike times files GPe to SNr project/Naive mice/PV-DIO-ChR2 in GPe/AG7094_mouse#3_Naive_recorded_081921/Trajectory3_1.0mm_right_rec7_1mW_10s_GPe_neurons_recorded_together/Ch1.txt,10.337598649070214,0.9298460550117569,0.8450353119130966,60.53886714252011,0.05457836611014025,0.2779291553133515,0.06458708333333305,1.0902093220338989,7.89539642524754,7.667615896895521,6.7,0.701940359529521,0.0,0.0,0.0,0.0,0.0,1.0,6.7,0.0,0.009637403532140376,-0.12435619930325344,0.2,0.2,0.2,0.2,0.2,0.0,-0.02148849268408417,0.2,data/Split/Healthy,0.8512244619760584,0.34641235533910963,0.7790217021102558,0.7940929139820854,0.7879007926027359,0.7712468163611553,0.8135988889335486,0.022472013246651306,0.8090540292976193,0.7772451878096704,-1.2550610081992277,0.5826381258538585,-1.1870631251855843,-1.0295071035516852,-1.3420281493875708,-1.3063908009010003,-1.377912603239673,0.7360436647324773,-1.1732168886145635,-1.1769385204001805,2.0611627673160804,0.2637527716742133,0.5012273836816791,-0.5122987587319549,-0.020493044021094135,0.03848046184741531,0.016200641456978526,0.02535991116648073,0.0011766602114536046,0.00020913310233116835,1
data/Split/Healthy/gpe_pv/pre_processed_data/Naive_mice_PV-DIO-ChR2_in_GPe/Neuron_0103,AG7518,5,022422,1.4,4,Naive mice,103,10,left,raw_data/Spike times files GPe to SNr project/Naive mice/PV-DIO-ChR2 in GPe/AG7518_mouse#5_Naive_recorded_022422/Trajectory4_1.4mm_left_rec16_1mW_10s_GPe_cont_neurons_recorded_together/Ch10.txt,23.337796577669465,0.8788846294484812,1.3602788735579814,133.67506538685498,0.0382742322209092,0.19241573033707865,0.02813704819277102,0.7080006097560976,19.597309374628555,6.821092775109014,15.9,0.7146260315924574,0.6,92.86487785149748,0.014349999999996043,0.11394305694305693,0.014349999999996043,1.0,14.24435042081887,7.201965742862802,-0.5262905982905983,-0.4245257058836086,-0.5,-0.5741916519694323,-0.4258083480305676,-0.4666666666666666,-0.4258083480305676,0.0,-0.49545659065492753,-0.5496040495609485,data/Split/Healthy,-0.30770344045170406,-0.30552617202786386,-1.1797877733793198,-1.375224955217012,-0.989121277099168,-1.115636007173031,-1.0014422017869975,0.022472013246651306,-0.2273137834792525,-1.3536685160983617,-0.6580059302834492,0.6620211349332764,0.19796348405259656,0.7899199131153386,-0.20267644024517362,0.5319459146223239,0.1088906711855686,0.7360436647324773,-0.6762481496303658,2.0836397323771365,-2.7561970434466767,0.9112009535390864,-0.6978248658827102,0.3254306048222746,-0.4073926162780956,-0.10073653069469381,0.057343249839059654,-0.01617215957633399,0.012204851566377227,-0.009729315228587502,2
data/Split/Healthy/gpe_pv/pre_processed_data/Naive_mice_PV-DIO-ChR2_in_GPe/Neuron_0093,AG7094,1,081321,1.4,4,Naive mice,93,7,left,raw_data/Spike times files GPe to SNr project/Naive mice/PV-DIO-ChR2 in GPe/AG7094_mouse#1_Naive_recorded_081321/Trajectory4_1.4mm_left_1mW_GPe_stim_neurons_recorded_together/Neuron_recorded_in_Ch7.txt,38.403823858031316,0.8079797359179745,2.295049234543704,188.18157205501063,0.04631830114335541,0.20796812749003984,0.020181833333333392,0.4108958053691274,31.894344369075966,5.900154895093791,29.8,0.7389391991488622,1.4,142.778288113504,0.029080000000007544,0.133488136412345,0.015048750000004673,0.6683737499999964,25.952352657117295,5.313596988288246,-0.062312971581953126,0.08637776457398985,0.16666666666666669,0.10903844013884471,0.23492440596156036,0.20664971258109804,0.28742352906856733,-0.06920600800530996,-0.10861930651835139,0.15021329622042476,data/Split/Healthy,0.6956339777575322,0.804105715472468,0.685745060420276,0.5392147624093292,0.8870708346135691,0.7900676590372249,1.06715462697158,-0.420400563653439,0.618535782720519,0.6357155770525709,0.2440664156979986,0.8141654116656469,2.044665629703504,1.7678332989478418,0.9668462549245297,0.8472826991547033,0.18128814770248533,-2.242335729729815,0.09499268395300414,1.2287100764714853,2.1692103460118544,0.20333606110037805,0.22945357457646193,0.10875671329272468,-0.38680171245971506,-0.09509241730309556,-0.04418868254688639,0.03998234957156948,0.04802174368967554,-0.036179564163331394,1
data/Split/Healthy/gpe_pv/pre_processed_data/Naive_mice_PV-DIO-ChR2_in_GPe/Neuron_0030,AG6927,4,052021,1.4,4,Naive mice,30,13,left,raw_data/Spike times files GPe to SNr project/Naive mice/PV-DIO-ChR2 in GPe/AG6927_mouse#4_Naive_recorded_052021/Trajectory4_1.4mm_left_in_SNr_1mW_10s_GPe_stim_neurons_recorded_together/Neuron_recorded_in_Ch13.txt,14.51403022922158,0.8144237122420137,0.884188048446832,75.13947601899224,0.05008675052550812,0.22873563218390805,0.056647169811320904,1.013060096153846,11.784396475569771,6.376183640355606,10.5,0.5977208233657237,0.3,23.008826528754433,0.012794999999994162,0.06999999999999999,0.012794999999994162,1.0,9.731520848586495,2.0701917825523077,0.21976153727427072,0.07829265682940642,0.2,0.2059740259740132,0.20838323353294683,0.20526315789473681,0.20838323353294683,-0.14771477874958042,0.19002505212667117,0.19794660341143686,data/Split/Healthy,1.3056114705648778,0.7865456598337183,0.7790217021102558,0.8108323883273837,0.8117055102137958,0.7861432597048461,0.8379129035728383,-0.922804655594499,1.2715447132627877,0.7714079582313484,-1.00845130210358,-0.0695354716109047,-0.4945498205664938,-0.5787136326857167,-0.3261392909573032,-0.17702343496362397,-0.05222285437085546,0.7360436647324773,-0.9735216187383253,-0.23969130953171988,2.6955924317975732,0.7904869995437444,-0.3677482294391253,-0.2690881060694212,-0.11341325789682377,0.0010056067461138517,-0.05408606717111198,0.02207904798743819,-0.009493134961647463,0.001291357038258364,0
data/Split/Healthy/gpe_pv/pre_processed_data/Naive_mice_PV-DIO-ChR2_in_GPe/Neuron_0003,AG7094,2,081821,1.7,2,Naive mice,3,5,right,raw_data/Spike times files GPe to SNr project/Naive mice/PV-DIO-ChR2 in GPe/AG7094_mouse#2_Naive_recorded_081821/Trajectory2_1.7mm_right_rec5_1mW_10s_GPe_cells_rec_together/Ch5.txt,25.991817005107208,0.5916980126384656,0.6250537155536804,124.67091251421846,0.020057713293069653,0.08316633266533066,0.03208958333333365,1.5626934782608692,24.3179350750999,5.1267063642206185,35.6,0.5870317330075459,0.3,46.754421857168026,0.006387499999993907,0.03267482517482517,0.006387499999993907,1.0,34.85746204439779,1.7248323617396086,-0.5882627485041756,-0.016651236730476485,0.1,0.02916466444077446,0.17083533555922553,0.16382623224728485,0.17083533555922553,0.0,-0.6108012969357342,0.1015200306415951,data/Split/Healthy,-0.44171631869596234,0.5803368984739206,0.4991917770403164,0.3154050526799019,0.7050858980270963,0.6688633248084858,0.7290121867528093,0.022472013246651306,-0.4795238825880407,0.4972943038874439,0.6204707039492503,-0.13642449039873106,-0.4945498205664938,-0.11348524207236182,-0.8348776934891647,-0.7792210688987634,-0.7161038286483984,0.7360436647324773,0.681598652109077,-0.3960474291105448,0.9844931604415814,-0.8406228826362734,0.6481504428804763,0.6487126988086555,-0.21282796602172901,-0.04632740645049378,0.06628926337962751,-0.019760810983461833,0.002103280433120277,-0.005858434618577815,1
data/Split/Healthy/gpe_pv/pre_processed_data/Naive_mice_PV-DIO-ChR2_in_GPe/Neuron_0106,AG7518,5,022422,1.4,4,Naive mice,106,13cell2,left,raw_data/Spike times files GPe to SNr project/Naive mice/PV-DIO-ChR2 in GPe/AG7518_mouse#5_Naive_recorded_022422/Trajectory4_1.4mm_left_rec16_1mW_10s_GPe_cont_neurons_recorded_together/Ch13cell2.txt,16.56918001406168,0.6431359200911214,0.5080559648228605,79.00098211518429,0.021986121877709448,0.09891196834817013,0.04327500000000031,1.6871291666666663,15.265928366600129,5.174987083525703,16.3,0.5230464121157358,0.2,5.520621637777137,0.01154499999999956,0.05,0.00577249999999978,0.9055800000000005,15.778311005596061,0.8138776449492985,-0.9740890688259111,-1.0,-0.1,-0.1,-0.1,-0.1,-0.1,0.08942981625307735,-0.9637770155829471,-0.1,data/Split/Healthy,-1.2760539285821997,-1.5553995123211926,-0.06046807309956236,-0.04651981944664552,-0.06396803047747593,-0.07785045422922851,-0.0564954920854261,0.5947635572505057,-1.2513325234309103,-0.07557052409428686,-0.6320470138523283,-0.5368248226873391,-0.7253875887728573,-0.9213459947562752,-0.42538595551634417,-0.4996998252314456,-0.7798239689803178,-0.11195489516778727,-0.575201616138959,-0.8084680438260385,-1.5097283447715175,-1.808906504856422,0.4849320498355805,-0.5613019697606366,0.040956289196880734,0.015940924173248633,0.03207122386632131,-0.02820762017649481,-0.004718326239029314,0.002120849654643854,2
data/Split/Healthy/gpe_pv/pre_processed_data/Naive_mice_PV-DIO-ChR2_in_GPe/Neuron_0057,AG7094,3,081921,1.7,2,Naive mice,57,13cell2,right,raw_data/Spike times files GPe to SNr project/Naive mice/PV-DIO-ChR2 in GPe/AG7094_mouse#3_Naive_recorded_081921/Trajectory2_1.7mm_right_rec3_1mW_10s_GPe_neurons_recorded_together/Ch13cell2.txt,16.237887664883413,0.7173724640670667,0.7570719329286479,97.38749048692767,0.03310035967443303,0.15916398713826366,0.04372155172413803,1.2934544642857144,14.12080442685869,6.896738142034622,21.0,0.6180015940728347,0.4,56.28276135450708,0.013520000000011124,0.07862663906142167,0.013520000000011124,1.0,19.56644794148348,3.6190236526624586,0.040280768528611496,0.06442203009503092,-0.06666666666666668,-0.12390291167546982,-0.0450209643606011,-0.07628361858190709,-0.07349732620322733,-0.12434647590858468,0.040987931401167146,-0.12347485779723821,data/Split/Healthy,0.917489800972909,0.7564200282534667,0.032808568590417406,-0.11349679251471954,0.09214839080325661,-0.010725405127951207,0.020370599756409653,-0.7732630074737257,0.9456635506062353,-0.14230294930827309,-0.327029745786659,0.057375313816377525,-0.2637120523601303,0.07319586607658529,-0.26857622551146404,-0.03784279733947708,0.02289438423428856,0.7360436647324773,-0.3256658004466789,0.4615182897911111,0.7650228739952127,1.297668389060877,-0.7149149817354199,0.18703707479001314,-0.22782997359089482,-0.06703504012861111,0.06759940341615679,-0.0037094760194934314,0.02559182180257874,0.0010270122316715091,1
data/Split/Healthy/gpe_pv/pre_processed_data/Naive_mice_PV-DIO-ChR2_in_GPe/Neuron_0044,AG6927,4,052021,1.4,1,Naive mice,44,5,right,raw_data/Spike times files GPe to SNr project/Naive mice/PV-DIO-ChR2 in GPe/AG6927_mouse#4_Naive_recorded_052021/Trajectory1_1.4mm_right_in_SNr_1mW_10s_GPe_stim_neurons_recorded_together/Neuron_recorded_in_Ch5.txt,34.50814053897729,0.5475208422222879,0.13071265355673214,151.09756788897516,0.00303335051660087,0.013257575757575758,0.02320624999999965,7.503008333333334,34.15424805751811,4.42397582972743,37.0,0.4179653925194099,0.0,0.0,0.0,0.0,0.0,1.0,37.0,0.0,-0.8097979458849023,-0.1899235929694443,0.0,0.0,0.0,0.0,0.0,0.0,-0.8097979458849023,0.0,data/Split/Healthy,-0.9207794031796226,0.2040064508986329,0.21936185197037703,0.23368442502959813,0.21998824388259466,0.20518196930089944,0.23353596825423217,0.022472013246651306,-0.9146454080753174,0.20870137987369894,0.711326911458173,-1.194389316811491,-1.1870631251855843,-1.0295071035516852,-1.3420281493875708,-1.3063908009010003,-1.377912603239673,0.7360436647324773,0.822733982075078,-1.1769385204001805,-0.09001216667572035,-1.1098135606080661,0.3945802410262063,0.7048076928629805,0.13405207936123734,-0.12693490870095758,0.010686732397937824,-0.03054172473996987,7.74347592881234e-05,0.000257391059356304,1
data/Split/Healthy/gpe_pv/pre_processed_data/Naive_mice_PV-DIO-ChR2_in_GPe/Neuron_0120,AG7518,5,022422,1.7,2,Naive mice,120,2cell2,right,raw_data/Spike times files GPe to SNr project/Naive mice/PV-DIO-ChR2 in GPe/AG7518_mouse#5_Naive_recorded_022422/Trajectory2_1.7mm_right_rec6_1mW_10s_GPe_cont_neurons_recorded_together/Ch2cell2.txt,8.612916023660187,1.0255478237667928,0.670075060664265,62.11351470529288,0.04813999012047867,0.2827324478178368,0.07184268292682926,1.442783125,6.490203527116559,9.570349288089032,23.4,0.7180870032572487,1.3,142.64153449414445,0.022084999999999865,0.14045316282158388,0.013602333333331985,0.8365581249999992,19.422034698251004,5.338877795743753,-0.7072127005053834,-0.7045019119178048,-0.35333333333333333,-0.3708524799169537,-0.29233769065038717,-0.32333333333333336,-0.2396968564802088,0.031510499803468414,-0.7025519195908818,-0.33805402679872243,data/Split/Healthy,-0.69894194956016,-0.9136068446423014,-0.7693705499434088,-0.8054599644431151,-0.6101229710385131,-0.709956200113181,-0.4616603249835722,0.22411832473887192,-0.6801436975695142,-0.7522912385474742,-0.1712762471999343,0.6836788243112362,1.813827861497141,1.7651539950447275,0.4114619200491279,0.9596551781473659,0.03142493960542686,-0.7318495213234484,-0.3351787291123218,1.2401555698194318,-2.207916817870111,-0.2975638842781225,-0.22075906083876223,-0.11076173726096872,-0.28542644630295144,-0.06514879470482568,-0.10291886255644941,0.00885241489181641,0.03728573491784812,0.004219554753037832,2
data/Split/Healthy/gpe_pv/pre_processed_data/Naive_mice_PV-DIO-ChR2_in_GPe/Neuron_0121,AG7518,5,022422,1.7,2,Naive mice,121,5,right,raw_data/Spike times files GPe to SNr project/Naive mice/PV-DIO-ChR2 in GPe/AG7518_mouse#5_Naive_recorded_022422/Trajectory2_1.7mm_right_rec6_1mW_10s_GPe_cont_neurons_recorded_together/Ch5.txt,7.1235618830714555,0.8678071492778968,0.4595846376175133,46.908136117412994,0.043198402688059516,0.24731182795698925,0.09399444444444452,1.9663220588235295,5.603900314618976,8.370622866906297,26.1,0.7508434398754219,1.3,193.4700319122833,0.022202499999989557,0.168022502594871,0.01676687499999687,0.8499933333333388,22.48305154575757,8.174439978021676,-0.247578490812153,-0.14913368682034805,-0.30222222222222217,-0.3708613162484625,-0.2589248358823856,-0.20968233768070146,-0.25561285229969266,-0.013954418201282312,-0.22813895156159894,-0.2558196321562593,data/Split/Healthy,0.29500296227896017,0.2925980991617454,-0.6263463660187729,-0.8054847242190588,-0.5152450734819546,-0.3882870327514165,-0.5078217200864201,-0.0668270133273023,0.35719685791179,-0.518521959180797,0.003946438710131273,0.8886584653242742,1.813827861497141,2.7609959490613676,0.4207911065168996,1.4044539301529348,0.3593030519436681,-0.6111861309545421,-0.13354047030121985,2.523912354568875,-0.9853804917855258,1.13205893089049,-0.3755895522560601,0.27684071510637415,-0.2821713892042006,0.18633041747623036,-0.008956982553687083,-0.055955718715922954,-0.016691014507761778,-0.03411836845760674,1
data/Split/Healthy/gpe_pv/pre_processed_data/Naive_mice_PV-DIO-ChR2_in_GPe/Neuron_0024,AG6927,4,052021,1.7,2,Naive mice,24,12,right,raw_data/Spike times files GPe to SNr project/Naive mice/PV-DIO-ChR2 in GPe/AG6927_mouse#4_Naive_recorded_052021/Trajectory2_1.7mm_right_in_SNr_1mW_10s_GPe_stim_neurons_recorded_together/Neuron_recorded_in_Ch12.txt,51.637190437125476,0.65091863760376,0.866172226687266,265.7168988399405,0.011576724952839514,0.05419354838709677,0.013365384615384723,1.035345,49.41080313620412,5.377708557124126,50.2,0.5366007487284322,0.5,99.23909687062039,0.00973750000000564,0.0375317211524108,0.00973750000000564,1.0,48.85794292481684,2.195315884274531,0.06980531624045448,0.004184350493821128,-0.06666666666666668,-0.03885355944913206,-0.15490517664147765,-0.09946748319243826,-0.18763755230525278,-0.028353228083686354,0.072721229811715,-0.036191907317435414,data/Split/Healthy,0.98133573183198,0.6255897364673042,0.032808568590417406,0.12481510232302946,-0.21987472449943157,-0.07634325900308123,-0.31067196484228254,-0.15896985208814354,1.01505085579984,0.10581795586009653,1.5679711536851595,-0.45200597973972234,-0.03287428415376686,0.9148048702903292,-0.5688966324688546,-0.7008607858010817,-0.36901038130739655,0.7360436647324773,1.6038518535396404,-0.18304331375666563,0.5338177030696694,1.4621695992988464,-0.2461716105877676,-0.10204613285096671,0.31402335924559566,0.1558331741769136,-0.003354472241749707,-0.017598097028362954,0.00015303279538311928,-0.0031819008425731763,1
data/Split/Healthy/gpe_pv/pre_processed_data/Naive_mice_PV-DIO-ChR2_in_GPe/Neuron_0005,AG7094,2,081821,1.0,6,Naive mice,5,13cell1,left,raw_data/Spike times files GPe to SNr project/Naive mice/PV-DIO-ChR2 in GPe/AG7094_mouse#2_Naive_recorded_081821/Trajectory6_1.0mm_left_rec19_1mW_10s_GPe_cells_rec_together/Ch13cell1.txt,14.446091469327303,0.8598563462335943,0.9715955324503319,70.63330087145212,0.05068276958420164,0.2336283185840708,0.05216447368421031,0.9130736486486487,11.662145228721464,6.0566301899153885,11.1,0.7254666920367953,0.4,44.86348214936539,0.018954999999997568,0.12029411764705882,0.018954999999997568,1.0,9.793577785109123,5.537868370886403,0.04710118384031428,0.022228908288457867,0.1,0.12308229851069186,0.05109165052600493,0.04627594627594626,0.05109165052600493,0.0,0.052143109570903,0.08897733881052099,data/Split/Healthy,0.9322387403528154,0.6647807341460591,0.4991917770403164,0.5785662496554771,0.36506619122530565,0.33615790155721015,0.3817178283864389,0.022472013246651306,0.9700552082945901,0.46163895501041247,-0.9695129274568988,0.7298586324036755,-0.2637120523601303,-0.15053290606397593,0.16294827199203354,0.634412781739281,0.586014648797582,0.7360436647324773,-0.969433744266884,1.3302454654095024,1.4942231035857003,0.9143503393299016,0.2857752876675921,-0.2377342559943809,0.17519101136080487,-0.03411140578608298,-0.002077439107981439,-0.009402555832877423,0.03547930071021986,0.006174839947890121,1
data/Split/Healthy/gpe_pv/pre_processed_data/Naive_mice_PV-DIO-ChR2_in_GPe/Neuron_0009,AG7094,2,081821,1.0,6,Naive mice,9,5,left,raw_data/Spike times files GPe to SNr project/Naive mice/PV-DIO-ChR2 in GPe/AG7094_mouse#2_Naive_recorded_081821/Trajectory6_1.0mm_left_rec19_1mW_10s_GPe_cells_rec_together/Ch5.txt,18.741566454897193,0.8417404942272892,1.0483004429069371,82.83369683171694,0.055355377046183485,0.22373806275579808,0.05280487804878058,0.657829375,15.400886565974464,5.378501846427682,19.0,0.5737928069214571,0.6,33.964128209034975,0.02416749999999155,0.10067099567099566,0.017952499999996974,0.8497575000000068,17.38971154549993,2.1292513456637865,-0.09906389906389905,0.03769958248528389,-0.06666666666666665,0.01867850871734713,-0.0942761402659645,-0.07909754479097544,-0.034082402471657655,0.1300752895976664,-0.09074324829922735,0.0046568130814016225,data/Split/Healthy,0.6161612218013808,0.6983815108144013,0.03280856859041749,0.28602239926046996,-0.04771477162711244,-0.018689728673826827,0.13468627864684368,0.8548676441393339,0.6576231631516914,0.22193939108442956,-0.456824327942263,-0.21926959190220366,0.19796348405259656,-0.36407519979277303,0.5768068632045441,0.31781687348821963,0.482145639556286,-0.6133041814421719,-0.46905388311417723,-0.21295300863232258,0.43337127403678893,1.0748695612723917,0.9123003992559939,-0.051561605472882154,0.25960171625411155,-0.028495079356699905,-0.15370944555834418,0.002794949102756004,0.009414234547239312,0.014346349925547957,1
data/Split/Healthy/gpe_pv/pre_processed_data/Naive_mice_PV-DIO-ChR2_in_GPe/Neuron_0102,AG7518,5,022422,1.4,4,Naive mice,102,1,left,raw_data/Spike times files GPe to SNr project/Naive mice/PV-DIO-ChR2 in GPe/AG7518_mouse#5_Naive_recorded_022422/Trajectory4_1.4mm_left_rec16_1mW_10s_GPe_cont_neurons_recorded_together/Ch1.txt,51.54309707638376,0.45831996786842083,0.24583353136590028,222.09311706538614,0.004319295146098816,0.01685214626391097,0.01756999999999979,3.485014285714286,50.894312823901885,4.363810114380459,47.5,0.5096583584869685,0.6,113.62508776357049,0.012762499999995213,0.05132074084011773,0.012762499999995213,1.0,45.88125326549472,2.781464225292689,-0.22753354258294128,0.034136800339050574,-0.2,-0.22318244170106566,-0.1768175582989343,-0.18253968253968253,-0.1768175582989343,0.0,-0.2240960036441569,-0.20449566204998434,data/Split/Healthy,0.338349549370032,0.6906434998078672,-0.34029799816950174,-0.3916822495425058,-0.282096307077505,-0.3114645180953658,-0.2792905782170936,0.022472013246651306,0.3660370754460679,-0.37262233216772933,1.3927484677750939,-0.6206031181923362,0.19796348405259656,1.1966580433921674,-0.3287197042357659,-0.4783912308930217,-0.055590178859863816,0.7360436647324773,1.407768476731164,0.0823262536450267,-0.4031454615701792,1.090122081093092,-0.08912916925148577,0.46390421529100784,-0.08960979903585187,-0.04938677547580606,0.013279467495896775,-0.0027333275947813373,0.0032304622104932096,-0.0020906126400749626,1
data/Split/Healthy/gpe_pv/pre_processed_data/Naive_mice_PV-DIO-ChR2_in_GPe/Neuron_0029,AG6927,4,052021,1.7,2,Naive mice,29,6,right,raw_data/Spike times files GPe to SNr project/Naive mice/PV-DIO-ChR2 in GPe/AG6927_mouse#4_Naive_recorded_052021/Trajectory2_1.7mm_right_in_SNr_1mW_10s_GPe_stim_neurons_recorded_together/Neuron_recorded_in_Ch6.txt,27.67917292034831,0.6868893112585732,0.44939126208623237,94.40621798012062,0.021479237915640294,0.06734816596512327,0.04779629629629672,1.9300663461538456,26.38168998452564,3.5784749966926013,28.0,0.5796561773761285,0.3,26.454771983573913,0.012650000000002137,0.04217032967032967,0.012650000000002137,1.0,27.197407120964147,1.14111420076141,-0.042087882124748476,0.0611141097824577,0.1,0.12297139114831963,0.07702860885168036,0.10195918367346939,0.07702860885168036,-0.054786781208884174,-0.05360436576744415,0.12614377242634567,data/Split/Healthy,0.7393701147411056,0.7492355519827266,0.4991917770403164,0.5782554825186734,0.4387158117692178,0.49375951786345434,0.456943167386084,-0.32812707017654386,0.7388301950663354,0.5672926834871148,0.12725129175795497,-0.1825784345295421,-0.4945498205664938,-0.5111999891693225,-0.33765190404556844,-0.6260223131797,-0.06724630209070645,0.7360436647324773,0.17700811435469224,-0.6603167702029856,1.6342838752892925,0.5815851270873063,0.06551654264786116,0.0377571514412004,0.10904931259252892,0.0313050634212042,-0.046765994421864444,-0.007646316055246179,-0.01265961486616975,-0.002141395383193293,1
data/Split/Healthy/gpe_pv/pre_processed_data/Naive_mice_PV-DIO-ChR2_in_GPe/Neuron_0063,AG7094,3,081921,1.7,2,Naive mice,63,7,right,raw_data/Spike times files GPe to SNr project/Naive mice/PV-DIO-ChR2 in GPe/AG7094_mouse#3_Naive_recorded_081921/Trajectory2_1.7mm_right_rec3_1mW_10s_GPe_neurons_recorded_together/Ch7.txt,7.074706683574607,1.0239061459452625,0.6526482180419378,64.94127013419788,0.04656449241263801,0.3210332103321033,0.07134699999999981,1.3644770833333337,5.038086841283835,12.890065649930154,6.2,0.5782913726817975,0.2,12.367684123586969,0.0048599999999964895,0.025,0.0024299999999982448,0.9402825000000007,5.691948707168313,0.6537008152878376,-0.12533333333333335,-0.18961414676741956,-0.1,-0.1,-0.1,-0.1,-0.1,0.042569458057846836,-0.12329291415585794,-0.1,data/Split/Healthy,0.5593543741421888,0.20467853749245654,-0.06046807309956236,-0.04651981944664552,-0.06396803047747593,-0.07785045422922851,-0.0564954920854261,0.2948883269556059,0.5864508075546079,-0.07557052409428686,-1.2875096537381285,-0.19111895984851604,-0.7253875887728573,-0.7871969950514446,-0.9561571175806316,-0.9030453130662229,-1.1261403414381592,0.19971286616391415,-1.2396202171831185,-0.8809856183383235,0.0572630160049466,0.8918330695930339,0.20740384761090874,-0.24016661573470274,-0.014650407226215039,0.018794211018966257,0.01535023502519214,0.002925597791164157,-0.0008536369128380826,0.0010904750528308131,1
data/Split/Healthy/gpe_pv/pre_processed_data/Naive_mice_PV-DIO-ChR2_in_GPe/Neuron_0010,AG7094,2,081821,1.0,6,Naive mice,10,9,left,raw_data/Spike times files GPe to SNr project/Naive mice/PV-DIO-ChR2 in GPe/AG7094_mouse#2_Naive_recorded_081821/Trajectory6_1.0mm_left_rec19_1mW_10s_GPe_cells_rec_together/Ch9.txt,7.075606539487372,0.9486119138900376,0.5064967804839117,73.30676732855801,0.03118293474211045,0.2299349240780911,0.06156590909090871,1.8019195312500003,5.624051931386565,13.034511100341994,5.4,0.6342393326841704,0.0,0.0,0.0,0.0,0.0,1.0,5.4,0.0,0.1949096225412015,0.08934045063052745,0.1,0.1,0.1,0.1,0.1,0.0,0.18293969385889539,0.1,data/Split/Healthy,1.2518699655213783,0.810540377030046,0.4991917770403164,0.5138886695058418,0.5039445182426653,0.4882143928310274,0.5235674285938904,0.022472013246651306,1.2560520307760288,0.49297328384168476,-1.3394274866003701,0.1589860558580973,-1.1870631251855843,-1.0295071035516852,-1.3420281493875708,-1.3063908009010003,-1.377912603239673,0.7360436647324773,-1.258851744452733,-1.1769385204001805,1.83632312663035,1.230962845751881,0.32333656152767215,-0.3122203659301829,-0.032211384701724625,0.02778751590058347,0.010624204535465842,0.010637318496689798,0.0004523657353262266,0.0009882040451492512,1
data/Split/Healthy/gpe_pv/pre_processed_data/Naive_mice_PV-DIO-ChR2_in_GPe/Neuron_0098,AG7518,5,022422,1.7,5,Naive mice,98,5,left,raw_data/Spike times files GPe to SNr project/Naive mice/PV-DIO-ChR2 in GPe/AG7518_mouse#5_Naive_recorded_022422/Trajectory5_1.7mm_left_rec21_1mW_10s_GPe_cont_neurons_recorded_together/Ch5.txt,26.626887556130292,0.5907429631271615,0.38183873168446886,124.68162654357526,0.011272515757211759,0.04780114722753346,0.029521666666666925,2.7301089285714286,25.643154648690718,4.862179722101439,29.7,0.4883977541599312,0.3,32.627787277226545,0.013380000000005055,0.042752100840336135,0.013380000000005055,1.0,28.755379208574745,1.1440774907980982,-0.11530773225745679,0.04729383201514767,0.5,0.49049704680583667,0.5434687242720214,0.557358251504593,0.5434687242720214,-0.09320404762480126,-0.16416653840540238,0.522893628723679,data/Split/Healthy,0.5810344296457752,0.7192192733871169,1.6185114773200737,1.6080779692101796,1.7632017856376312,1.7826865362794948,1.8097662457496866,-0.5739721097252644,0.49707747473934755,1.695141053973792,0.23757668659021833,-0.7536453991179283,-0.4945498205664938,-0.3902570550976205,-0.27969185194260654,-0.6166361221247214,0.008388986434385072,0.7360436647324773,0.2796363567565579,-0.6589751866138284,4.072565032267999,-1.0127467700743102,0.6928590153431804,-0.16966363015321365,-0.11343990970438152,0.032248265273981516,-0.006767435626484806,0.00017394284198738038,-0.04700276079494665,-0.0028203038605811932,0
data/Split/Healthy/gpe_pv/pre_processed_data/Naive_mice_PV-DIO-ChR2_in_GPe/Neuron_0048,AG7094,3,081921,1.0,6,Naive mice,48,4,left,raw_data/Spike times files GPe to SNr project/Naive mice/PV-DIO-ChR2 in GPe/AG7094_mouse#3_Naive_recorded_081921/Trajectory6_1.0mm_left_rec19_1mW_10s_GPe_neurons_recorded_together/Ch4.txt,59.48562573627141,0.8512124491934476,1.8456550544202828,265.78997762359825,0.03529978623884473,0.13591433278418452,0.01912588495575211,0.46818191964285727,53.28150224376583,4.988409981527817,38.9,0.7921681653631519,1.8,162.7386441354963,0.0504424999999884,0.24452608605926685,0.0347364583333326,0.7240273333333361,32.85131739613906,7.271213832436805,-0.015222764939588334,-0.050831642078577564,-0.4314285714285714,-0.40840350059192954,-0.2273390840181575,-0.3067237145992434,-0.06967566426410751,0.16148299363429994,0.036221181639180824,-0.4041879544910586,data/Split/Healthy,0.7974651084753043,0.5061004332802718,-0.9879043961885041,-0.9106795182185492,-0.42555534925967603,-0.662945593670972,0.03145462168768375,1.055856130863666,0.9352406844976637,-0.9402914139672892,0.8346317645059966,1.1472558058768088,2.968016702528958,2.1589005339339207,2.6629717522443452,2.6387489378951487,2.2211312986383147,-1.7425035064724363,0.5494479538443449,2.114990730559144,-1.1019051062922656,2.0858171541859143,0.6310409524737792,-0.1003319290141031,-0.7621306840324142,-0.28404952378955656,-0.2346787915538697,0.005522911949867908,-0.048588674367754756,-0.013595413855068452,1
data/Split/Healthy/gpe_pv/pre_processed_data/Naive_mice_PV-DIO-ChR2_in_GPe/Neuron_0105,AG7518,5,022422,1.4,4,Naive mice,105,13cell1,left,raw_data/Spike times files GPe to SNr project/Naive mice/PV-DIO-ChR2 in GPe/AG7518_mouse#5_Naive_recorded_022422/Trajectory4_1.4mm_left_rec16_1mW_10s_GPe_cont_neurons_recorded_together/Ch13cell1.txt,29.352523645088493,0.8214876783965597,1.2127787547384414,125.64191570975834,0.04311961112413046,0.16638749302065886,0.035554391891891295,0.786370547945206,25.571253321115748,4.913404678761213,23.1,0.6234493783935983,0.9,64.39912287603693,0.037072500000003575,0.14292522336000596,0.027410833333332597,0.874747499999998,20.39603745331924,3.032653205908935,-0.5887995986890522,-0.42000024447317064,-0.5,-0.4388159465266397,-0.5723328228687936,-0.4769230769230769,-0.5723328228687936,0.09171659120925456,-0.6120359794918959,-0.4069092282123399,data/Split/Healthy,-0.44287724079102164,-0.29569731672144656,-1.1797877733793198,-0.9958964825766499,-1.4051867168754537,-1.1446649736889414,-1.4264092759153193,0.6093974011438724,-0.4822236112526519,-0.9480272305869559,-0.19074543452327472,0.09146586180251083,0.8904767886716871,0.23221322302527533,1.6014294281174632,0.9995389567004441,1.462123407543233,-0.3888656725256262,-0.27101827871520767,0.1960481674636658,-3.0324475838329845,0.8152966178763984,-0.18554673144014477,0.31890633474724056,0.382654680551551,0.19997210843773006,-0.08897970772954203,0.03939290609095853,-0.047090909647192467,-0.024437727194631442,2
data/Split/Healthy/gpe_pv/pre_processed_data/Naive_mice_PV-DIO-ChR2_in_GPe/Neuron_0034,AG6927,4,052021,1.7,5,Naive mice,34,4,left,raw_data/Spike times files GPe to SNr project/Naive mice/PV-DIO-ChR2 in GPe/AG6927_mouse#4_Naive_recorded_052021/Trajectory5_1.7mm_left_in_SNr_1mW_10s_GPe_stim_neurons_recorded_together/Neuron_recorded_in_Ch4.txt,35.21715219397245,0.986296468692535,2.3790844964529443,173.33902243045688,0.0598444464083998,0.26403425309229306,0.025154401408450967,0.3942070921985813,27.568435477921213,6.287590116213858,31.6,0.5406875425569597,0.7,73.69282564067706,0.02801999999999367,0.10361471861471863,0.020419999999995043,0.8275575000000032,28.936187898590028,2.6122582857565844,-0.1755506078254718,-0.054518181872746506,-0.27999999999999997,-0.3051899153460567,-0.30711997465640656,-0.3092391304347826,-0.3272203694825017,0.11999835767546682,-0.15143703731734828,-0.2975575974204635,data/Split/Healthy,0.4507610548999101,0.49809363288315395,-0.5641619382254531,-0.6214706714835077,-0.6520981939673304,-0.6700650360721593,-0.715506047884693,0.7903819594963346,0.5249115109473689,-0.6371712677148468,0.36088153963804226,-0.42643208897649115,0.42880125225896,0.41429728199425614,0.8826850833769979,0.3653103681596744,0.7378032757683015,-0.8126853298195187,0.2915467614517479,0.005720889722138781,-1.2255481369125347,1.6266839735450949,0.3385771558661722,0.1508524086301928,0.09911090084507498,0.010423825382995851,0.10019779407049852,-0.01605238226185195,0.03752536553121417,0.004394179963546683,1
data/Split/Healthy/gpe_pv/pre_processed_data/Naive_mice_PV-DIO-ChR2_in_GPe/Neuron_0086,AG7094,1,081321,1.4,1,Naive mice,86,13,right,raw_data/Spike times files GPe to SNr project/Naive mice/PV-DIO-ChR2 in GPe/AG7094_mouse#1_Naive_recorded_081321/Trajectory1_1.4mm_right_1mW_GPe_stim_neurons_recorded_together/Neuron_recorded_in_Ch13.txt,10.568616212327726,2.6141660770531003,1.3809658517441563,78.86465363057081,0.09862879250389207,0.5973333333333334,0.07142015306122462,0.5786360824742267,4.72128400164776,16.70406897849113,11.2,0.7050850349375312,0.5,33.00651170012186,0.022412500000002923,0.12208333333333332,0.019997500000003044,0.90471,9.638036685299179,3.0808141375444977,0.4546609404627889,-0.015264267220305725,-0.033333333333333326,0.031476204184676906,-0.060921512173853554,-0.08948106591865357,-0.02741762107476444,0.006297407616582951,0.48274810403436097,-0.06184036729808644,data/Split/Healthy,1.8135742411103974,0.5833492592905298,0.12608521028039726,0.32188208515507183,0.046997787629903275,-0.04807846016925709,0.15401624146069895,0.06277124765318376,1.911606249796002,0.03290659033463299,-0.9630231983491186,0.6023165311624147,-0.03287428415376686,-0.382837011451095,0.43746454616395175,0.6632796646921619,0.6940280574106052,-0.11976848071230795,-0.979679697850834,0.21785228205280155,1.2650919393545748,2.26010490658945,-0.05710120397585715,-0.8241755811906674,0.018867975918777494,-0.101539424298972,-0.07651908800683699,0.010550460229198498,0.003056405653365696,-0.0026023722812696043,1
data/Split/Healthy/gpe_pv/pre_processed_data/Naive_mice_PV-DIO-ChR2_in_GPe/Neuron_0031,AG6927,4,052021,1.4,4,Naive mice,31,16,left,raw_data/Spike times files GPe to SNr project/Naive mice/PV-DIO-ChR2 in GPe/AG6927_mouse#4_Naive_recorded_052021/Trajectory4_1.4mm_left_in_SNr_1mW_10s_GPe_stim_neurons_recorded_together/Neuron_recorded_in_Ch16.txt,11.194154349204231,1.1287202503431208,0.9676020152814387,75.59444297763808,0.06870850155149967,0.3591654247391952,0.07100905172413781,0.9556157894736842,7.702852608154543,9.813824413258386,10.1,0.8577420084534586,0.6,36.248770864504856,0.03709999999999525,0.19585179526355997,0.03336499999999489,0.9184525000000008,8.167821312497189,4.95020401214772,-0.023330646279730947,-0.07589778164143442,0.06666666666666668,0.13081835231384717,0.049349984071035635,0.0793213969938108,0.0729704074539547,0.06884405141301254,-0.03410927804308507,0.14221620295676285,data/Split/Healthy,0.7799320632104431,0.4516592533631196,0.40591513535033663,0.6002430007668842,0.3601206200479958,0.42968724159043614,0.4451731066087358,0.4630283078848832,0.781457708418574,0.6129820877698636,-1.0344102185347008,1.557596618376516,0.19796348405259656,-0.31931402994081953,1.6036128547371105,1.8534467152549006,2.079034522279788,0.003654736926223071,-1.076527145159264,1.0641895445056062,1.3110784643954894,0.6630297541945114,0.7251725058863914,-0.38534891350935346,0.18538998208567573,0.09692194849348815,-0.10429681540863198,0.00486381139751501,-0.022361079494237966,0.023931088910535234,1
data/Split/Healthy/gpe_pv/pre_processed_data/Naive_mice_PV-DIO-ChR2_in_GPe/Neuron_0107,AG7518,5,022422,1.4,4,Naive mice,107,2,left,raw_data/Spike times files GPe to SNr project/Naive mice/PV-DIO-ChR2 in GPe/AG7518_mouse#5_Naive_recorded_022422/Trajectory4_1.4mm_left_rec16_1mW_10s_GPe_cont_neurons_recorded_together/Ch2.txt,39.710309766638424,0.48077993353100784,0.0983334125463601,168.3119922504658,0.0019088973710561772,0.007841518778373916,0.01941249999999961,9.26713,39.47427296279131,4.263840208257102,40.8,0.4071761073783656,0.1,19.108280254765393,0.0015700000000009595,0.007142857142857143,0.0015700000000009595,1.0,40.56220664431579,0.48226359627603566,-0.19931826110516146,0.06904991424079404,0.0,0.0,0.0,0.0,0.0,0.0,-0.20198372575688764,0.0,data/Split/Healthy,0.39936423206665994,0.7664713356270425,0.21936185197037703,0.23368442502959813,0.21998824388259466,0.20518196930089944,0.23353596825423217,0.022472013246651306,0.41438727700531586,0.20870137987369894,0.9579366175538204,-1.2619053235364588,-0.9562253569792208,-0.6551339051810315,-1.2173743387008007,-1.1911492329482067,-1.2152449279191364,0.7360436647324773,1.0573870993456567,-0.9586011594259023,0.7830355538479483,0.5846902809844141,0.27025990835115,0.3016745027333799,0.044587185528385545,-0.05340316155275566,0.008140903170235357,-0.007550901546578429,0.0006418810739135773,0.0005290494876842545,1
data/Split/Healthy/gpe_pv/pre_processed_data/Naive_mice_PV-DIO-ChR2_in_GPe/Neuron_0100,AG7518,5,022422,1.1,6,Naive mice,100,12,left,raw_data/Spike times files GPe to SNr project/Naive mice/PV-DIO-ChR2 in GPe/AG7518_mouse#5_Naive_recorded_022422/Trajectory6_1.1mm_left_rec28_1mW_10s_GPe_cont_neurons_recorded_together/Ch12.txt,14.486305794713262,0.8517152640304968,0.48372550105369416,60.20748112646586,0.03863439199205165,0.14411247803163443,0.07986842105263163,1.653788888888889,12.896912751855586,4.6683638390748445,10.4,0.5052239353694151,0.1,4.347826086955462,0.0069000000000016826,0.03333333333333333,0.0069000000000016826,1.0,10.144468313641259,0.6746376811592436,0.3703777216935112,0.04307363641558901,0.0,0.0,0.0,0.0,0.0,0.0,0.3755781995376001,0.0,data/Split/Healthy,1.6313143599212694,0.7100534252777577,0.21936185197037703,0.23368442502959813,0.21998824388259466,0.20518196930089944,0.23353596825423217,0.022472013246651306,1.6772709854726915,0.20870137987369894,-1.0149410312113603,-0.6483523654420115,-0.9562253569792208,-0.9443236366760124,-0.7941865610191648,-0.7685968171212972,-0.6630037117038194,0.7360436647324773,-0.9463195444008621,-0.8715067771470454,1.436807268706002,1.9430303600618053,0.049307719062808966,-0.570211720120759,-0.0936271282293897,0.06906855657739498,-2.521781304554334e-05,0.0011035212135459037,-0.0008298958075882189,0.0020811929097997,1
data/Split/Healthy/gpe_pv/pre_processed_data/Naive_mice_PV-DIO-ChR2_in_GPe/Neuron_0020,AG7094,2,081821,1.7,5,Naive mice,20,8,left,raw_data/Spike times files GPe to SNr project/Naive mice/PV-DIO-ChR2 in GPe/AG7094_mouse#2_Naive_recorded_081821/Trajectory5_1.7mm_left_rec15_1mW_10s_GPe_cells_rec_together/Ch8.txt,16.762163663128693,0.8996105390280386,1.2172221722090428,94.13073457437504,0.05505584640684923,0.2617246596066566,0.045230729166666934,0.7371989361702126,13.096109475961065,7.18768690405035,10.5,0.788392685921883,0.4,19.587572684796804,0.020474999999999,0.10113636363636362,0.017306249999998614,0.9380374999999986,9.399379690848638,2.1058947604221343,-0.8142527444586941,-0.8158016772719499,-0.3,-0.3,-0.3,-0.3,-0.3,0.044888164448068056,-0.7915662183009268,-0.3,data/Split/Healthy,-0.9304127687610135,-1.1553389444412083,-0.6201279232394411,-0.6069283083991327,-0.6318805791976171,-0.6439153012894844,-0.6365584127647426,0.3097265108605812,-0.8747803291380619,-0.6441143320302584,-1.00845130210358,1.1236300241855839,-0.2637120523601303,-0.6457435132884407,0.28363221609646244,0.32532503624878034,0.4151876872151613,0.17955022300591963,-0.9954007419389438,-0.22352734022693505,-2.30071430602896,-0.6722863864378423,-0.14742263084358553,-0.2268529536509292,-0.0007814134425223,-0.0018471720238984477,-0.0017333241370183863,-0.02702010217688024,-0.0026388796437561064,0.0015850503083385571,2
data/Split/Healthy/gpe_pv/pre_processed_data/Naive_mice_PV-DIO-ChR2_in_GPe/Neuron_0049,AG7094,3,081921,1.4,4,Naive mice,49,11,left,raw_data/Spike times files GPe to SNr project/Naive mice/PV-DIO-ChR2 in GPe/AG7094_mouse#3_Naive_recorded_081921/Trajectory4_1.4mm_left_rec11_1mW_10s_GPe_neurons_recorded_together/Ch11.txt,14.265823217817328,0.769568657543013,0.709490319891448,66.88972313402155,0.04468458720966295,0.18650088809946713,0.06298124999999957,1.3507953703703708,12.14806582501082,5.506203546930647,13.9,0.6520187420170946,0.4,38.252788054519876,0.019207499999997425,0.10130718954248366,0.019207499999997425,1.0,12.548591970082551,3.2042705408871504,-0.034614541532391435,0.08067940114408588,0.2,0.10213084987848453,0.2743670236577741,0.2505794392523365,0.2743670236577741,-0.02241213104218616,-0.0968276242139332,0.20363325241767544,data/Split/Healthy,0.7555309850583338,0.7917294328006672,0.7790217021102558,0.5198594013087723,0.9990706223338234,0.914403029084992,1.0292866536593301,-0.12095076917585053,0.6443192058055499,0.7875735036333593,-0.7878005124390531,0.2702440960707116,-0.2637120523601303,-0.2800509295983076,0.18299609823303506,0.32808111058633255,0.6121761698284018,0.7360436647324773,-0.7879527884497214,0.273745253260569,2.2606156275367715,0.2119447005119775,0.539669874367752,0.008216960402842574,-0.367189656664402,0.06814463686273689,0.061808851553299474,0.04109245447782785,0.06149472550932203,0.013098949437237245,1
data/Split/Healthy/gpe_pv/pre_processed_data/Naive_mice_PV-DIO-ChR2_in_GPe/Neuron_0022,AG6927,4,052021,1.0,3,Naive mice,22,2,right,raw_data/Spike times files GPe to SNr project/Naive mice/PV-DIO-ChR2 in GPe/AG6927_mouse#4_Naive_recorded_052021/Trajectory3_1.0mm_right_in_SNr_1mW_10s_GPe_stim_neurons_recorded_together/Neuron_recorded_in_Ch2.txt,14.951403775312702,0.8695303952720117,0.8657828466773502,71.11647402131503,0.049505296676309436,0.20935412026726058,0.0571798076923075,1.1004880000000001,12.436961247479761,5.718155151100607,17.6,0.7117347883880882,0.1,10.6856634016024,0.002807500000000118,0.011538461538461539,0.002807500000000118,1.0,17.36643773953752,0.4515505826783651,-0.530191016064348,-0.10804170038218544,-0.1,-0.1,-0.1,-0.1,-0.1,0.0,-0.5267198708524925,-0.1,data/Split/Healthy,-0.3161379745192463,0.3818458359830999,-0.06046807309956236,-0.04651981944664552,-0.06396803047747593,-0.07785045422922851,-0.0564954920854261,0.022472013246651306,-0.2956733575883395,-0.07557052409428686,-0.5476805354511857,0.6439286299083501,-0.9562253569792208,-0.8201514770361872,-1.1191201407869926,-1.120231344977257,-1.087027572372064,0.7360436647324773,-0.4705869977437131,-0.9725059998249365,-0.295825804633935,-0.05117490992701869,0.1340768640286904,0.5412802314335732,0.07552571228086827,-0.08859272678291079,0.0017720172062959537,-0.01722132174549213,0.0006596352248814992,0.0002155718487633179,1
data/Split/Healthy/gpe_pv/pre_processed_data/Naive_mice_PV-DIO-ChR2_in_GPe/Neuron_0013,AG7094,2,081821,1.4,4,Naive mice,13,7,left,raw_data/Spike times files GPe to SNr project/Naive mice/PV-DIO-ChR2 in GPe/AG7094_mouse#2_Naive_recorded_081821/Trajectory4_1.4mm_left_rec11_1mW_10s_GPe_cells_rec_together/Ch7.txt,39.21282786895315,1.0279383286178725,2.6371200028828143,200.0543000284638,0.061380196539149584,0.2681704260651629,0.023275465838509715,0.3448032812499996,30.573728581375534,6.543339962477787,27.4,0.790269434069624,1.3,114.3620951847798,0.036282499999990135,0.18032840722495894,0.02692124999999332,0.7532600000000003,23.374049464380874,5.3597966166433,-0.6828774672363084,-0.41814889370375835,-0.75,-0.7155795469142749,-0.7377436503249235,-0.7341176470588235,-0.6848926101201952,0.21656999232175195,-0.6350725184912052,-0.7054413153818073,data/Split/Healthy,-0.6463177523700537,-0.29167636566615585,-1.8793625860541685,-1.7713998380280733,-1.874881139908045,-1.8726089987320396,-1.752868070635772,1.4083764071456313,-0.5325947810399735,-1.796670078738968,0.08831291711127369,1.1353741331703324,1.813827861497141,1.2110976382600638,1.5387055361148114,1.6029951744037774,1.4113976860719395,-1.4799610447548364,-0.07484779467551538,1.2496262414296657,-4.625690472240822,1.496925690764158,0.1950392363455523,0.4644383783499558,0.05696372099756732,-0.06405414514484893,-0.09041806073010626,-0.0075864050729703356,0.0057300210843124165,-0.0008859888143027044,2
data/Split/Healthy/gpe_pv/pre_processed_data/Naive_mice_PV-DIO-ChR2_in_GPe/Neuron_0027,AG6927,4,052021,1.7,2,Naive mice,27,5cell1,right,raw_data/Spike times files GPe to SNr project/Naive mice/PV-DIO-ChR2 in GPe/AG6927_mouse#4_Naive_recorded_052021/Trajectory2_1.7mm_right_in_SNr_1mW_10s_GPe_stim_neurons_recorded_together/Neuron_recorded_in_Ch5cell1.txt,38.99717507659417,0.7186468555039677,1.3981061487127229,203.3604802189817,0.02640173664756621,0.1195049082373026,0.018883928571428614,0.6796728915662651,35.26795654844152,5.76615432594345,43.2,0.5868365030601469,0.9,134.47855541562873,0.0176675000000003,0.07759366318189849,0.009895833333334044,0.8330562500000006,40.779401771876955,3.8875062798760767,0.019529456546302778,0.10312864521400222,-0.08333333333333333,-0.0831279086383661,-0.10333730272668666,-0.12293047838460495,-0.12553630765813073,-0.042602940778287045,0.026024039090934155,-0.11918159025910036,data/Split/Healthy,0.8726157238832861,0.8404869741184929,-0.013829752254572438,0.0007564966805623412,-0.0734445109642924,-0.14275114292822802,-0.13055881810313064,-0.25015856767855194,0.9129438456079912,-0.13009839593516911,1.1136901161405455,-0.13764617897857587,0.8904767886716871,1.605223297718131,0.06072420749599686,-0.05450864374139052,-0.3526054671301561,-0.7633003257817148,1.0716943866052357,0.5830696337986522,0.5105269301509818,1.442076323381262,-0.266525251562085,0.17722478098919336,0.05260516243164196,-0.08468915117820217,0.03946552909396632,0.0029480603581708434,0.015032262333024352,0.012199158083821028,1
data/Split/Healthy/gpe_pv/pre_processed_data/Naive_mice_PV-DIO-ChR2_in_GPe/Neuron_0028,AG6927,4,052021,1.7,2,Naive mice,28,5cell2,right,raw_data/Spike times files GPe to SNr project/Naive mice/PV-DIO-ChR2 in GPe/AG6927_mouse#4_Naive_recorded_052021/Trajectory2_1.7mm_right_in_SNr_1mW_10s_GPe_stim_neurons_recorded_together/Neuron_recorded_in_Ch5cell2.txt,45.787976370341674,0.5303266217129027,0.16644120818008606,204.73683032642074,0.0030783301452906578,0.012359142130134497,0.018494999999999796,5.788536111111111,45.36171459601236,4.513427945786217,20.6,0.7316099232347939,0.5,63.15894250548458,0.013669999999994787,0.07829709050639283,0.013669999999994787,1.0,19.36210357147189,3.5112615542982413,0.12373878813014745,0.06859336552355053,0.16666666666666666,0.14014766392447636,0.13124489043668083,0.16770135746606335,0.06287193768894853,-0.18517552611984373,0.0736156448521168,0.15289724871207028,data/Split/Healthy,1.09796521421615,0.7654797568961385,0.6857450604202759,0.6263841278802822,0.5926663450545502,0.6798311856300217,0.4158843672773295,-1.1625286072953234,1.0170065632896572,0.6433452999021677,-0.3529886622177797,0.768301071680701,-0.03287428415376686,0.2079153644168642,-0.2566666257656248,-0.04315967424721124,0.038435881874675885,0.7360436647324773,-0.3391265701907436,0.4127306716677919,2.22986792900298,0.6983389996931361,-0.7102086675840676,-0.021017281031586142,0.03919031632724735,0.13388444314624176,0.07503395811475326,0.028103247858568648,-0.029127283191851934,-0.007706329608525576,1
data/Split/Healthy/gpe_pv/pre_processed_data/Naive_mice_PV-DIO-ChR2_in_GPe/Neuron_0011,AG7094,2,081821,1.4,4,Naive mice,11,10,left,raw_data/Spike times files GPe to SNr project/Naive mice/PV-DIO-ChR2 in GPe/AG7094_mouse#2_Naive_recorded_081821/Trajectory4_1.4mm_left_rec11_1mW_10s_GPe_cells_rec_together/Ch10.txt,25.33613793593351,0.6858084280130662,0.2104767429776408,100.11146392909666,0.008383551768727989,0.033229491173416406,0.03983124999999921,4.153007142857144,24.701315723143615,4.05287981624794,19.0,0.8070385471622586,0.5,31.476199715855966,0.02430750000000046,0.10093954248366013,0.021063750000000426,0.9120575000000002,17.463621014770506,2.1270974313443123,-0.17537263002321696,-0.06458212209523036,0.0,-0.035567793850071826,0.022599608435171614,0.015431279620853066,0.02308942321609917,-0.014672937207789848,-0.1798857064967813,0.004105736418042838,data/Split/Healthy,0.45114592645046236,0.4762357485067509,0.21936185197037703,0.13402195699513653,0.28416125001507225,0.24885749399351062,0.30050255959188865,-0.07142505868687961,0.4627063009762212,0.2203728349611763,-0.456824327942263,1.2403100522357249,-0.03287428415376686,-0.4128191859019689,0.5879224896359122,0.32214955929464467,0.8045022031494525,-0.05377960739238236,-0.46418524715566856,-0.21392815992284117,0.7799816622437157,0.4887702528617125,0.14497679628728377,0.05550044239892334,-0.12221618724524497,0.01375619100952732,0.012416063157438414,-0.014113766054702024,0.027116287927329882,0.007238641190972204,1
data/Split/Healthy/gpe_pv/pre_processed_data/Naive_mice_PV-DIO-ChR2_in_GPe/Neuron_0050,AG7094,3,081921,1.4,4,Naive mice,50,4,left,raw_data/Spike times files GPe to SNr project/Naive mice/PV-DIO-ChR2 in GPe/AG7094_mouse#3_Naive_recorded_081921/Trajectory4_1.4mm_left_rec11_1mW_10s_GPe_neurons_recorded_together/Ch4.txt,13.378960317953018,0.9477512020890501,0.9628797198526794,71.96840415611389,0.06569563625444812,0.2878787878787879,0.06822828947368374,0.9616114864864871,10.197363737388047,7.057549971689828,19.9,0.738226370109621,0.4,28.54545658405923,0.019864999999998644,0.11200000000000002,0.012809999999998923,0.9416674999999998,18.445879944097392,3.6927973144284403,-0.9746031746031747,-1.0,-0.3,-0.3,-0.3,-0.3,-0.3,0.04117564014329349,-0.9443736125147926,-0.3,data/Split/Healthy,-1.2771656665918647,-1.5553995123211926,-0.6201279232394411,-0.6069283083991327,-0.6318805791976171,-0.6439153012894844,-0.6365584127647426,0.28596881621745746,-1.208905485652919,-0.6441143320302584,-0.3984167659722413,0.8097047481853505,-0.2637120523601303,-0.47023888381434087,0.2351998437914129,0.5005969845988022,-0.05066870460615415,0.21215173510546356,-0.399480938072082,0.4949181705695348,-2.5926059672672643,-1.2148921996553828,-0.18284002718640613,-0.3333775763900161,-0.0030134628008172907,0.0013310203181687284,-0.005441058233940263,-0.042372719741577726,-0.003828903979808998,0.0022419209234992334,2
data/Split/Healthy/gpe_pv/pre_processed_data/Naive_mice_PV-DIO-ChR2_in_GPe/Neuron_0004,AG7094,2,081821,1.7,2,Naive mice,4,8,right,raw_data/Spike times files GPe to SNr project/Naive mice/PV-DIO-ChR2 in GPe/AG7094_mouse#2_Naive_recorded_081821/Trajectory2_1.7mm_right_rec5_1mW_10s_GPe_cells_rec_together/Ch8.txt,28.02324158065667,0.7718675906367918,1.2501074311073608,143.1823921836515,0.03428875398146132,0.15055762081784388,0.02742864583333283,0.7607744680851068,24.649323593164787,5.8087757111256275,30.8,0.6923546513144542,0.6,78.69260329115676,0.014105000000004253,0.06047252099233165,0.014105000000004253,1.0,29.386552545751528,2.821603100866448,-0.7552922842551325,-0.37811041343995216,-0.5,-0.5,-0.5,-0.5,-0.5,0.0,-0.7571036762683774,-0.5,data/Split/Healthy,-0.8029125779938028,-0.20471674022462294,-1.1797877733793198,-1.16733679735162,-1.1997931279177583,-1.2099801483497403,-1.216621333444059,0.022472013246651306,-0.799425322204238,-1.21265813996623,0.3089637067758006,0.5226537309795384,0.19796348405259656,0.5122539125856144,-0.2221287864981778,-0.3307380616909675,0.0835062250376886,0.7360436647324773,0.3212136165550426,0.10049850681304995,-3.0720374808013187,0.398642539125109,-0.6404515850910328,0.7433134186296758,0.035219893553863714,-0.0877965169710629,-0.02796229060713614,0.023090282115525534,0.004519596768434488,-0.00243575958331747,2
data/Split/Healthy/gpe_pv/pre_processed_data/Naive_mice_PV-DIO-ChR2_in_GPe/Neuron_0076,AG6926,5,051921,1.4,1,Naive mice,76,13cell1,right,raw_data/Spike times files GPe to SNr project/Naive mice/PV-DIO-ChR2 in GPe/AG6926_mouse#5_Naive_recorded_051921/Trajectory1_1.4mm_right_in_SNr_1mW_10s_GPe_stim_neurons_recorded_together/Neuron_recorded_in_Ch13cell1.txt,47.02910507920155,0.41687731269571465,0.09977886509024374,193.3780376431799,0.0015590447670349107,0.006364922206506365,0.01562499999999852,6.485500000000002,46.80273604464414,4.13176779790653,38.3,0.41733687720648777,0.3,27.8894161101173,0.007799999999997453,0.029182295573893475,0.005736249999998222,0.9036300000000012,37.45792498639492,0.8412525652874532,-0.46757731025388694,0.1822271337827947,-0.2,-0.2,-0.2,-0.2,-0.2,0.0929943066679512,-0.4597540106432774,-0.2,data/Split/Healthy,-0.1807377519308623,1.012281080528457,-0.34029799816950174,-0.32672406392288916,-0.34792430483754655,-0.3608828777593565,-0.34652695242508436,0.617573933124949,-0.14924733783539137,-0.3598424280622727,0.7956933898593154,-1.1983223710907376,-0.4945498205664938,-0.4830921582700046,-0.7227289625366825,-0.8355689111253712,-0.7835798309106485,-0.12946810414686974,0.8528988591478663,-0.7960744733602871,-0.7735470676783152,0.7616550677510621,0.5869784632385262,0.9543782524942336,0.15283602919224915,-0.12467418943704119,0.04444839515234526,-0.008620577694088466,-0.00038570647921178243,-5.3601917088737556e-05,1
data/Split/Healthy/gpe_pv/pre_processed_data/Naive_mice_PV-DIO-ChR2_in_GPe/Neuron_0035,AG6927,4,052021,1.7,5,Naive mice,35,9,left,raw_data/Spike times files GPe to SNr project/Naive mice/PV-DIO-ChR2 in GPe/AG6927_mouse#4_Naive_recorded_052021/Trajectory5_1.7mm_left_in_SNr_1mW_10s_GPe_stim_neurons_recorded_together/Neuron_recorded_in_Ch9.txt,31.192453046749858,0.6360482480017388,0.5401290570865777,114.84673825110725,0.01875091779742104,0.06385281385281386,0.03471562499999967,1.5334283333333338,29.75873066112546,3.859261994703769,32.8,0.6743230745091136,0.4,55.31296821459732,0.013760000000002038,0.058524533349217776,0.013760000000002038,1.0,31.38943206911596,1.966799693417883,0.06649192064110662,-0.021700837584091942,-0.2,-0.21903652937653248,-0.1919033232628463,-0.20780669144981415,-0.1919033232628463,0.0,0.07431980682877179,-0.2174787114563758,data/Split/Healthy,0.9741706152513842,0.5693696640542716,-0.34029799816950174,-0.3800652272369001,-0.3249332832277463,-0.3829783457672846,-0.32304404264533604,0.022472013246651306,1.018546267777598,-0.40952949390838256,0.4387582889314044,0.4098177047798158,-0.2637120523601303,0.05419548746033635,-0.24952086591676728,-0.36216654273928284,0.04776078046067515,0.7360436647324773,0.45314923135853075,-0.28650047377621873,-0.15510793875677226,1.7890976122349305,-0.24562651870111107,-0.06330144563707985,-0.11887606666395954,-0.015003331694569265,0.01214054309064187,0.008218493503783713,0.02327044230248773,0.0019713488671589943,1
data/Split/Healthy/gpe_pv/pre_processed_data/Naive_mice_PV-DIO-ChR2_in_GPe/Neuron_0043,AG6927,4,052021,1.4,1,Naive mice,43,2,right,raw_data/Spike times files GPe to SNr project/Naive mice/PV-DIO-ChR2 in GPe/AG6927_mouse#4_Naive_recorded_052021/Trajectory1_1.4mm_right_in_SNr_1mW_10s_GPe_stim_neurons_recorded_together/Neuron_recorded_in_Ch2.txt,29.37766888687555,0.601945293446163,0.42481612405937946,127.21559707027156,0.012532075659751745,0.05116796440489433,0.029500000000000116,1.41653125,28.228231706459486,4.506679638780233,30.6,0.5266395462252752,0.1,18.72074882997089,0.0016024999999984858,0.008108108108108109,0.0016024999999984858,1.0,30.35537234177692,0.5417867302932615,-0.6919240699803139,-0.1754400552101093,0.0,0.0,0.0,0.0,0.0,0.0,-0.702037582602141,0.0,data/Split/Healthy,-0.6658807539421852,0.23546326470179346,0.21936185197037703,0.23368442502959813,0.21998824388259466,0.20518196930089944,0.23353596825423217,0.022472013246651306,-0.6790190600626153,0.20870137987369894,0.29598424856024025,-0.5143401016393704,-0.9562253569792208,-0.6627264973471043,-1.214793925422451,-1.175576048089721,-1.2118776034302754,0.7360436647324773,0.3850326500671959,-0.9316529839911538,0.05091682425100358,-0.8258739501089662,0.35863626286851613,0.5696571104863106,0.11059193795219435,-0.10403897233326162,0.009813471123536434,-0.011427876633452967,0.0011738383633838716,-0.00036711380046213263,1
data/Split/Healthy/gpe_pv/pre_processed_data/Naive_mice_PV-DIO-ChR2_in_GPe/Neuron_0025,AG6927,4,052021,1.7,2,Naive mice,25,2,right,raw_data/Spike times files GPe to SNr project/Naive mice/PV-DIO-ChR2 in GPe/AG6927_mouse#4_Naive_recorded_052021/Trajectory2_1.7mm_right_in_SNr_1mW_10s_GPe_stim_neurons_recorded_together/Neuron_recorded_in_Ch2.txt,5.730062422700375,1.262416737910566,0.5330290625767791,36.8094244146273,0.05687336811903212,0.31976744186046513,0.10669843750000012,1.802655,4.132822558852983,8.906606535956222,8.4,0.6474224286801032,0.2,9.873885737437627,0.01411250000000237,0.06636363636363636,0.01411250000000237,1.0,7.806362502908641,1.3105551053482327,0.19167157342546726,0.0786749297755073,0.5,0.5101371336380733,0.5042095416276908,0.5194029850746269,0.5042095416276908,0.0,0.13063194633560452,0.5260777981576434,data/Split/Healthy,1.2448677834056967,0.7873759189242318,1.6185114773200737,1.6631103261329268,1.6517228732565747,1.6752608258454447,1.695902265008921,0.022472013246651306,1.1416771052819241,1.7041927530492893,-1.144735613366964,0.24148178993887695,-0.7253875887728573,-0.8360559852623229,-0.22153330651097053,-0.23569186955777333,0.08428329991959747,0.7360436647324773,-1.1003375090443035,-0.5836050294988289,4.202206785221451,-0.11685402738767638,1.104456604552857,-0.6609967493920899,0.02558489080584129,0.09727643113561855,0.013140608769400621,0.03904074594000264,-0.018030035239545713,0.00512458734992607,0
data/Split/Healthy/gpe_pv/pre_processed_data/Naive_mice_PV-DIO-ChR2_in_GPe/Neuron_0064,AG7094,3,081921,1.7,2,Naive mice,64,9,right,raw_data/Spike times files GPe to SNr project/Naive mice/PV-DIO-ChR2 in GPe/AG7094_mouse#3_Naive_recorded_081921/Trajectory2_1.7mm_right_rec3_1mW_10s_GPe_neurons_recorded_together/Ch9.txt,15.987332136189703,0.8176865306678252,0.7625118665909238,84.27755778476002,0.036781666164679754,0.18282988871224165,0.04823750000000008,1.179456896551724,13.563248873082692,6.213670380406814,16.4,0.6200883608296972,0.4,27.259589691340217,0.01878250000000605,0.09161490683229814,0.01878250000000605,1.0,15.42832270295142,2.441674298405418,-0.6576587301587301,-0.6463885711123745,-0.4,-0.4,-0.4,-0.4,-0.4,0.0,-0.6251357962879988,-0.4,data/Split/Healthy,-0.5917830052327658,-0.7873904069478711,-0.8999578483093805,-0.8871325528753764,-0.9158368535576878,-0.9269477248196124,-0.9265898731044008,0.022472013246651306,-0.5108673713261199,-0.9283862359982442,-0.6255572847445483,0.07043365424838596,-0.2637120523601303,-0.4954318417827115,0.14925223228350032,0.17170757066743833,0.568141926510069,0.7360436647324773,-0.5982563837097433,-0.071508363968835,-2.520140234934845,0.1309360272988288,-0.5973113146735363,-0.003964995525975778,-0.034928508621888434,-0.01468068222832107,-0.029033631312502826,-0.03146529240644031,-0.0012745958321254305,0.0014712145906318392,2
data/Split/Healthy/gpe_pv/pre_processed_data/Naive_mice_PV-DIO-ChR2_in_GPe/Neuron_0067,AG7094,3,081921,1.7,5,Naive mice,67,10,left,raw_data/Spike times files GPe to SNr project/Naive mice/PV-DIO-ChR2 in GPe/AG7094_mouse#3_Naive_recorded_081921/Trajectory5_1.7mm_left_rec15_1mW_10s_GPe_neuron_recorded_together/Ch10.txt,3.902222545282041,0.8805625891014294,0.30605667021819927,35.14375941210919,0.03570788676158254,0.2549019607843137,0.11667083333333349,3.021147727272727,3.0152049645085253,11.655512585638629,16.8,0.6185071583014957,0.7,55.035692099402084,0.027640000000002374,0.12706349206349205,0.02098000000000013,0.8116449999999986,14.553505237663959,3.1921517591277015,-0.0862726386516709,0.07301960986130365,-0.2333333333333333,-0.2207134815872492,-0.2486537931433055,-0.19426724137931034,-0.21560316263421048,0.17800349873587543,-0.06397180378710048,-0.145475855100795,data/Split/Healthy,0.6438219309797267,0.7750931225181016,-0.43357463985948147,-0.38476411850916664,-0.48607980318213223,-0.34465731210008616,-0.39178103287225685,1.1615764126268397,0.716160991990157,-0.20484560323503917,-0.5995983683134274,0.06053897826828161,0.42880125225896,0.048763039082280864,0.8525140973516102,0.7436286467925818,0.7958248669659272,-0.9555976056553256,-0.655883204882516,0.2682586628398672,-0.5802016705024888,1.7141516745662804,0.8957856926815825,0.11568693468482912,0.1317402661267918,0.16442170243280735,-0.05643707561794959,-0.036605860112189186,0.008109905566053774,-0.008205623659577124,1
data/Split/Healthy/gpe_pv/pre_processed_data/Naive_mice_PV-DIO-ChR2_in_GPe/Neuron_0083,AG7094,1,081321,1.7,3,Naive mice,83,8,right,raw_data/Spike times files GPe to SNr project/Naive mice/PV-DIO-ChR2 in GPe/AG7094_mouse#1_Naive_recorded_081321/Trajectory3_1.7mm_right_1mW_GPe_stim_neurons_recorded_together/Neuron_recorded_in_Ch8.txt,28.719864572996322,0.7881385930733552,1.1934180400703078,130.19856021771704,0.03921870034181005,0.15989159891598917,0.03286249999999963,0.8189983333333338,25.1126864296308,5.184573167134122,28.9,0.7339547101826887,0.9,64.82283054353344,0.026124999999998975,0.11718803418803418,0.016466874999999704,0.8359216666666658,26.246667515090934,2.944724445048616,-0.45742054157585094,-0.1438137257445448,-0.09333333333333334,0.007846927357872957,-0.09843348316168017,-0.04950924245361151,-0.012218522911323148,0.13959845822448816,-0.46057745913748976,0.03473641372791336,data/Split/Healthy,-0.15877405050185286,0.30415252928664666,-0.0418127447615664,0.2556718485473257,-0.05951980762615975,0.0650547605130358,0.1980984078225859,0.9158096107629694,-0.15104787149690746,0.3074472445482351,0.1856588537279767,0.7829740226012805,0.8904767886716871,0.2405145872788837,0.7322271399052631,0.584299791817848,0.32822005665980164,-0.7375656381430122,0.11438007659423788,0.15623978518429524,-0.08049436853231942,0.024140305235469672,1.059553595379219,0.13969103747940972,0.25075523569688746,0.027646760698034598,-0.239749229066245,-0.0028299779435710095,-0.027961696463450817,0.0014598678809652815,1
data/Split/Healthy/gpe_pv/pre_processed_data/Naive_mice_PV-DIO-ChR2_in_GPe/Neuron_0039,AG6927,4,052021,1.4,1,Naive mice,39,1,right,raw_data/Spike times files GPe to SNr project/Naive mice/PV-DIO-ChR2 in GPe/AG6927_mouse#4_Naive_recorded_052021/Trajectory1_1.4mm_right_in_SNr_1mW_10s_GPe_stim_neurons_recorded_together/Neuron_recorded_in_Ch1.txt,41.56662383104082,0.6868516889628591,0.22874714372428126,191.89815203495093,0.004405016424861708,0.018081761006289308,0.019257142857142133,4.042862500000001,40.99561241914321,4.680943659847429,44.1,0.4430541308220457,0.4,48.41669181061309,0.007547499999998308,0.03001114222044455,0.0055925000000002,0.9179650000000038,43.17617327010363,1.2779481636600298,-0.24633042673341624,0.1004085079664224,0.16666666666666669,0.16659475079836103,0.21411312465680737,0.20136986301369864,0.2453146853147059,-0.023410599861421733,-0.272313225343952,0.1865827007414215,data/Split/Healthy,0.29770186265353743,0.8345791046229333,0.685745060420276,0.7004899878412265,0.8279758955739986,0.7751239728478694,0.9450257325001109,-0.12734030776757685,0.2606064002484554,0.739103575746227,1.1720976781105672,-1.037391758417389,-0.2637120523601303,-0.08091772104327977,-0.7427767887776274,-0.8221964489256367,-0.7984737661507703,-0.0007235653185218687,1.2295768340880626,-0.5983673164568714,1.9251462708705807,-0.16512627971252158,0.5595266401388123,0.30637091296628133,-0.10420358601840313,-0.09184904879701772,-0.05715231101094543,0.008732507532952164,-0.0027649633425400814,0.004791557920327427,1
data/Split/Healthy/gpe_pv/pre_processed_data/Naive_mice_PV-DIO-ChR2_in_GPe/Neuron_0061,AG7094,3,081921,1.7,2,Naive mice,61,3,right,raw_data/Spike times files GPe to SNr project/Naive mice/PV-DIO-ChR2 in GPe/AG7094_mouse#3_Naive_recorded_081921/Trajectory2_1.7mm_right_rec3_1mW_10s_GPe_neurons_recorded_together/Ch3.txt,4.333584167798468,0.970148063858715,0.33937707338180767,26.1959034821157,0.05280119878424694,0.27710843373493976,0.15558269230769242,1.7477437499999997,3.3073431285812327,7.920527887093797,16.1,0.6022640961471939,0.2,17.62306926560602,0.006859999999997512,0.029166666666666664,0.006859999999997512,1.0,15.62600259903353,0.9583117036034817,-0.992,-1.0,-0.2,-0.2,-0.2,-0.2,-0.2,0.0,-0.9911815245816195,-0.2,data/Split/Healthy,-1.3147857691009204,-1.5553995123211926,-0.34029799816950174,-0.32672406392288916,-0.34792430483754655,-0.3608828777593565,-0.34652695242508436,0.022472013246651306,-1.3112545966100322,-0.3598424280622727,-0.6450264720678887,-0.041105076857484296,-0.7253875887728573,-0.6842324520336804,-0.797362454285399,-0.8358210650937602,-0.6671481110754729,0.7360436647324773,-0.5852346226304388,-0.743077764640818,-1.9783858074625464,-1.6430963809736792,-0.22762999416191387,-0.3267954105503883,-0.005737166933037368,-0.001965359651024826,-0.017085887360413124,-0.011330223036860468,-0.0003866261985986401,0.0003442873095085019,2
data/Split/Healthy/gpe_pv/pre_processed_data/Naive_mice_PV-DIO-ChR2_in_GPe/Neuron_0021,AG7094,2,081821,1.7,5,Naive mice,21,9,left,raw_data/Spike times files GPe to SNr project/Naive mice/PV-DIO-ChR2 in GPe/AG7094_mouse#2_Naive_recorded_081821/Trajectory5_1.7mm_left_rec15_1mW_10s_GPe_cells_rec_together/Ch9.txt,61.74866644435456,0.4643083870173392,0.5832522908501663,230.8132768576202,0.013521943599503386,0.04435318275154004,0.02318369565217376,1.0745147727272728,59.818782763604624,3.858541852477367,57.8,0.36757706520447475,0.1,22.22222222222138,0.0018000000000000683,0.006349206349206349,0.0018000000000000683,1.0,57.50814663951121,0.3698681732579895,-0.7702733370175348,-0.07354309042575724,0.4,0.35137963843959363,0.4368974583698371,0.48086124401913877,0.4368974583698371,-0.1897047529655292,-0.8555268862809516,0.48178481627651487,data/Split/Healthy,-0.8353086461131041,0.45677341016419215,1.3386815522501345,1.218265086162618,1.4605859894434245,1.5661752020653903,1.5006760469511211,-1.191512656835645,-1.0146352642317815,1.57828025013161,2.0611905658764544,-1.5097038720745808,-0.9562253569792208,-0.5941249395203791,-1.199112952421929,-1.2039538516096282,-1.191414631534706,0.7360436647324773,2.173666428984756,-1.0094864434009791,2.8105120301795306,-2.546292642484664,0.14647458187752965,0.809400961410564,-0.06055111829605006,0.10295788666178021,-0.08475988850734012,-0.0004180664642495532,0.014929090502867037,0.006283013279690661,0
data/Split/Healthy/gpe_pv/pre_processed_data/Naive_mice_PV-DIO-ChR2_in_GPe/Neuron_0084,AG7094,1,081321,1.4,1,Naive mice,84,10,right,raw_data/Spike times files GPe to SNr project/Naive mice/PV-DIO-ChR2 in GPe/AG7094_mouse#1_Naive_recorded_081321/Trajectory1_1.4mm_right_1mW_GPe_stim_neurons_recorded_together/Neuron_recorded_in_Ch10.txt,21.771349397395117,1.1303897917624162,2.099631754182442,127.43550461225071,0.07315772285776923,0.36957928802588996,0.034843120805369755,0.4390342905405399,14.808463021412996,8.605586172446076,29.5,0.7225867144597836,0.6,75.54297898172373,0.023004999999999144,0.08717532467532467,0.018741249999998644,0.9748674999999991,27.83365523630103,2.8463367688835643,-0.6538179582466741,-0.35836196543814797,-0.3,-0.3,-0.3,-0.3,-0.3,0.014372310463637305,-0.649565061254106,-0.3,data/Split/Healthy,-0.5834774535157372,-0.16182506127044208,-0.6201279232394411,-0.6069283083991327,-0.6318805791976171,-0.6439153012894844,-0.6365584127647426,0.11444527329295842,-0.5642838438884328,-0.6441143320302584,0.22459722837465798,0.7118366241876193,0.19796348405259656,0.4505458514379169,0.48450746516484033,0.10008015343195681,0.5638680146577296,0.5103253443904495,0.21891966484252376,0.1116962912690429,-1.78979882662295,0.06393741584002438,-0.2085802467549433,0.4278581816061073,0.04123290699088359,-0.06501811388250911,-0.0085176018074244,-0.00044619477776510456,0.0014933605489260509,-0.0005815048555732859,2
data/Split/Healthy/gpe_pv/pre_processed_data/Naive_mice_PV-DIO-ChR2_in_GPe/Neuron_0071,AG6926,5,051921,1.7,2,Naive mice,71,12,right,raw_data/Spike times files GPe to SNr project/Naive mice/PV-DIO-ChR2 in GPe/AG6926_mouse#5_Naive_recorded_051921/Trajectory2_1.7mm_right_in_SNr_1mW_10s_GPe_stim_neurons_recorded_together/Neuron_recorded_in_Ch12.txt,34.78699206063018,0.5963233015328738,0.465822944857793,152.80228420146383,0.012939064120112349,0.04878048780487805,0.027776785714285507,1.9400444444444447,33.52383263871244,4.558019539359345,36.5,0.5311103726592842,0.3,48.66583288809867,0.006227499999994279,0.02928321678321678,0.006227499999994279,1.0,35.69585821158705,1.5266669034346043,0.07275888849470911,0.04283106007186711,0.13333333333333333,0.10853815521095851,0.1359281437125519,0.12941176470588234,0.10294784580496237,-0.13434940498336906,0.06170786180054235,0.0996099334537969,data/Split/Healthy,0.9877227414408272,0.7095265734129504,0.5924684187302962,0.537812942806917,0.6059647365755596,0.5714592232810649,0.5321171088305842,-0.837275122947265,0.9909692769638149,0.491864434244051,0.6788782659192719,-0.48636305370350513,-0.4945498205664938,-0.07603649987736519,-0.8475812665527472,-0.8339406665490758,-0.7326814261332452,0.7360436647324773,0.7368262943494817,-0.48576376585392217,1.9871542260296466,0.7072424392307473,-0.4207365101330983,-0.0713649087082274,-0.09670308457829613,-0.00963561607497788,0.04847228573850815,-0.006359239512698869,-0.010756922946183505,0.00011953184784217492,1
data/Split/Healthy/gpe_pv/pre_processed_data/Naive_mice_PV-DIO-ChR2_in_GPe/Neuron_0045,AG6927,4,052021,1.4,1,Naive mice,45,9,right,raw_data/Spike times files GPe to SNr project/Naive mice/PV-DIO-ChR2 in GPe/AG6927_mouse#4_Naive_recorded_052021/Trajectory1_1.4mm_right_in_SNr_1mW_10s_GPe_stim_neurons_recorded_together/Neuron_recorded_in_Ch9.txt,31.73049665089673,0.5161548487387713,0.2614253071134643,133.19150241100473,0.007609110345171234,0.028836251287332648,0.02910624999999986,2.2692535714285715,31.051784530909778,4.289334877949521,35.2,0.38186327576027024,0.1,16.150740242262447,0.0018574999999998454,0.007317073170731707,0.0018574999999998454,1.0,34.97192093129887,0.41712474321743287,0.08209965707853033,0.06116237944169302,-0.1,-0.1,-0.1,-0.1,-0.1,0.0,0.08494335808833701,-0.1,data/Split/Healthy,1.0079218676389234,0.7493403889160877,-0.06046807309956236,-0.04651981944664552,-0.06396803047747593,-0.07785045422922851,-0.0564954920854261,0.022472013246651306,1.0417754822119332,-0.07557052409428686,0.5945117875181295,-1.420305188533436,-0.9562253569792208,-0.7130786128694057,-1.194547605852211,-1.1883384629981388,-1.1854570574385985,0.7360436647324773,0.68913839847767,-0.9880917645296851,0.5245329866733768,1.5711227107568673,-0.025845746661148576,-0.029600065475883577,-0.03257391239341844,0.0035796893145425713,-0.002688746144709354,0.0036807404208314275,0.0007159664356958683,0.000814607498859886,1
data/Split/Healthy/gpe_pv/pre_processed_data/Naive_mice_PV-DIO-ChR2_in_GPe/Neuron_0008,AG7094,2,081821,1.0,6,Naive mice,8,4,left,raw_data/Spike times files GPe to SNr project/Naive mice/PV-DIO-ChR2 in GPe/AG7094_mouse#2_Naive_recorded_081821/Trajectory6_1.0mm_left_rec19_1mW_10s_GPe_cells_rec_together/Ch4.txt,16.465987444684572,0.8653662994681407,1.1761419603346124,103.29249039077412,0.04495227356550658,0.2360248447204969,0.038220108695652406,0.8012555555555554,13.171703326122811,7.841999461521355,21.3,0.7658889085799365,0.9,67.6306612625101,0.026312499999993123,0.1356060606060606,0.01761624999999256,0.7917325000000005,19.021911613631104,4.109688977095381,-0.09702494543879811,-0.026334663684237786,-0.3,-0.31643421654559895,-0.2588746290812919,-0.2805347593582888,-0.2588746290812919,0.1681812472242403,-0.06720363714708338,-0.31648552688312237,data/Split/Healthy,0.6205703966156263,0.5593054513425283,-0.6201279232394411,-0.6529776807063181,-0.5151025081200936,-0.5888223589552778,-0.5172818989191124,1.0987205137923788,0.7090943390131231,-0.6909780531800646,-0.30756055846331837,0.9828083513412808,0.8904767886716871,0.2955261609386594,0.7471141395887189,0.881452905839155,0.44730678234149945,-1.1344344127302304,-0.36153602347305164,0.6836594028370011,-1.0960021346396065,1.8418432482032476,0.6615042694188286,0.024082089553468116,-0.10894092674793843,-0.045174056922135344,0.08838787989885025,-0.00665934003904289,-0.01913699423764564,0.008369862149766982,1
data/Split/Healthy/gpe_pv/pre_processed_data/Naive_mice_PV-DIO-ChR2_in_GPe/Neuron_0080,AG6926,5,051921,1.4,1,Naive mice,80,7,right,raw_data/Spike times files GPe to SNr project/Naive mice/PV-DIO-ChR2 in GPe/AG6926_mouse#5_Naive_recorded_051921/Trajectory1_1.4mm_right_in_SNr_1mW_10s_GPe_stim_neurons_recorded_together/Neuron_recorded_in_Ch7.txt,7.566563936010151,1.332029614763919,0.39911546036097495,30.482526336829256,0.061128274461724016,0.22197802197802197,0.15315937499999954,2.438771739130435,6.2702421216798925,4.861459214060226,14.5,0.5823728959586932,0.5,36.43488940249854,0.01717499999999461,0.09046153846153845,0.01279249999999621,0.8477325000000008,12.943839013832331,2.2687969768585186,-1.0,-0.9,-0.3,-0.3,-0.3,-0.3,-0.3,0.13336527328333406,-1.0,-0.3,data/Split/Healthy,-1.3320855242693184,-1.3382093870502731,-0.6201279232394411,-0.6069283083991327,-0.6318805791976171,-0.6439153012894844,-0.6365584127647426,0.8759213589081312,-1.3305368734563014,-0.6441143320302584,-0.748862137792372,-0.16557805056596359,-0.03287428415376686,-0.3156675588081079,0.02162102165911407,0.15309933354114758,-0.0524818793313446,-0.6314909753820488,-0.7619166933635867,-0.14977588913622736,-2.724812368123841,-1.1344757756920234,0.41920568160078775,-0.20450848021807128,0.06927701529607175,-0.006655612294888593,0.04218754678369073,0.007119519246830243,-0.002381584520835331,0.00010525826314869779,2
data/Split/Healthy/gpe_pv/pre_processed_data/Naive_mice_PV-DIO-ChR2_in_GPe/Neuron_0112,AG7518,5,022422,1.4,1,Naive mice,112,15,right,raw_data/Spike times files GPe to SNr project/Naive mice/PV-DIO-ChR2 in GPe/AG7518_mouse#5_Naive_recorded_022422/Trajectory1_1.4mm_right_rec1_1mW_10s_GPe_cont_neurons_recorded_together/Ch15.txt,8.649524617901658,1.0246700440697478,0.7207937181584715,63.38234289792619,0.048351588262744584,0.27873563218390807,0.06708103448275912,1.2939401785714282,6.555565930123154,9.66847768347217,22.0,0.5376258480578846,0.3,11.032987141242796,0.015850000000000364,0.08,0.011168750000000217,0.9057549999999999,21.210540684587414,1.5858696291073895,-0.4170832998419204,-0.2555958969932361,0.1,0.1,0.1,0.1,0.1,0.08911635383669819,-0.444511699981998,0.1,data/Split/Healthy,-0.07154599973116764,0.0613726915210606,0.4991917770403164,0.5138886695058418,0.5039445182426653,0.4882143928310274,0.5235674285938904,0.5927576055693667,-0.11591884963265274,0.49297328384168476,-0.262132454708857,-0.44559122544263013,-0.4945498205664938,-0.8133466417739031,-0.083580442773467,-0.015685239829712917,-0.22071859130644522,-0.11038319692607987,-0.21736453503107447,-0.4589606503260368,0.7548706646096179,-0.4774661631036959,0.9488261081865799,-0.158953712042908,0.08404900199518443,-0.012508590336914937,0.05481996173276169,0.021550249612769867,-0.0005571244446112289,-0.00011439747690304777,1
data/Split/Healthy/gpe_pv/pre_processed_data/Naive_mice_PV-DIO-ChR2_in_GPe/Neuron_0055,AG7094,3,081921,1.0,3,Naive mice,55,5,right,raw_data/Spike times files GPe to SNr project/Naive mice/PV-DIO-ChR2 in GPe/AG7094_mouse#3_Naive_recorded_081921/Trajectory3_1.0mm_right_rec7_1mW_10s_GPe_neurons_recorded_together/Ch5.txt,14.578858986114794,0.9111739661206228,1.0523472155470186,69.15726217555815,0.05967129549717328,0.25880281690140844,0.05670304878048797,0.900411875,11.491523295583272,6.018110949845831,15.2,0.5732252636543362,0.3,16.80109038584273,0.023867499999999355,0.095,0.023867499999999355,1.0,14.15325497689464,1.6691850906534955,0.24801452342723684,0.08462290958385792,0.3,0.35824553508694307,0.21047475008003502,0.2188811188811189,0.21047475008003502,0.0,0.2551831698755425,0.28225219994155265,data/Split/Healthy,1.3667076884676843,0.8002943437210774,1.058851627180195,1.2375036199898433,0.8176445026785317,0.8246865047199908,0.8439789595576038,0.022472013246651306,1.41401796465915,1.0110650826390766,-0.7034340340379106,-0.2228211019919566,-0.4945498205664938,-0.7003368244893527,0.552987663710891,0.22632205287115345,1.0949986965758864,0.7360436647324773,-0.6822488767134162,-0.4212408677366025,2.8604859952043427,0.8837087962408254,0.5693972099237091,-0.6062796664538922,0.3374195435808497,-0.030175124499206472,-0.0019125806795035573,-0.0155772790688146,0.019722865494900068,-0.007579041346525607,0
data/Split/Healthy/gpe_pv/pre_processed_data/Naive_mice_PV-DIO-ChR2_in_GPe/Neuron_0041,AG6927,4,052021,1.4,1,Naive mice,41,11,right,raw_data/Spike times files GPe to SNr project/Naive mice/PV-DIO-ChR2 in GPe/AG6927_mouse#4_Naive_recorded_052021/Trajectory1_1.4mm_right_in_SNr_1mW_10s_GPe_stim_neurons_recorded_together/Neuron_recorded_in_Ch11.txt,31.044255219723887,0.7614887057200702,1.1764138820105894,144.1491496417899,0.031251761557244975,0.13263157894736843,0.026565277777777587,0.7788878571428572,27.795463841019384,5.186067426910884,38.2,0.5607000317873875,0.7,82.53805060065515,0.016252499999997384,0.06761010481940714,0.012687499999996988,0.8272950000000009,36.32458472607757,2.575084248326786,-0.7277179701066345,-0.053503775818006694,-0.2333333333333333,-0.3766200757128384,-0.04320621167372643,-0.0191484085796773,-0.018072345456447918,0.1523279359052969,-0.75318423960238,-0.10838516923165382,data/Split/Healthy,-0.7432839675306145,0.5002968226641992,-0.43357463985948147,-0.8216210126674174,0.0973014949217552,0.15098576443038783,0.1811204808092684,0.9972698299777433,-0.7908551715501174,-0.09940720432004689,0.7892036607515356,-0.3012001259871315,0.42880125225896,0.5875946752931172,-0.05162301678555439,-0.2155815724632322,-0.06336092768071998,-0.8150428771821087,0.778242374680274,-0.011109078975178169,-0.9406126308250709,-0.2871964310557329,1.1695104911096545,0.9115755877339079,-0.6148759927026792,0.24081087324237732,0.017319249384069424,-0.03736692438503954,-0.004151721380157349,0.02822123312540019,2
data/Split/Healthy/gpe_pv/pre_processed_data/Naive_mice_PV-DIO-ChR2_in_GPe/Neuron_0085,AG7094,1,081321,1.4,1,Naive mice,85,11,right,raw_data/Spike times files GPe to SNr project/Naive mice/PV-DIO-ChR2 in GPe/AG7094_mouse#1_Naive_recorded_081321/Trajectory1_1.4mm_right_1mW_GPe_stim_neurons_recorded_together/Neuron_recorded_in_Ch11.txt,46.78560899331937,0.4079911429140457,0.3339994052241361,184.9076456398993,0.00871674216980142,0.030203185063152116,0.026098076923076856,3.0266395833333335,45.771513064708635,4.0397975347349675,44.4,0.6486601316338759,0.8,108.54424059924938,0.016047499999999815,0.07663688282977155,0.009152916666666755,0.717045000000002,41.79487707493269,2.794303922712694,-0.7477549728162067,-0.11183255520466126,-0.3,-0.3,-0.3,-0.3,-0.3,0.26943441680663044,-0.7531955058526955,-0.3,data/Split/Healthy,-0.7866133726786302,0.373612473645326,-0.6201279232394411,-0.6069283083991327,-0.6318805791976171,-0.6439153012894844,-0.6365584127647426,1.7466736818007742,-0.7908798060756215,-0.6441143320302584,1.1915668654339076,0.24922695190818425,0.6596390204653236,1.0971130828840132,-0.06789946977311434,-0.0699451652565654,-0.42957905128530005,-1.8052127694613258,1.1385867567470815,0.08813922744615833,-2.159683820552906,0.2948826697973155,1.440818155693614,0.7064035153893893,0.23342842110386902,-0.09625101777048556,0.1203457353581473,0.02561004819398335,-0.0030149551128451275,-0.0007510167499797347,2
data/Split/Healthy/gpe_pv/pre_processed_data/Naive_mice_PV-DIO-ChR2_in_GPe/Neuron_0016,AG7094,2,081821,1.4,1,Naive mice,16,7,right,raw_data/Spike times files GPe to SNr project/Naive mice/PV-DIO-ChR2 in GPe/AG7094_mouse#2_Naive_recorded_081821/Trajectory1_1.4mm_right_rec1_1mW_10s_GPe_cells_rec_together/Ch7.txt,25.43528492435396,0.598512708581725,0.8797555314629041,109.57133068972881,0.0399059696587844,0.15869786368260427,0.045360294117647255,1.0944219696969695,22.28819143589046,4.91611582774218,16.3,0.6222762182653856,0.3,25.492006417271845,0.007789999999998543,0.04666666666666667,0.004904999999998693,0.9216149999999999,15.516651092598972,1.6862820950116806,0.608197647640892,0.08697796788241668,0.7666666666666666,0.7600396958499324,0.7236620907149979,0.6661902144035184,0.65728710661294,-0.5461104634616702,0.5722373579676929,0.6340282379481629,data/Split/Healthy,2.1455926715532962,0.8054092977899203,2.364724610839912,2.363347912505441,2.274872155633097,2.0907162784477333,2.1398753621880284,-3.472272954658672,2.1072814076029873,2.0110655235836132,-0.6320470138523283,0.08412458885713715,-0.4945498205664938,-0.5300626821763371,-0.7235229358530717,-0.5534792236094159,-0.8697056303437929,0.03205756943717214,-0.5924379306990619,-0.41350046427062076,6.696373585462241,-0.19690428536746185,-1.9776619705047735,-0.8125847646731321,-0.16046218518710628,-0.16703942379680697,0.006823702130757305,0.0018132738850173795,0.013874519578096779,0.006734311148682229,0
data/Split/Healthy/gpe_pv/pre_processed_data/Naive_mice_PV-DIO-ChR2_in_GPe/Neuron_0002,AG7094,2,081821,1.7,2,Naive mice,2,10,right,raw_data/Spike times files GPe to SNr project/Naive mice/PV-DIO-ChR2 in GPe/AG7094_mouse#2_Naive_recorded_081821/Trajectory2_1.7mm_right_rec5_1mW_10s_GPe_cells_rec_together/Ch10.txt,18.710128502591022,0.7687474349845831,0.8682844065573678,98.97918447577001,0.03469706502364885,0.16092814371257486,0.03996048387096816,1.0923225409836064,16.263435741475213,6.0859947460764445,31.5,0.7825695773024045,1.2,128.0198769533453,0.024029999999991957,0.1282999145911778,0.015077916666662836,0.7100062500000007,28.19466360943623,5.060311041480889,-0.21615876306274867,-0.17040845111605146,-0.24666666666666667,-0.32431500657989754,-0.22935765817560058,-0.23403751593516664,-0.27653096281290945,0.07349791810043341,-0.20274490933145203,-0.2873756643820245,data/Split/Healthy,0.36294716196926186,0.24639141193681438,-0.47088529653547345,-0.6750599888806835,-0.4312872172323466,-0.4572200840201121,-0.5684908214833664,0.4928099697927543,0.4127228903943387,-0.6082268928057308,0.354391810530262,1.0871908129150143,1.5829900932907774,1.4786835944620154,0.5658897301030348,0.7635768646965544,0.1843101055764532,-1.8684287180262393,0.24270035714237367,1.1140387937439034,-1.0533449715746233,1.2443200435052206,0.119262988993798,0.0542081923581732,-0.13891294682662045,0.06079908394190539,0.1828437031488148,-0.017028890901455568,0.0076835550735368805,-0.0042637213558943746,1
data/Split/Healthy/gpe_pv/pre_processed_data/Naive_mice_PV-DIO-ChR2_in_GPe/Neuron_0069,AG7094,3,081921,1.7,5,Naive mice,69,3,left,raw_data/Spike times files GPe to SNr project/Naive mice/PV-DIO-ChR2 in GPe/AG7094_mouse#3_Naive_recorded_081921/Trajectory5_1.7mm_left_rec15_1mW_10s_GPe_neuron_recorded_together/Ch3.txt,36.018397206851155,0.6310538850028853,0.8168594689009475,156.6862977347553,0.02324348091899264,0.09142452161587526,0.028454687500000256,1.084921774193548,33.504186389904326,4.676618495113462,39.2,0.6014902508659352,0.6,68.9152229449328,0.01916999999999831,0.06265751792067581,0.01694624999999945,0.920780000000002,37.519242114819946,1.9372857665436218,-0.055996756869751065,0.08418299411804255,-0.033333333333333326,-0.018615085739113656,0.018649453747992022,0.021164613661814092,0.04823951954811605,-0.12832869112841147,-0.07650853726160771,0.00638890071476769,data/Split/Healthy,0.7092925987715483,0.7993388907697868,0.12608521028039726,0.18152416467570973,0.2729445379338974,0.2650846882787204,0.37344575126046803,-0.7987465452041512,0.6887484570411468,0.22686322957819333,0.8541009518293375,-0.04594756109351484,0.19796348405259656,0.32069354696928026,0.18001869829632125,-0.29548571561174886,0.37788809287425607,0.02455832354101807,0.8569380002656259,-0.2998624462648609,1.1978304952562828,0.7682419547827382,-0.5004082353859501,0.3041587942970902,-0.20032757672322332,-0.033080692003283896,-0.14313408681437859,0.015279116769985421,-0.031374686176341225,0.005014566232474188,1
data/Split/Healthy/gpe_pv/pre_processed_data/Naive_mice_PV-DIO-ChR2_in_GPe/Neuron_0042,AG6927,4,052021,1.4,1,Naive mice,42,13,right,raw_data/Spike times files GPe to SNr project/Naive mice/PV-DIO-ChR2 in GPe/AG6927_mouse#4_Naive_recorded_052021/Trajectory1_1.4mm_right_in_SNr_1mW_10s_GPe_stim_neurons_recorded_together/Neuron_recorded_in_Ch13.txt,39.96539382497085,0.39253703048906674,0.2614253071134643,210.35910468142174,0.005226055280014847,0.024529844644317254,0.01999062499999904,1.582917857142858,39.1898572838768,5.3676925424264335,36.9,0.28409802165693254,0.1,16.348773841963556,0.001834999999999809,0.008108108108108109,0.001834999999999809,1.0,36.66355625732185,0.4720227600577516,-0.34083437417956564,0.38054920660275354,0.3,0.29244332493692743,0.3075566750630726,0.3193548387096774,0.3075566750630726,0.0,-0.3644656724037281,0.3139501919235109,data/Split/Healthy,0.09333996849534625,1.4430170389260093,1.058851627180195,1.0531230341903217,1.0933147199374038,1.1090597089616305,1.1255470843117592,0.022472013246651306,0.05910796520557276,1.101173567965809,0.7048371823503927,-2.03208988670578,-0.9562253569792208,-0.7091986994959104,-1.1963340458142846,-1.175576048089721,-1.1877882820849144,0.7360436647324773,0.8005714348428492,-0.9632375391388552,2.596532401219155,-0.4573285676198117,1.0286979937303526,0.8164176343653213,0.13770746571055592,-0.09000341384883719,0.03360842683038993,-0.021149426330954128,-0.007647574539842765,-0.0038837247137090128,0
data/Split/Healthy/gpe_pv/pre_processed_data/Naive_mice_PV-DIO-ChR2_in_GPe/Neuron_0038,AG6927,4,052021,1.85,6,Naive mice,38,7,left,raw_data/Spike times files GPe to SNr project/Naive mice/PV-DIO-ChR2 in GPe/AG6927_mouse#4_Naive_recorded_052021/Trajectory6_1.85mm_left_in_SNr_1mW_10s_GPe_stim_neurons_recorded_together/Neuron_recorded_in_Ch7.txt,32.73613725224375,0.9064745231590767,1.2642004223427463,135.39078306635668,0.05325943305601323,0.20223577235772358,0.04212894736842105,0.7437635135135136,27.584874001256253,4.908153035616214,30.5,0.6409842160457119,0.9,99.33797435458584,0.030777499999995683,0.13989428196324746,0.027091249999996236,0.8669450000000009,27.617433431901503,4.261351103558587,-0.6813911364459719,-0.16762276729552522,-0.5,-0.5260662721768822,-0.45574324754599693,-0.3982861197532886,-0.45387825265941195,0.05815267457421265,-0.7131463247324346,-0.38304346898020425,data/Split/Healthy,-0.6431036075235447,0.2524416421162671,-1.1797877733793198,-1.240375598367974,-1.0741233024966121,-0.9220968880209409,-1.082853756097984,0.3946105830705007,-0.7033091817681965,-0.8801835824213486,0.28949451945245996,0.201193448140704,0.8904767886716871,0.9167420974727575,1.1016232253953477,0.9506382952494771,1.4290113833999323,-0.45894096127397865,0.20467649326650653,0.7523220775804838,-2.6867941559317767,0.628853273125343,-0.12347321442368829,0.9774627160760423,-0.04361582479823933,0.1973420059839227,-0.07920748518438502,0.02039515034778094,-0.016156372327372916,0.022338271318808674,2
data/Split/Healthy/gpe_pv/pre_processed_data/Naive_mice_PV-DIO-ChR2_in_GPe/Neuron_0113,AG7518,5,022422,1.4,1,Naive mice,113,1cell1,right,raw_data/Spike times files GPe to SNr project/Naive mice/PV-DIO-ChR2 in GPe/AG7518_mouse#5_Naive_recorded_022422/Trajectory1_1.4mm_right_rec1_1mW_10s_GPe_cont_neurons_recorded_together/Ch1cell1.txt,15.884450013162217,1.0177713052547914,1.4039698881109464,98.96889729255236,0.06149428923004088,0.32682425488180883,0.043800290697674424,0.6514923529411766,11.3936722501459,8.686303688548266,22.7,0.71323719014174,0.8,123.7705366841681,0.021727499999999365,0.11769618575625147,0.020048750000000125,0.9062375000000003,20.51996947455674,5.139223492283337,0.22841421802781575,0.11811822957055344,0.1833333333333333,0.15919885915608806,0.12407782139814749,0.1170947973948808,0.04123995133017585,-0.0733264299059922,0.22317130367094395,0.09013712384617309,data/Split/Healthy,1.3243226278882076,0.8730428711600766,0.7323833812652658,0.6797663855427138,0.5723150028319167,0.5365982121953237,0.3531448013405055,-0.4467685325287814,1.3440215494923924,0.4649358980131965,-0.21670435095439566,0.6533301950331124,0.6596390204653236,1.395429681167524,0.3830773739850799,0.5924982175049124,0.6993380691046802,-0.10604980034535326,-0.26285450889027995,1.1497651815311276,2.1247245704335675,1.2192464197780115,-0.1203136119605105,-0.2640200193513037,0.14142313431741815,-0.021921324557882014,0.21152856355755076,0.0006621320132990983,-0.013552563164464836,-0.008009846952554155,1
data/Split/Healthy/gpe_pv/pre_processed_data/Naive_mice_PV-DIO-ChR2_in_GPe/Neuron_0047,AG7094,3,081921,1.0,6,Naive mice,47,15,left,raw_data/Spike times files GPe to SNr project/Naive mice/PV-DIO-ChR2 in GPe/AG7094_mouse#3_Naive_recorded_081921/Trajectory6_1.0mm_left_rec19_1mW_10s_GPe_neurons_recorded_together/Ch15.txt,14.955703935761933,0.9109631242713011,1.2505622744920388,84.17211391555477,0.05970158776745939,0.3037542662116041,0.04773979591836748,0.7548104166666665,11.073979202361365,7.600891457120156,16.4,0.9220089926040165,0.8,75.52067837567957,0.04149749999999841,0.19662700869821612,0.03692624999999765,0.9187099999999987,13.740082859694354,5.801023958268987,-0.23279307987837933,-0.05381158178329772,-0.4333333333333334,-0.4403423259850651,-0.3685988294702331,-0.3492857142857143,-0.3373651538393566,0.06847780304945011,-0.20725046409089926,-0.3477323237430848,data/Split/Healthy,0.32697596093126496,0.4996282985025922,-0.9932344899993605,-1.0001734626059715,-0.826671259615909,-0.7834098528864761,-0.7449291141031884,0.4606845611317994,0.40287114730997187,-0.7798039175428885,-0.6255572847445483,1.959759512153044,0.6596390204653236,0.4501089335625745,1.9527626206575757,1.8659538688939987,2.4480155787991227,0.005967378624724965,-0.7094657495540299,1.449385074781682,-1.6455897214625408,1.6641308260930685,-0.04492931812420119,0.4039628323517862,-0.19484473945008163,0.09736913482651913,-0.11046636590099884,-0.030267250996158408,-0.01779177929896038,0.023909207251177317,1
data/Split/Healthy/gpe_pv/pre_processed_data/Naive_mice_PV-DIO-ChR2_in_GPe/Neuron_0018,AG7094,2,081821,1.7,5,Naive mice,18,15,left,raw_data/Spike times files GPe to SNr project/Naive mice/PV-DIO-ChR2 in GPe/AG7094_mouse#2_Naive_recorded_081821/Trajectory5_1.7mm_left_rec15_1mW_10s_GPe_cells_rec_together/Ch15.txt,27.4785601580223,0.7108644775261881,1.1771821757331304,153.41782152990396,0.030395173059156753,0.14649490713001798,0.02582027972027959,0.7567080985915494,24.188298560354745,6.342646265387173,25.4,0.723919549580702,1.0,96.71110673522085,0.028255000000012843,0.14276642475171886,0.022916875000009895,0.9164674999999989,22.475323070483306,4.687109980508595,-0.9366293731568873,-0.8854738598613064,-0.7,-0.7,-0.7,-0.7,-0.7,0.07172172494472878,-0.9256212612914455,-0.7,data/Split/Healthy,-1.195048483112599,-1.3066600450860153,-1.7394476235191987,-1.7277452863041072,-1.7677056766378993,-1.776044995409996,-1.7966842541233754,0.48144351097491794,-1.1679020229621468,-1.7812019479022014,-0.04148166504433031,0.7201770938119573,1.1213145568780505,0.8652759885793253,0.9013434563157003,0.9969769286153624,0.9965044552702967,-0.014172811701225,-0.13404956789042013,0.9450778035412501,-4.878604332503289,0.21994882355765222,-0.7216905448186953,0.16474272485753144,-0.011466931599688854,-0.01626658491703982,-0.015639997851921682,0.026308285743151943,0.001795036982250647,-0.0016474489305455127,2
data/Split/Healthy/gpe_pv/pre_processed_data/Naive_mice_PV-DIO-ChR2_in_GPe/Neuron_0108,AG7518,5,022422,1.1,3,Naive mice,108,15cell2,right,raw_data/Spike times files GPe to SNr project/Naive mice/PV-DIO-ChR2 in GPe/AG7518_mouse#5_Naive_recorded_022422/Trajectory3_1.1mm_right_rec11_1mW_10s_GPe_cont_neurons_recorded_together/Ch15cell2.txt,26.95265875704658,0.7558652847352132,0.9769086352461122,106.33286936945042,0.04094812740391541,0.14684014869888476,0.04191602564102565,0.9510394736842105,23.976728469426735,4.434836450061894,25.3,0.5311626739381037,0.1,5.839416058394141,0.006850000000000023,0.026666666666666665,0.006850000000000023,1.0,24.980891035963502,0.494492368944922,0.03194059878773699,0.1006397949517395,0.0,0.0,0.0,0.0,0.0,-0.06492805013812772,0.02108239681804389,0.0,data/Split/Healthy,0.8994544391504078,0.835081437116079,0.21936185197037703,0.23368442502959813,0.21998824388259466,0.20518196930089944,0.23353596825423217,-0.3930244690177876,0.9021385635313988,0.20870137987369894,-0.04797139415211037,-0.48603576848985663,-0.9562253569792208,-0.9151001115434548,-0.7981564276016754,-0.8761556138772378,-0.6681842109180182,0.7360436647324773,0.030999625583912265,-0.9530647723274436,1.17211605595253,1.0949219469748064,-0.18760661821360097,0.11301484043396888,-0.03248496373383002,-0.020418743309789968,-0.025053657530556897,0.008117936875430136,0.0031143162939799057,-0.00010243482491427749,1
data/Split/Healthy/gpe_pv/pre_processed_data/Naive_mice_PV-DIO-ChR2_in_GPe/Neuron_0119,AG7518,5,022422,1.7,2,Naive mice,119,15,right,raw_data/Spike times files GPe to SNr project/Naive mice/PV-DIO-ChR2 in GPe/AG7518_mouse#5_Naive_recorded_022422/Trajectory2_1.7mm_right_rec6_1mW_10s_GPe_cont_neurons_recorded_together/Ch15.txt,30.230456163285318,0.9339964570678386,1.2255590336467022,149.77116358732283,0.032668807990645164,0.14442567567567569,0.026656250000000214,0.7909335106382978,26.737897340199503,5.6014563030783675,28.6,0.7726582701082791,1.3,130.8510945033351,0.030702500000005274,0.16855286978816392,0.017957916666669387,0.8187574999999996,24.9004932081144,6.090274645064045,-0.05924075908250818,0.057102993541797334,-0.16666666666666669,-0.13216903395070603,-0.2224777789568288,-0.15240002035186895,-0.25987841095113273,-0.21435212373362084,-0.048896294557579614,-0.12270846691195696,data/Split/Healthy,0.7022775432657433,0.7405238035948741,-0.24702135647952198,-0.13665881798352766,-0.4117513685222495,-0.22615950176140345,-0.5201931821348365,-1.3492394918387443,0.7491247559936517,-0.14012431534684694,0.16618966640463628,1.0251689204148202,1.813827861497141,1.5341533675311263,1.095668425522541,1.4130107787253465,0.48270686030506754,-0.8917192985456933,0.02570358220117402,1.5803388355517207,0.25743857611064186,1.2646684977958584,-1.4269333358134417,0.4864885922684325,0.17631463483106088,0.11868628041981975,-0.09396599088942764,-0.04082723495492619,-0.06114221587339178,-0.010203090001083853,1
data/Split/Healthy/gpe_pv/pre_processed_data/Naive_mice_PV-DIO-ChR2_in_GPe/Neuron_0068,AG7094,3,081921,1.7,5,Naive mice,68,12,left,raw_data/Spike times files GPe to SNr project/Naive mice/PV-DIO-ChR2 in GPe/AG7094_mouse#3_Naive_recorded_081921/Trajectory5_1.7mm_left_rec15_1mW_10s_GPe_neuron_recorded_together/Ch12.txt,11.68116291332794,0.9191226419183015,0.8926652881364145,73.43508458155578,0.05373845034581206,0.2816593886462882,0.06019999999999989,1.0292419117647058,8.867583927032452,8.281295692921727,10.2,0.7337058534981858,0.4,27.235969407921164,0.022287500000001615,0.1264102564102564,0.022287500000001615,1.0,9.069306293480935,3.8064536166900482,0.07372129385697834,0.010768094776264428,-0.1,-0.07929085303188628,-0.12070914696811372,-0.12857142857142856,-0.12070914696811372,0.0,0.09935017245771213,-0.11589885551717023,data/Split/Healthy,0.9898039135833285,0.6398889789218597,-0.06046807309956236,0.01150808935283246,-0.12277295265988314,-0.15871686095212215,-0.11655853346093235,0.022472013246651306,1.0732770933140166,-0.1207665033820658,-1.0279204894269207,0.7814167545001226,-0.2637120523601303,-0.4958946150376624,0.4275398797079009,0.733089460663566,0.9312949214128783,0.7360436647324773,-1.0171436556309423,0.5463742980598019,0.4320268244389565,1.5716745534836283,-0.07699311349694558,-0.13326676917573207,0.05133613683345421,-0.05000767893705509,-0.005807147110621131,-0.017995916289570566,0.0011277389661650105,0.0023292711801184513,1
data/Split/Healthy/gpe_pv/pre_processed_data/Naive_mice_PV-DIO-ChR2_in_GPe/Neuron_0091,AG7094,1,081321,1.0,2,Naive mice,91,2,right,raw_data/Spike times files GPe to SNr project/Naive mice/PV-DIO-ChR2 in GPe/AG7094_mouse#1_Naive_recorded_081321/Trajectory2_1.0mm_right_1mW_GPe_stim_neurons_recorded_together/Neuron_recorded_in_Ch2.txt,27.947192204748056,0.7537099390264692,1.136484710729126,133.91927768949776,0.0332867331553272,0.14510166358595195,0.029289204545454625,0.8379238372093024,24.71467904983415,5.418612858352957,21.8,0.6997226658931965,0.6,55.00041092565995,0.0203674999999933,0.08587774294670845,0.018407499999994314,0.9136800000000008,20.137306882747367,2.527842054477091,-0.9818181818181818,-1.0,-0.5,-0.5,-0.5,-0.5,-0.5,0.07593244194229291,-0.9818181818181818,-0.5,data/Split/Healthy,-1.2927678988865956,-1.5553995123211926,-1.1797877733793198,-1.16733679735162,-1.1997931279177583,-1.2099801483497403,-1.216621333444059,0.5083893086167232,-1.2907809252773659,-1.21265813996623,-0.2751119129244174,0.5687604855369476,0.19796348405259656,0.048071803362477156,0.27509700294389544,0.07914520401858878,0.5292881824036529,-0.03920771940849413,-0.288061628801246,-0.03249724928582677,-3.8449111853839115,-0.6174174764202149,-0.34497562225115946,-0.1590139498147125,-0.0014619844227401666,0.004735529530327783,-0.001292876177745835,0.023700798970174155,0.0006923182849337032,-0.0011428124012426817,2
data/Split/Healthy/gpe_pv/pre_processed_data/Naive_mice_PV-DIO-ChR2_in_GPe/Neuron_0056,AG7094,3,081921,1.7,2,Naive mice,56,11,right,raw_data/Spike times files GPe to SNr project/Naive mice/PV-DIO-ChR2 in GPe/AG7094_mouse#3_Naive_recorded_081921/Trajectory2_1.7mm_right_rec3_1mW_10s_GPe_neurons_recorded_together/Ch11.txt,15.350286088346378,0.7269130574491466,0.5482245031552277,70.96103993046826,0.029896509572065032,0.12244897959183673,0.054533333333333225,1.8211000000000002,13.885796055061485,5.110332864539112,12.1,0.6688832747823826,0.3,22.314421473536836,0.015252500000003976,0.08658645276292336,0.015252500000003976,1.0,11.143064501009432,2.3186629478382605,-0.9571428571428571,-1.0,-0.3,-0.3,-0.3,-0.3,-0.3,0.0,-0.9571428571428571,-0.3,data/Split/Healthy,-1.239408264438615,-1.5553995123211926,-0.6201279232394411,-0.6069283083991327,-0.6318805791976171,-0.6439153012894844,-0.6365584127647426,0.022472013246651306,-1.236826424177381,-0.6441143320302584,-0.9046156363790968,0.3757771219116078,-0.4945498205664938,-0.5923185535901885,-0.13102034843260665,0.0905794002807686,0.2023986819995718,0.7360436647324773,-0.8805390516733088,-0.12719984443741703,-2.523602060062317,-1.2511382102099502,-0.4288715134441836,-0.2845793360284779,-0.023466319928647998,0.003119158054664116,-0.024346262574268647,0.0005511381374719935,0.0006479197188040491,-0.0002619440819694971,2
data/Split/Healthy/gpe_pv/pre_processed_data/Naive_mice_PV-DIO-ChR2_in_GPe/Neuron_0092,AG7094,1,081321,1.0,2,Naive mice,92,8,right,raw_data/Spike times files GPe to SNr project/Naive mice/PV-DIO-ChR2 in GPe/AG7094_mouse#1_Naive_recorded_081321/Trajectory2_1.0mm_right_1mW_GPe_stim_neurons_recorded_together/Neuron_recorded_in_Ch8.txt,44.0101897028624,0.4539282555061105,0.5343400515800071,183.51778343639018,0.015579655731181878,0.05702722590139809,0.029156818181818672,1.3965578124999996,42.15720541974218,4.353177152260879,37.4,0.39244666400801165,0.1,12.012012012019929,0.002497499999998354,0.010344827586206896,0.002497499999998354,1.0,37.16659829235143,0.45046200046230495,-0.08560185821099009,0.1750773217891912,0.5,0.4942675159235293,0.5198555956679063,0.5214659685863874,0.5198555956679063,0.0,-0.11789993606029547,0.5042986179911247,data/Split/Healthy,0.6452724731541678,0.9967523949029142,1.6185114773200737,1.6186429837146208,1.6961508253935338,1.6810997380758075,1.74128074402729,0.022472013246651306,0.5982429702279604,1.6422806629213087,0.7372858278892936,-1.3540776208339604,-0.9562253569792208,-0.7941653932643287,-1.143733313597881,-1.139489219727989,-1.1191466674992119,0.7360436647324773,0.8337083057276934,-0.9729988385340853,3.951076687096199,-0.6630184520589083,1.2434656762197924,-0.10468662643140694,0.0211167824925374,-0.024163726173302612,0.0472526577200472,-0.010231633741975676,-0.01942754121872898,0.00023689246109695613,0
data/Split/Healthy/gpe_pv/pre_processed_data/Naive_mice_PV-DIO-ChR2_in_GPe/Neuron_0116,AG7518,5,022422,1.4,1,Naive mice,116,7,right,raw_data/Spike times files GPe to SNr project/Naive mice/PV-DIO-ChR2 in GPe/AG7518_mouse#5_Naive_recorded_022422/Trajectory1_1.4mm_right_rec1_1mW_10s_GPe_cont_neurons_recorded_together/Ch7.txt,40.04579227367618,0.4278225339138256,0.21222800634235234,167.75024965499367,0.004636773807798959,0.017937219730941704,0.021848076923076866,3.767545833333333,39.51068420400897,4.245693362049469,33.9,0.30394359364209383,0.0,0.0,0.0,0.0,0.0,1.0,33.9,0.0,-0.06745927426246208,0.3478822954885413,0.8,0.8,0.8,0.8,0.8,0.0,-0.11145613048150663,0.8,data/Split/Healthy,0.6845052557081229,1.372067733754912,2.458001252529892,2.475318380839547,2.4916384387631596,2.469441357541923,2.5537876509714983,0.022472013246651306,0.612332848264561,2.4828766116175855,0.5101453091169866,-1.9079024401701612,-1.1870631251855843,-1.0295071035516852,-1.3420281493875708,-1.3063908009010003,-1.377912603239673,0.7360436647324773,0.6185277873840586,-1.1769385204001805,5.770963638606183,-1.3761231454097653,1.8451748117933615,-0.0810964154903192,0.1517442853778642,-0.05971180450722789,0.06825581658597736,-0.019400807647976148,-0.0016745072124910833,0.0018002605380564984,0
data/Split/Healthy/gpe_pv/pre_processed_data/Naive_mice_PV-DIO-ChR2_in_GPe/Neuron_0033,AG6927,4,052021,1.7,5,Naive mice,33,1,left,raw_data/Spike times files GPe to SNr project/Naive mice/PV-DIO-ChR2 in GPe/AG6927_mouse#4_Naive_recorded_052021/Trajectory5_1.7mm_left_in_SNr_1mW_10s_GPe_stim_neurons_recorded_together/Neuron_recorded_in_Ch1.txt,24.075664939456907,0.829051808142232,1.4576081069817335,110.94333268051066,0.050801831057356306,0.21363952679192763,0.034852873563218284,0.6508816860465118,19.94541487124837,5.562347707313786,19.5,0.7403012688223025,0.7,56.78464873483425,0.0321550000000002,0.12716628527841342,0.0321550000000002,1.0,17.54178670383875,3.3755269122775453,0.041702188420454665,-0.008877958240821809,-0.1,-0.07052201847634723,-0.16285856010906957,-0.1254921549039196,-0.16285856010906957,0.0,0.05225078861638603,-0.062325342697015375,data/Split/Healthy,0.9205635779879562,0.5972196917632588,-0.06046807309956236,0.036078735968552426,-0.24245885587957539,-0.15000151806384648,-0.23880509191824245,0.022472013246651306,0.9702906568349601,0.03152794153432136,-0.424375682403362,0.8226888220704786,0.42880125225896,0.08302894269519373,1.2109930497402417,0.7452870939693245,1.9536664413008926,0.7360436647324773,-0.4590362413750146,0.3512789183933767,0.35477781325216284,1.4701825060286202,-0.0882111690929918,-0.10680218548795486,0.21705162445264337,0.10142812176146355,-0.05583995868201512,-0.019364087756006454,0.020073529304906215,-0.0009142602866588801,1
data/Split/Healthy/gpe_pv/pre_processed_data/Naive_mice_PV-DIO-ChR2_in_GPe/Neuron_0053,AG7094,3,081921,1.4,4,Naive mice,53,9,left,raw_data/Spike times files GPe to SNr project/Naive mice/PV-DIO-ChR2 in GPe/AG7094_mouse#3_Naive_recorded_081921/Trajectory4_1.4mm_left_rec11_1mW_10s_GPe_neurons_recorded_together/Ch9.txt,19.68835637698768,0.9145155363245878,1.5456753397635117,104.39808214562827,0.060848930506689894,0.28442728442728443,0.039367213114753954,0.6045441666666669,15.001261347064698,6.959286937965111,27.4,0.7589680067297797,1.1,98.6104489887052,0.030904999999987127,0.1392669172932331,0.02315874999999181,0.8152166666666707,24.106774763405475,4.084509333651115,-0.886205012131235,-0.8811260533198283,-0.7,-0.7,-0.7,-0.7,-0.7,0.17189780649464512,-0.8649399550418284,-0.7,data/Split/Healthy,-1.0860073455792625,-1.2972170386120416,-1.7394476235191987,-1.7277452863041072,-1.7677056766378993,-1.776044995409996,-1.7966842541233754,1.1225040295408932,-1.0352176652942013,-1.7812019479022014,0.08831291711127369,0.9394994898412311,1.3521523250844143,0.9024882769044418,1.1117463851797342,0.940516506894387,1.021565120216277,-0.9235199929696476,-0.02658100594401438,0.6722597099256011,-4.971487516533044,0.4568675231156119,-0.1441570032512272,-0.0306712610411582,0.02381312844689544,0.006709958007009562,0.03147258162083403,0.01955705375565378,-0.001939090539347316,-0.00031645841840692704,2
data/Split/Healthy/gpe_pv/pre_processed_data/Naive_mice_PV-DIO-ChR2_in_GPe/Neuron_0007,AG7094,2,081821,1.0,6,Naive mice,7,2,left,raw_data/Spike times files GPe to SNr project/Naive mice/PV-DIO-ChR2 in GPe/AG7094_mouse#2_Naive_recorded_081821/Trajectory6_1.0mm_left_rec19_1mW_10s_GPe_cells_rec_together/Ch2.txt,8.360835239769962,0.9068051247932941,0.6903441941094464,60.556396531592945,0.04719780981912358,0.27522935779816515,0.06836851851851874,1.209816346153846,6.359859358553173,9.521656552067078,9.8,0.7275637451983512,0.4,33.88288084043022,0.017749999999992383,0.10348039215686274,0.017749999999992383,1.0,8.77118686629443,3.7618996673021554,0.14030370466395875,0.10330598597608254,0.06666666666666667,0.010331310257906822,0.06161174011493085,0.05384615384615384,-0.004789981113315663,-0.15938928686660608,0.13592858833630592,0.009812078714243222,data/Split/Healthy,1.1337863392686351,0.8408721407418116,0.4059151353503366,0.26263319488226256,0.3949386456813614,0.35758404350942985,0.21964351608128893,-0.9975137689048849,1.1532586216515481,0.23659436285351562,-1.0538794058580414,0.7429813419722284,-0.2637120523601303,-0.36566701427519754,0.06727448735629318,0.3631431693327542,0.4611646177390023,0.7360436647324773,-1.0367816665306915,0.5262031887215675,1.647563047026644,1.1701155991450856,-0.7411842404479586,0.050022372895541754,-0.1173344518924329,0.020167486235630205,0.12412414921761758,-0.016104777854997764,-0.0028561879439076066,0.003839367589904374,1
data/Split/Healthy/gpe_pv/pre_processed_data/Naive_mice_PV-DIO-ChR2_in_GPe/Neuron_0001,AG7094,2,081821,1.7,2,Naive mice,1,1,right,raw_data/Spike times files GPe to SNr project/Naive mice/PV-DIO-ChR2 in GPe/AG7094_mouse#2_Naive_recorded_081821/Trajectory2_1.7mm_right_rec5_1mW_10s_GPe_cells_rec_together/Ch1.txt,14.115796409587281,0.862049333899216,0.8073610492568372,74.47420616824314,0.042902775498936556,0.1992619926199262,0.05313951612903282,1.1144258333333326,11.809724655181215,6.306176337106174,19.1,0.5986122246782509,0.5,46.3811307530015,0.019389999999997087,0.09205182072829132,0.01391374999999755,0.9031125000000003,17.48479909781317,2.8134082196782977,-0.9813852813852814,-1.0,-0.4,-0.4,-0.4,-0.4,-0.4,0.09396290459449574,-0.9813852813852814,-0.4,data/Split/Healthy,-1.2918317649489115,-1.5553995123211926,-0.8999578483093805,-0.8871325528753764,-0.9158368535576878,-0.9269477248196124,-0.9265898731044008,0.6237723178038623,-1.2898343550826292,-0.9283862359982442,-0.45033459883448274,-0.06395735811918865,-0.03287428415376686,-0.12079883506591671,0.19748611125869078,0.17875666060828482,0.06369081554334209,-0.134115840375943,-0.4627901840108322,0.09678840149733706,-3.2878052840596745,-0.9076318185431292,-0.04924527563473724,-0.2734329786183781,0.01663714041283581,0.009764562181526895,0.014186463319293055,0.015514589214923928,-0.0007352828097939193,-0.00046062009456435956,2
data/Split/Healthy/gpe_pv/pre_processed_data/Naive_mice_PV-DIO-ChR2_in_GPe/Neuron_0072,AG6926,5,051921,1.7,2,Naive mice,72,13,right,raw_data/Spike times files GPe to SNr project/Naive mice/PV-DIO-ChR2 in GPe/AG6926_mouse#5_Naive_recorded_051921/Trajectory2_1.7mm_right_in_SNr_1mW_10s_GPe_stim_neurons_recorded_together/Neuron_recorded_in_Ch13.txt,4.42675591184099,1.2251094019853987,0.5325420645823747,80.4498694728419,0.05109158641784734,0.42105263157894735,0.09593906249999973,1.3127850000000003,2.7008493645111895,29.78687761336961,14.2,0.8228158660943583,0.7,91.78207665260477,0.022952500000002374,0.15342059256532942,0.020275000000000886,0.9028824999999984,12.264233511834409,7.843457312730541,0.2951197691197691,-0.11141436398982418,0.033333333333333326,0.014953120016893173,0.04843870383330653,-0.03912332897974398,0.01976974303719241,-0.04254466340426612,0.32312211517662914,-0.09076260960105918,data/Split/Healthy,1.468571340671189,0.37452074366870264,0.3126384936603568,0.2755837019985596,0.3575329826359606,0.09445026312386517,0.2908744426903992,-0.24978563111492819,1.5625717100388359,-0.04931121853026186,-0.7683313251157127,1.3390396304419137,0.42880125225896,0.7687054583018058,0.480339105253599,1.1688693491855358,0.7227798280482296,-0.13618150092221198,-0.8066843235100628,2.3740650879994614,1.3201232881241804,1.6208798011799497,-0.2495444796543912,-0.7316261037130862,-0.20430472360368523,-0.20504473791803624,0.13052365228743226,0.0051968619003089096,0.017671955417058245,0.019077800058730474,1
data/Split/Healthy/gpe_pv/pre_processed_data/Naive_mice_PV-DIO-ChR2_in_GPe/Neuron_0082,AG7094,1,081321,1.7,3,Naive mice,82,15,right,raw_data/Spike times files GPe to SNr project/Naive mice/PV-DIO-ChR2 in GPe/AG7094_mouse#1_Naive_recorded_081321/Trajectory3_1.7mm_right_1mW_GPe_stim_neurons_recorded_together/Neuron_recorded_in_Ch15.txt,28.200987164270103,0.7882136238343537,1.5306883557423514,142.20706354091672,0.04419927486882164,0.19595216191352346,0.02887542372881378,0.6337413793103447,23.72350445562158,5.994353144871013,19.5,0.8251769828571393,0.9,78.24903672316336,0.03309000000000424,0.14763070263070263,0.029411250000003265,0.8484400000000001,17.031572481102465,4.065819766712386,-0.4502478794248475,-0.4153066551733614,-0.4333333333333334,-0.41521112807776694,-0.42702865832259035,-0.411496924128503,-0.39617436694445374,0.12207126631896847,-0.4287977561326931,-0.38598460907215487,data/Split/Healthy,-0.14326338811210365,-0.2855033042414884,-0.9932344899993605,-0.929754779381997,-0.9925864247400283,-0.9594877478119345,-0.9154943336861633,0.8036472007533597,-0.08155909907787062,-0.8885444173591026,-0.424375682403362,1.3538147682893618,0.8904767886716871,0.5035634688336932,1.285229554831046,1.0754563099778673,1.669386546931498,-0.6251368239191294,-0.4926455655370187,0.6637982984596223,-2.402599223564795,0.9754903127257994,0.1317073039358636,-0.005950007521572118,0.01049250964163786,0.04601731938852635,-0.07188917832833569,-0.00668765468130599,0.0030941962917525765,0.0024436007319204116,2
data/Split/Healthy/gpe_pv/pre_processed_data/Naive_mice_PV-DIO-ChR2_in_GPe/Neuron_0019,AG7094,2,081821,1.7,5,Naive mice,19,7,left,raw_data/Spike times files GPe to SNr project/Naive mice/PV-DIO-ChR2 in GPe/AG7094_mouse#2_Naive_recorded_081821/Trajectory5_1.7mm_left_rec15_1mW_10s_GPe_cells_rec_together/Ch7.txt,13.89661979938657,0.9732203989976826,0.6846874718675865,93.87518025361194,0.03538376098828297,0.18795620437956204,0.0516787037037037,1.2199211538461538,11.698604514215448,8.024476777511405,16.7,0.7968515311091152,0.8,50.550159589907835,0.035902499999997416,0.16512583542188805,0.029796666666665077,0.8512500000000003,14.289739890143446,3.502814847946845,-0.99,-1.0,-0.5,-0.5,-0.5,-0.5,-0.5,0.12144956726003428,-0.9856773160343966,-0.5,data/Split/Healthy,-1.310460830308821,-1.5553995123211926,-1.1797877733793198,-1.16733679735162,-1.1997931279177583,-1.2099801483497403,-1.216621333444059,0.7996687388795666,-1.2992192199727122,-1.21265813996623,-0.6060880974212076,1.1765628590380097,0.6596390204653236,-0.03911839920445963,1.5085345500893106,1.3577196247936631,1.7093195617057833,-0.5998998407236208,-0.6732582106594573,0.4089065564164452,-3.924859849185746,-0.5867808458276019,-0.07182497168236628,-0.20647177793566582,0.02142187551287398,0.009179435736010919,0.020487407356581423,0.020057878757859467,-0.0009448365671913635,-0.0006093729882404692,2
data/Split/Healthy/gpe_pv/pre_processed_data/Naive_mice_PV-DIO-ChR2_in_GPe/Neuron_0037,AG6927,4,052021,1.85,6,Naive mice,37,5,left,raw_data/Spike times files GPe to SNr project/Naive mice/PV-DIO-ChR2 in GPe/AG6927_mouse#4_Naive_recorded_052021/Trajectory6_1.85mm_left_in_SNr_1mW_10s_GPe_stim_neurons_recorded_together/Neuron_recorded_in_Ch5.txt,9.747650624905912,0.9296022393793708,0.7651739398390307,71.27299858604242,0.0484288567053771,0.2764505119453925,0.06329130434782589,1.0859852272727275,7.411855297509948,9.61608068765009,9.9,0.6881572351145913,0.5,41.39773266770953,0.024322499999996694,0.15341269841269842,0.024322499999996694,1.0,8.306828690969713,4.492123822812782,-0.06142041630465374,0.014322631307933459,-0.2,-0.17066572571160926,-0.22933427428839073,-0.21764705882352944,-0.22933427428839073,0.0,-0.045505343137675416,-0.19611438878390358,data/Split/Healthy,0.6975641012289748,0.6476090812677923,-0.34029799816950174,-0.24452818228051487,-0.43122081721742495,-0.41082977602937903,-0.43160557652374487,0.022472013246651306,0.7565393328846367,-0.3487967270774817,-1.047389676750261,0.4963875996582557,-0.03287428415376686,-0.2184345539830952,0.5891134496103267,1.168741986351776,1.1421412394232535,0.7360436647324773,-1.0673703168393127,0.8568008458223626,-0.29324933446461854,1.5355282665135623,-0.20893619491475696,0.16465813282939393,0.12044164618045619,-0.028329625734517937,-0.02895145944127593,-0.005920526336499168,-0.010347051029410716,-0.004024180256463014,1
data/Split/Healthy/gpe_pv/pre_processed_data/Naive_mice_PV-DIO-ChR2_in_GPe/Neuron_0060,AG7094,3,081921,1.7,2,Naive mice,60,2,right,raw_data/Spike times files GPe to SNr project/Naive mice/PV-DIO-ChR2 in GPe/AG7094_mouse#3_Naive_recorded_081921/Trajectory2_1.7mm_right_rec3_1mW_10s_GPe_neurons_recorded_together/Ch2.txt,7.074706683574607,1.175031060623769,0.6004363605985829,41.24853271196343,0.05879773061161617,0.3025830258302583,0.0979249999999999,1.5594193181818183,5.2422531148414,7.868474071804021,15.4,0.5881987477251169,0.5,22.029067510408783,0.023922499999996204,0.12375,0.01447874999999712,0.8180550000000011,14.079276067738547,3.2304667060380057,-0.5643060643060642,-0.2536809221428086,-0.2333333333333333,-0.2375959621716631,-0.19793041120651275,-0.22000000000000003,-0.16483963618956943,0.16725622748548763,-0.517186585322343,-0.2538045265066637,data/Split/Healthy,-0.3899107222867181,0.06553182779761073,-0.43357463985948147,-0.43206954567957206,-0.34204757760498655,-0.41748936246538215,-0.24455083580495585,1.0928010006288191,-0.2748280932852002,-0.5127935799837251,-0.6904545758223501,-0.12912167353091777,-0.03287428415376686,-0.5979092647593608,0.5573545169512576,0.6901693638811472,0.12223045666179891,-0.8980285443445565,-0.6871220868831447,0.2856051606034619,-1.3586234632364085,0.3194894442163495,0.8758644156693853,0.19835762524555728,-0.05477633122768399,-0.15312968642786096,0.040055000155120556,-0.04546650184563721,-0.009339803841543542,-0.017721922592913743,2
data/Split/Healthy/d1_msns/pre_processed_data/Naive_D1-MSNs_cell_body_stim/Neuron_0079,AG8019,7,061422,1.7,2,Naive,79,12,right,raw_data/D1-MSN_DIO-ChR2_rec_SNr/Naive/D1-MSNs cell body stim/Mouse#7_recorded_061422_AG8019/Trajectory2_1.7mm_right_rec5_1mW_10s_STR_neurons_recorded_together/Ch12.txt,27.29137216770303,0.6757640564458728,0.44123775360956996,116.04629982436624,0.015760767426848895,0.05748502994011976,0.03571944444444534,2.200773076923076,26.134425422453287,4.440361628332013,22.1,0.5984706704241831,0.2,18.377801568562187,0.006587500000000546,0.03166666666666666,0.006587500000000546,1.0,21.608363296064176,1.1087142123647111,-0.9095155502392345,-0.8683456666493706,-0.2,-0.2,-0.2,-0.2,-0.2,0.0,-0.9072087805950945,-0.2,data/Split/Healthy,-1.1364156708432624,-1.2694593007923667,-0.34029799816950174,-0.32672406392288916,-0.34792430483754655,-0.3608828777593565,-0.34652695242508436,0.022472013246651306,-1.1276417133996084,-0.3598424280622727,-0.2556427256010767,-0.06484316082480378,-0.7253875887728573,-0.6694455877840373,-0.8189982271591225,-0.7954865163102824,-0.6953818317916038,0.7360436647324773,-0.191158779659554,-0.6749853622691456,-1.7990968088012984,-1.326668827558363,-0.2075402458061471,-0.2065578832025467,0.0013912514120405397,-0.012269303283911077,-0.015535570519933583,-0.01193857352551179,-0.00022645685668285106,0.0003444640112131314,2
data/Split/Healthy/d1_msns/pre_processed_data/Naive_D1-MSNs_cell_body_stim/Neuron_0090,AG8019,7,061422,1.7,5,Naive,90,4,left,raw_data/D1-MSN_DIO-ChR2_rec_SNr/Naive/D1-MSNs cell body stim/Mouse#7_recorded_061422_AG8019/Trajectory5_1.7mm_left_rec17_1mW_10s_STR_neurons_recorded_together/Ch4.txt,9.700943503189668,0.8902936880912143,0.8338337183035144,69.57821419363134,0.0486770770467441,0.27882599580712786,0.05837743902439036,1.09729125,7.354041516129722,9.461221294579921,9.7,0.990199823762058,0.5,45.668132319007604,0.017847499999993487,0.12919580419580418,0.015342499999994175,0.9628800000000013,8.250588588330361,5.632894032654556,-0.9412698412698413,-1.0,-0.4,-0.4,-0.4,-0.4,-0.4,0.022789783889979414,-0.9282199104383594,-0.4,data/Split/Healthy,-1.2050833533902066,-1.5553995123211926,-0.8999578483093805,-0.8871325528753764,-0.9158368535576878,-0.9269477248196124,-0.9265898731044008,0.16831152356166537,-1.1735841698072438,-0.9283862359982442,-1.0603691349658217,2.386476625924852,-0.03287428415376686,-0.134768041117361,0.07501572719201943,0.7780309858815198,0.21172358058380428,0.40266401483312453,-1.0710750192099627,1.3732668594676545,-3.119536606939767,-0.8651176533366757,-0.4899939874800764,-0.2537713759978827,-0.02743102216098687,0.005684735419193578,-0.02092168021867382,-0.0073822266085810575,-0.00046043165034910825,0.00028141945562822627,2
data/Split/Healthy/d1_msns/pre_processed_data/Naive_D1-MSNs_cell_body_stim/Neuron_0123,AG7499,1,011322,1.4,1,Naive,123,10cell2,right,raw_data/D1-MSN_DIO-ChR2_rec_SNr/Naive/D1-MSNs cell body stim/Mouse#1_recorded_011322_AG7499/011322_D1-cre#1_trajectory1_1.4mm_right_1mW_STR_10s_cont_stim_neurons_recorded_together/Neuron_recorded_in_Ch10cell2.txt,3.0960289425326315,0.9619250159913469,0.2935889514470599,20.00358533595357,0.06864576758164119,0.35344827586206895,0.23381590909090946,2.9642774999999997,2.14928196071829,9.30710148856801,37.6,0.6841143468466402,0.7,115.60193813558404,0.013629999999994879,0.06606063675861744,0.011209999999996967,0.8866375000000005,35.78205291440819,2.8996186172770577,-0.8127225279219937,-0.4748703189373621,-0.5,-0.5,-0.5,-0.5,-0.5,0.08526442923457171,-0.798637792638414,-0.5,data/Split/Healthy,-0.9271037223310697,-0.4148697001864706,-1.1797877733793198,-1.16733679735162,-1.1997931279177583,-1.2099801483497403,-1.216621333444059,0.568107841426957,-0.8902428719978168,-1.21265813996623,0.7502652861048542,0.4710884563026971,0.42880125225896,1.2353888860741695,-0.25984251903152056,-0.2405804104977774,-0.21644467945520993,-0.2820800034172135,0.7425041950803294,0.13581882147015775,-3.3268466036536966,0.2791167964834164,-0.15196119412737064,0.5325738421631151,0.06767676561265028,-0.06931358238475556,0.011145218099067303,0.004098588945534578,0.0003038643510353448,-0.0007192515542984552,2
data/Split/Healthy/d1_msns/pre_processed_data/Naive_D1-MSNs_cell_body_stim/Neuron_0058,AG7960,1,062122,1.4,1,Naive,58,3,right,raw_data/D1-MSN_DIO-ChR2_rec_SNr/Naive/D1-MSNs cell body stim/Mouse#1_recorded_062122_AG7960/Trajectory1_1.4mm_right_rec1_1mW_10s_STR_neurons_recorded_together/Ch3.txt,6.6954702767099405,1.0747763104439072,0.702611078420179,53.501317193566685,0.05475251816327142,0.3487654320987654,0.07792720588235309,1.2647507575757573,4.612888980223605,11.59822346103228,17.9,0.802475788708859,0.7,63.040403520072275,0.027389999999991234,0.139230670698062,0.021689999999992438,0.921950000000001,16.02735499682489,4.41518506677941,-0.259982608159948,-0.09264482180069893,-0.13333333333333333,-0.15628370975775197,-0.061098999038892245,-0.054660154660154656,-0.027339408246054332,0.020243441306624747,-0.26010963311602964,-0.09709277524833548,data/Split/Healthy,0.2681794381293438,0.4152863358620418,-0.15374471478954213,-0.2042291631365562,0.04649380254046093,0.05047600886094755,0.15424308326997985,0.15201661891300844,0.2872904961600135,-0.06730610094010157,-0.5282113481278453,1.2117577221789149,0.42880125225896,0.20559292521727424,0.8326647644388318,0.9399317108699217,0.8693879558043088,0.03506624892846216,-0.5587963497649259,0.8219680177202904,0.06563444460258971,0.5841983365999652,0.22050041848684943,0.18256157608284024,-0.27165015651549845,0.014479283577066076,-0.05584972919165631,-0.011947329010027019,-0.026898803620132545,-0.01126614551015475,1
data/Split/Healthy/d1_msns/pre_processed_data/Naive_D1-MSNs_cell_body_stim/Neuron_0059,AG7960,1,062122,1.4,1,Naive,59,4,right,raw_data/D1-MSN_DIO-ChR2_rec_SNr/Naive/D1-MSNs cell body stim/Mouse#1_recorded_062122_AG7960/Trajectory1_1.4mm_right_rec1_1mW_10s_STR_neurons_recorded_together/Ch4.txt,58.854010333549105,0.7692831340517376,0.8885963638843439,182.89298220581793,0.03621908446676725,0.10393258426966293,0.04075988372093021,1.0202642857142856,54.7190342690817,3.342401499749408,50.9,0.36651737407378543,0.1,7.986024457199323,0.010017500000000724,0.021621621621621623,0.010017500000000724,1.0,50.42284888728366,0.24779394679997666,-0.3372176173844076,0.337635840123636,0.4,0.44008040552352545,0.33523848684209445,0.36016260162601627,0.33523848684209445,-0.19110121566953214,-0.3790900856976901,0.43080795370316904,data/Split/Healthy,0.10116109437783048,1.3498134445120453,1.3386815522501345,1.4668084004147817,1.1719189613404815,1.2245589093321732,1.205833047262932,-1.2004490924731288,0.027130557267157622,1.4333673523112165,1.6133992574396208,-1.5163350911563562,-0.9562253569792208,-0.8730433360934723,-0.5466653796079237,-0.9575514600709226,-0.33999958570935657,0.7360436647324773,1.7069368508443623,-1.064753655468471,3.317142985995325,-0.9272852734499959,-0.00766959423027784,0.8804647208968333,0.36516778286876483,-0.09924965871853574,-0.10467294079408611,-0.010347440446560706,0.03219122118516627,0.006900888813791326,0
data/Split/Healthy/d1_msns/pre_processed_data/Naive_D1-MSNs_cell_body_stim/Neuron_0014,AG8019,8,060922,1.4,4,Naive,14,13cell1,left,raw_data/D1-MSN_DIO-ChR2_rec_SNr/Naive/D1-MSNs cell body stim/Mouse#8_recorded_060922_AG8019/Trajectory4_1.4mm_left_rec14_1mW_10s_STR_neurons_recorded_together/Ch13cell1.txt,49.41521598050245,0.5733553334132263,0.38653318387383556,196.45462565447258,0.008611043863379197,0.03046521202140799,0.02227763157894832,2.43582361111111,48.32590745742628,4.065203034780948,51.5,0.528200425354174,0.5,31.42411041250549,0.012352499999974498,0.040613553113553115,0.005534999999989054,0.9036425000000046,49.90799560669481,0.7855802925320104,-0.6026808904700226,0.21182265852269855,0.44000000000000006,0.4741846283967582,0.44521072796947997,0.4708860759493671,0.507762557077812,0.09297103022407899,-0.638174084668574,0.5242870335853895,data/Split/Healthy,-0.47289510944500696,1.0765596377856401,1.4506135222781107,1.5623698804512178,1.4841920400760789,1.537942242126312,1.7062071276050013,0.6174249793133383,-0.5393765947721293,1.699102112504159,1.652337632086302,-0.5045726032012493,-0.03287428415376686,-0.41383972981467154,-0.3612726102129167,-0.6511390651694114,-0.8044313402480557,-0.1293558399867167,1.6730219381820277,-0.8212792311042371,3.0270901075030454,-1.684947905024261,1.9493268099509569,0.6226644907886757,0.2539549556978682,-0.0671063845236308,-0.1035705871085827,-0.02265150612241521,0.022055555438836798,0.00040808769746567366,0
data/Split/Healthy/d1_msns/pre_processed_data/Naive_D1-MSNs_cell_body_stim/Neuron_0074,AG8019,7,061422,1.4,1,Naive,74,14,right,raw_data/D1-MSN_DIO-ChR2_rec_SNr/Naive/D1-MSNs cell body stim/Mouse#7_recorded_061422_AG8019/Trajectory1_1.4mm_right_rec1_1mW_10s_STR_neurons_recorded_together/Ch14.txt,49.55449289829169,0.5666131889410525,0.5291239488113282,302.93977842132375,0.005580731340876401,0.03326488706365503,0.010547115384615382,1.859444,48.17491957203317,6.28832971829575,29.3,0.5401324190108755,0.8,104.74945598953884,0.01808500000001061,0.07998669331326533,0.00957208333333881,0.8083499999999958,26.934173770295672,3.0413332684402805,-0.7979145173176124,-0.4847610290733225,-0.5,-0.5,-0.5,-0.5,-0.5,0.18399988587822735,-0.7915761606170058,-0.5,data/Split/Healthy,-0.8950818525827151,-0.43635134592094654,-1.1797877733793198,-1.16733679735162,-1.1997931279177583,-1.2099801483497403,-1.216621333444059,1.1999493155346366,-0.8748020687792167,-1.21265813996623,0.21161777015909763,-0.42990588029636567,0.6596390204653236,1.0227649137906294,0.09387259345967822,-0.01589992751181138,-0.38614919954048493,-0.9851904382636054,0.15966815278831287,0.19997793110500214,-3.4782126317558473,0.3939262388903976,0.42787348853465007,0.37805250206792546,0.10945557200243865,-0.048453392771509354,0.058373165743532775,0.02299562033690383,-0.0013511328810203544,-0.0008179249132703565,2
data/Split/Healthy/d1_msns/pre_processed_data/Naive_D1-MSNs_cell_body_stim/Neuron_0088,AG8019,7,061422,1.1,3,Naive,88,6,right,raw_data/D1-MSN_DIO-ChR2_rec_SNr/Naive/D1-MSNs cell body stim/Mouse#7_recorded_061422_AG8019/Trajectory3_1.1mm_right_rec9_1mW_10s_STR_neurons_recorded_together/Ch6.txt,41.343522332050824,0.8533421713904921,2.253993604546975,183.9393195503619,0.058125113905363915,0.23035363457760313,0.025787612612612688,0.41006454545454535,33.783565276445295,5.444639073621065,52.5,0.5805562735979934,1.3,186.64262887961883,0.022587500000000205,0.08001770887880774,0.014312499999999773,0.7728058333333252,48.57454989265286,3.035713872519159,0.22788437424739955,0.21030254703021747,0.2361904761904762,0.24458210248200185,0.2132030165000005,0.218200685512509,0.16588026744393897,-0.22348357927898058,0.1989361283605049,0.23506863242128637,data/Split/Healthy,1.3231768569283704,1.0732581057308628,0.8802934845165197,0.9190138574134034,0.8253915863592826,0.8227606576663065,0.7146409303372191,-1.4076747543944432,1.291029468936184,0.8769354568891956,1.717234923164104,-0.17694591098659038,1.813827861497141,2.627232121242972,0.45135907920206164,-0.015399527975244322,0.1050052967754351,-1.304417319710246,1.5851839139589452,0.19743383678570994,2.993011995805799,0.8108797585051867,-0.766924314447257,0.030633273997951297,0.0485862241530216,0.03222837442000851,-0.01840769343011861,0.005398115570016706,-0.012218437628555925,0.03266940920238474,0
data/Split/Healthy/d1_msns/pre_processed_data/Naive_D1-MSNs_cell_body_stim/Neuron_0032,AG7499,2,011122,1.7,5,Naive,32,12,left,raw_data/D1-MSN_DIO-ChR2_rec_SNr/Naive/D1-MSNs cell body stim/Mouse#2_recorded_011122_AG7499/011122_D1-cre#2_trajectory5_1.7mm_left_1mW_STR_10s_cont_stim_neurons_recorded_together/Neuron_recorded_in_Ch12.txt,66.252566508731,0.3421791285471693,0.10376282930106655,262.12250928546,0.0014325755620378522,0.00548159749412686,0.01380625000000002,4.058791666666667,65.98392356256036,3.9725208070862545,49.9,0.548190279103845,0.6,107.7332213514685,0.009907499999999913,0.043546677884913176,0.008971250000000453,0.9289600000000007,48.39434072814466,2.549946847246224,-0.867421834286823,-0.3106871042604059,-0.5,-0.5,-0.5,-0.5,-0.5,0.055086848635234865,-0.8628493067945746,-0.5,data/Split/Healthy,-1.0453892983301618,-0.05827997055576727,-1.1797877733793198,-1.16733679735162,-1.1997931279177583,-1.2099801483497403,-1.216621333444059,0.37499132929389134,-1.0306463016084,-1.21265813996623,1.5485019663618187,-0.37948228604393663,0.19796348405259656,1.0812234337013682,-0.5553990860892214,-0.6038165594980317,-0.4484015317628925,0.09802398992507909,1.573313001787117,-0.022489647311794748,-3.245509113602689,0.2504703922908227,-0.24652096905658405,0.9547126291336512,0.10005952664677341,-0.11772866966493874,0.001044395403912638,0.012681629848772493,0.0027011343522612046,-0.0019868514682791875,2
data/Split/Healthy/d1_msns/pre_processed_data/Naive_D1-MSNs_cell_body_stim/Neuron_0111,AG7499,1,011322,1.4,6,Naive,111,8cell2,left,raw_data/D1-MSN_DIO-ChR2_rec_SNr/Naive/D1-MSNs cell body stim/Mouse#1_recorded_011322_AG7499/011322_D1-cre#1_trajectory6_1.4mm_left_1mW_STR_10s_cont_stim_neurons_recorded_together/Neuron_recorded_in_Ch8cell2.txt,4.158314496524076,1.0369863074486683,0.29321448372926173,24.970649261206244,0.06336831470977104,0.30128205128205127,0.21611590909090933,2.4949049999999997,3.1020613767033773,8.049695421482296,2.8,0.32707591658270435,0.0,0.0,0.0,0.0,0.0,1.0,2.8,0.0,0.2207142857142857,0.23748038995885498,0.1,0.1,0.1,0.1,0.1,0.0,0.17879489757829234,0.1,data/Split/Healthy,1.3076717599085446,1.1322856968335042,0.4991917770403164,0.5138886695058418,0.5039445182426653,0.4882143928310274,0.5235674285938904,0.022472013246651306,1.2469891139381142,0.49297328384168476,-1.5081604434026554,-1.7631475235278136,-1.1870631251855843,-1.0295071035516852,-1.3420281493875708,-1.3063908009010003,-1.377912603239673,0.7360436647324773,-1.4301214561290716,-1.1769385204001805,1.9416833931677029,1.386355211161741,0.37631225293183734,-0.05624191682238063,-0.005533663202652571,0.006759592761562729,0.014349232268501827,0.05477331213559176,0.004300920016402449,-0.001564586958355361,1
data/Split/Healthy/d1_msns/pre_processed_data/Naive_D1-MSNs_cell_body_stim/Neuron_0097,AG7499,1,011322,1.4,3,Naive,97,12,right,raw_data/D1-MSN_DIO-ChR2_rec_SNr/Naive/D1-MSNs cell body stim/Mouse#1_recorded_011322_AG7499/011322_D1-cre#1_trajectory3_1.4mm_right_+500more_caudal_1mW_STR_10s_cont_stim_neurons_recorded_together/Neuron_recorded_in_Ch12.txt,49.43995404751159,0.3703062005163912,0.1538587781561564,209.5194874616429,0.002441867024986674,0.009854771784232365,0.01587083333333339,0.16053999999999996,49.07256325740025,4.269585152148068,45.4,0.32284446424155483,0.0,0.0,0.0,0.0,0.0,1.0,45.4,0.0,0.10379699829720687,0.40490962952909904,0.5,0.5,0.5,0.5,0.5,-0.34703432493612807,0.07810578353605883,0.5,data/Split/Healthy,1.05484170399996,1.4959254719962647,1.6185114773200737,1.6347056474108164,1.6397696156829475,1.6203440869515393,1.6836932699525236,-2.198317628968429,1.0268245979355841,1.6300608997136279,1.2564641565117096,-1.7896266424858078,-1.1870631251855843,-1.0295071035516852,-1.3420281493875708,-1.3063908009010003,-1.377912603239673,0.7360436647324773,1.3760668967217111,-1.1769385204001805,4.816205130580144,-0.30638054974717516,-0.8304706096232541,0.46363869891175247,-0.0707429085421042,-0.09682707186268098,-0.12037680093663597,-0.03655162717312295,0.007949078060328066,-2.6897463768804105e-05,0
data/Split/Healthy/d1_msns/pre_processed_data/Naive_D1-MSNs_cell_body_stim/Neuron_0015,AG8019,8,060922,1.4,4,Naive,15,4,left,raw_data/D1-MSN_DIO-ChR2_rec_SNr/Naive/D1-MSNs cell body stim/Mouse#8_recorded_060922_AG8019/Trajectory4_1.4mm_left_rec14_1mW_10s_STR_neurons_recorded_together/Ch4.txt,35.27273440513628,0.7337378825369905,1.2258827990663677,161.74442544911813,0.033821289171042206,0.13577386468952735,0.02758933333333374,0.7641297297297294,31.55070443503094,5.126491732765634,31.5,0.6042558562040805,0.6,65.76759143895697,0.02283499999999563,0.088031211320685,0.019104999999999706,0.96096,29.622130030530894,2.549760964185139,-0.24452603645122464,0.14990991974387693,0.4833333333333334,0.4750291075072937,0.38084838473391225,0.4969106210061781,0.3016765242001115,-0.48977612147026467,-0.339689273397573,0.5569285685063758,data/Split/Healthy,0.3016038014173063,0.9420912828732605,1.571873156475084,1.5647361467626537,1.3014311281335196,1.6116001427132944,1.1084927968937381,-3.1117705080533065,0.11328347312778661,1.7918928253084216,0.354391810530262,-0.028641258945794248,0.19796348405259656,0.25902452922025865,0.4710099187844734,0.11388887409212221,0.6015561464398835,0.3854202398383185,0.3367318042071961,-0.022573802983756233,4.138998386564856,-1.434972819812906,-1.7825839526568248,0.7819683704791963,0.30988428193618595,0.2704840399740897,-0.1059698527629185,-0.007150557640158144,-0.01398167827443979,-0.013740719235782472,0
data/Split/Healthy/d1_msns/pre_processed_data/Naive_D1-MSNs_cell_body_stim/Neuron_0117,AG7499,1,011322,1.4,2,Naive,117,5,right,raw_data/D1-MSN_DIO-ChR2_rec_SNr/Naive/D1-MSNs cell body stim/Mouse#1_recorded_011322_AG7499/011322_D1-cre#1_trajectory2_1.4mm_right_+250more_caudal_1mW_STR_10s_cont_stim_neurons_recorded_together/Neuron_recorded_in_Ch5.txt,19.92163727582535,0.8696657872379632,1.6194363204864477,97.34195104098934,0.06094735739481551,0.28258064516129033,0.03763492063492073,0.5664899193548387,15.219773113148475,6.395755726272615,37.1,0.6201511199373267,0.4,74.12099582625179,0.008832499999999754,0.04034526854219948,0.008832499999999754,1.0,36.0694689252827,2.2632842251816365,-0.14745621214386118,0.27817331458434114,0.5833333333333333,0.5224585608640101,0.603351200300298,0.621263507931234,0.5237471296668422,-0.45401309429163506,-0.2843905077047421,0.5970808397007187,data/Split/Healthy,0.511514325761905,1.2206667108039984,1.851703081545023,1.697635488200053,1.9332418335620878,1.9635591323069597,1.7525674169140182,-2.882910840217352,0.2341984906061683,1.9060344511189693,0.7178166405659533,0.07082638131763819,-0.2637120523601303,0.42268607678287096,-0.6407512176103779,-0.6554675200218585,-0.4627774170818889,0.7360436647324773,0.7614371402009603,-0.15227170192850792,4.991832890920805,-1.5036381741649258,-1.2677845487387442,0.7720756904606212,-0.12010597826265704,0.08273137724394763,-0.01016011423356526,0.07388745771621831,-0.00404027964381061,0.03530145946474274,0
data/Split/Healthy/d1_msns/pre_processed_data/Naive_D1-MSNs_cell_body_stim/Neuron_0101,AG7499,1,011322,1.4,3,Naive,101,4,right,raw_data/D1-MSN_DIO-ChR2_rec_SNr/Naive/D1-MSNs cell body stim/Mouse#1_recorded_011322_AG7499/011322_D1-cre#1_trajectory3_1.4mm_right_+500more_caudal_1mW_STR_10s_cont_stim_neurons_recorded_together/Neuron_recorded_in_Ch4.txt,44.90617270414169,0.2746072673788364,0.016124298996101145,235.7563850687687,0.00020518170472538148,0.0010771992818671453,0.012724999999999653,62.0182,44.86700569586798,5.254560258976245,41.5,0.4800213677616155,0.5,75.95349529431137,0.010462499999999864,0.0430537084398977,0.007010833333331827,0.9253687499999984,39.904339431539384,1.6938166887077908,0.38486877505021794,0.37356793156953694,0.6764285714285714,0.6190869669689756,0.5762036111026367,0.5609002825303187,0.3880118338089862,-0.39817100542610995,0.36735224466166055,0.4822309326679973,data/Split/Healthy,1.6626508193216716,1.4278543989358587,2.1122114165506094,1.968392383475908,1.8561545506978319,1.7927116325337953,1.3588923561411226,-2.525558487319589,1.6592843005053353,1.5795484336915906,1.003364721308282,-0.8060622323933969,-0.03287428415376686,0.4585887680624222,-0.5113335670248208,-0.611770039549528,-0.6515202717797242,0.06577049672190431,1.0140514347866059,-0.4100892938726782,5.50274725340943,0.15614050900784035,-1.237898211898023,-0.027130594304115525,0.21128061360319186,-0.10276443249463,0.3746434524732872,-0.03616956736862154,-0.05543728438897046,-0.008450315417748244,0
data/Split/Healthy/d1_msns/pre_processed_data/Naive_D1-MSNs_cell_body_stim/Neuron_0051,AG7499,2,011122,1.4,1,Naive,51,2,right,raw_data/D1-MSN_DIO-ChR2_rec_SNr/Naive/D1-MSNs cell body stim/Mouse#2_recorded_011122_AG7499/011122_D1-cre#2_trajectory1_1.4mm_right_1mW_STR_10s_cont_stim_neurons_recorded_together/Neuron_recorded_in_Ch2.txt,54.662847076395614,0.8742371066794996,1.5034325653298646,270.2378992241276,0.020827443527314596,0.09267563527653214,0.013853260869565436,0.6396846153846151,50.65188221392953,5.335199550586706,7.2,0.2787189606561397,0.0,0.0,0.0,0.0,0.0,1.0,7.2,0.0,-0.6963636363636364,-0.6,0.0,0.0,0.0,0.0,0.0,0.0,-0.6963636363636364,0.0,data/Split/Healthy,-0.6754811803778514,-0.6866390112375155,0.21936185197037703,0.23368442502959813,0.21998824388259466,0.20518196930089944,0.23353596825423217,0.022472013246651306,-0.666612538868072,0.20870137987369894,-1.2226123626603267,-2.065750385427977,-1.1870631251855843,-1.0295071035516852,-1.3420281493875708,-1.3063908009010003,-1.377912603239673,0.7360436647324773,-1.140280405599883,-1.1769385204001805,-0.21319160697764203,-1.1980849988463926,0.19495400548868053,-0.20537724451844963,0.02543175361742648,-0.018644517676450097,0.0009082137494303821,-0.022474668776404895,-0.001272179016227313,0.0011975180540968156,1
data/Split/Healthy/d1_msns/pre_processed_data/Naive_D1-MSNs_cell_body_stim/Neuron_0115,AG7499,1,011322,1.4,2,Naive,115,2,right,raw_data/D1-MSN_DIO-ChR2_rec_SNr/Naive/D1-MSNs cell body stim/Mouse#1_recorded_011322_AG7499/011322_D1-cre#1_trajectory2_1.4mm_right_+250more_caudal_1mW_STR_10s_cont_stim_neurons_recorded_together/Neuron_recorded_in_Ch2.txt,30.280888659254533,0.4005066383181553,0.20564270736335846,122.58148045677333,0.009845787248481204,0.03735144312393888,0.04787812499999955,4.000846428571429,29.439710898923657,4.16381400203407,15.7,0.5848835307477921,0.4,22.510067422043154,0.018689999999998007,0.0994047619047619,0.015488750000000096,0.9037850000000021,14.585979247752338,2.6561048219725247,-0.39177835614677725,0.08103092081733014,-0.1,-0.1229545955938021,-0.06695230771021138,-0.06295399515738499,-0.06290068479795582,0.004581442489937892,-0.40734210612916844,-0.07192066997418693,data/Split/Healthy,-0.01682483342165876,0.7924928988193384,-0.06046807309956236,-0.11083957060283581,0.02987296531058816,0.027001751097913317,0.05110419357107547,0.051790208298194834,-0.03464466504516741,0.004251121991546287,-0.6709853884990097,-0.14986727519124493,-0.2637120523601303,-0.5884854195501796,0.14190797910546085,0.29738768644204266,0.22687654078544575,-0.1280760285613443,-0.653744045519127,0.025571728722169788,0.07619977199419975,0.3672942389425621,0.23784211273969535,0.7001120801974167,-0.04652804282456804,-0.024407747966515302,-0.010656184117509149,-0.00038253630078324607,0.005298360005367319,0.010734240261946628,1
data/Split/Healthy/d1_msns/pre_processed_data/Naive_D1-MSNs_cell_body_stim/Neuron_0124,AG7499,1,011322,1.4,1,Naive,124,15,right,raw_data/D1-MSN_DIO-ChR2_rec_SNr/Naive/D1-MSNs cell body stim/Mouse#1_recorded_011322_AG7499/011322_D1-cre#1_trajectory1_1.4mm_right_1mW_STR_10s_cont_stim_neurons_recorded_together/Neuron_recorded_in_Ch15.txt,19.296801081474936,1.3304083481926305,1.2544255198192558,90.62851702392264,0.08513145445301035,0.3582295988934993,0.06786489361702122,0.6512396739130435,13.536497489621532,6.695123099118348,18.0,0.4923828566653102,0.1,5.219660722054664,0.00574749999999824,0.025,0.00574749999999824,1.0,17.7548818333731,0.5466289691171851,-0.9954545454545455,-1.0,-0.1,-0.1,-0.1,-0.1,-0.1,0.0,-0.9954545454545455,-0.1,data/Split/Healthy,-1.3222561179236374,-1.5553995123211926,-0.06046807309956236,-0.04651981944664552,-0.06396803047747593,-0.07785045422922851,-0.0564954920854261,0.022472013246651306,-1.320597886411568,-0.07557052409428686,-0.521721619020065,-0.7287078611776888,-0.9562253569792208,-0.9272424804211997,-0.8856919857432691,-0.9030453130662229,-0.7824142185874907,0.7360436647324773,-0.44499903314617595,-0.9294607354901546,-1.3974252796672015,-1.9614950472959067,-0.03764149117211703,-0.4128638140572585,0.004863925145925258,-0.00030223443020214145,-0.010173639963236628,-0.019659101391996933,-0.0012615614463179613,0.0008731553399896342,2
data/Split/Healthy/d1_msns/pre_processed_data/Naive_D1-MSNs_cell_body_stim/Neuron_0052,AG7499,2,011122,1.4,1,Naive,52,4,right,raw_data/D1-MSN_DIO-ChR2_rec_SNr/Naive/D1-MSNs cell body stim/Mouse#2_recorded_011122_AG7499/011122_D1-cre#2_trajectory1_1.4mm_right_1mW_STR_10s_cont_stim_neurons_recorded_together/Neuron_recorded_in_Ch4.txt,4.834587518120546,1.3957478505063448,0.4688084866056288,35.59213829347646,0.06947595268843351,0.4121212121212121,0.14819687499999995,0.5744366666666667,3.054355723807522,11.652911943441788,32.5,0.5887219420861485,0.6,49.84553905344269,0.018452499999995098,0.07852668845315905,0.012516249999997342,0.8371050000000053,30.900148488354468,2.0370389682143184,-0.9774725274725276,-0.9,-0.4,-0.4,-0.4,-0.4,-0.4,0.1375576015416003,-0.9716221912959387,-0.4,data/Split/Healthy,-1.2833705543583078,-1.3382093870502731,-0.8999578483093805,-0.8871325528753764,-0.9158368535576878,-0.9269477248196124,-0.9265898731044008,0.9027494808077063,-1.268486605381429,-0.9283862359982442,0.419289101608064,-0.1258476851678248,0.19796348405259656,-0.052923463833879365,0.12305111283893067,-0.03945538241343989,-0.08110413748872458,-0.7269379643180397,0.4209186706643049,-0.2547007318628296,-3.2873240663229697,-0.7597612016208604,0.24624472116839125,-0.15487313662618277,0.055727020424662925,-0.004450418145888965,0.03686181779879253,0.008899259654784325,-0.0022036283585967933,1.5322933912950737e-05,2
data/Split/Healthy/d1_msns/pre_processed_data/Naive_D1-MSNs_cell_body_stim/Neuron_0075,AG8019,7,061422,1.4,1,Naive,75,15,right,raw_data/D1-MSN_DIO-ChR2_rec_SNr/Naive/D1-MSNs cell body stim/Mouse#7_recorded_061422_AG8019/Trajectory1_1.4mm_right_rec1_1mW_10s_STR_neurons_recorded_together/Ch15.txt,42.7870612057711,0.5754138737737663,1.1935252074976272,181.09866488628788,0.03312563814768171,0.12915552158960641,0.027754452054794636,0.7564076388888886,38.53745374638923,4.699289840944822,51.4,0.44599020599182626,0.6,69.04634325127303,0.012102500000001015,0.051399941055113474,0.0070820833333336,0.9081312499999967,49.345120150289446,1.5984463071169235,-0.9725992330620006,-1.0,-0.3,-0.3,-0.3,-0.3,-0.3,0.06837526050736187,-0.9722424875794321,-0.3,data/Split/Healthy,-1.272832204337603,-1.5553995123211926,-0.6201279232394411,-0.6069283083991327,-0.6318805791976171,-0.6439153012894844,-0.6365584127647426,0.46002835683443516,-1.269842931061047,-0.6441143320302584,1.6458479029785216,-1.01901870883009,0.19796348405259656,0.32326248189180906,-0.3811219431227052,-0.4771134289188586,-0.6441380603995525,-0.08904178008684717,1.635943662363476,-0.4532667544822933,-2.650911449130389,-1.2203726097194227,-0.016272603216447745,-0.346584061791469,0.012246593785927079,0.010005414969914916,0.008629014668731774,0.004124002581163412,-0.0011080858220621965,5.942371476683549e-05,2
data/Split/Healthy/d1_msns/pre_processed_data/Naive_D1-MSNs_cell_body_stim/Neuron_0095,AG8019,7,061422,1.1,6,Naive,95,7,left,raw_data/D1-MSN_DIO-ChR2_rec_SNr/Naive/D1-MSNs cell body stim/Mouse#7_recorded_061422_AG8019/Trajectory6_1.1mm_left_rec21_1mW_10s_STR_neurons_recorded_together/Ch7.txt,9.552652914699982,0.9578158439005067,0.7504207172906567,89.85095755734747,0.03738159958260384,0.267515923566879,0.04981418918918921,1.1661388888888888,7.268888839727322,12.361030624966615,10.5,0.8335442699942117,0.6,49.99242546690748,0.025944999999998684,0.17064574314574316,0.025944999999998684,1.0,8.737617853190141,5.4682145319059465,0.20871985184580227,-0.028221106391816957,-0.15,-0.1438805170028799,-0.19473473311184614,-0.17970627503337783,-0.24765021829954334,-0.14071577541460112,0.248743278918545,-0.17112066461698933,data/Split/Healthy,1.2817341637450066,0.555208284062773,-0.20038303563453203,-0.16947489058683476,-0.33297324914683035,-0.3034450561617871,-0.48472757641428493,-0.8780156736544226,1.3999366462451086,-0.277746591515688,-1.00845130210358,1.4061746612045325,0.19796348405259656,-0.05004563622862998,0.7179356202086764,1.4467768197409148,1.3102484389186249,0.7360436647324773,-1.0389929569905496,1.2987107704788583,0.3863310719056028,1.9599380380907223,-1.1343677403239858,-0.17057936093156778,0.05184828581075447,0.06277825088422734,0.02200910864070879,-0.05183972046721114,-0.024259835749219597,0.011087202782847251,1
data/Split/Healthy/d1_msns/pre_processed_data/Naive_D1-MSNs_cell_body_stim/Neuron_0132,AG8020,1,062822,1.4,1,Naive,132,3,right,raw_data/D1-MSN_DIO-ChR2_rec_SNr/Naive/D1-MSNs cell body stim/Mouse#1_recorded_062822_AG8020/Trajectory1_1.4mm_right_rec1_1mW_10s_STR_neurons_recorded_together/Ch3.txt,67.26618042320786,0.4178704370425626,0.040941071468781405,313.69829485184925,0.0004544458933035781,0.002130249543517955,0.011100000000002552,20.138099999999998,67.15340426185527,4.671368462998939,65.77777777777777,0.4016354683198022,0.0,0.0,0.0,0.0,0.0,1.0,65.77777777777777,0.0,0.08945917314410427,0.05251591459780687,0.4444444444444444,0.4444444444444444,0.4444444444444444,0.4444444444444444,0.4444444444444444,-0.09596359626644337,0.0776037862734125,0.4444444444444444,data/Split/Healthy,1.0238365959004636,0.7305611210901454,1.463050407836774,1.479036622701792,1.4820161299273527,1.4631038516570236,1.5225646808749356,-0.5916313918198394,1.0257269421917987,1.472132064175858,2.578926732474919,-1.296576927729726,-1.1870631251855843,-1.0295071035516852,-1.3420281493875708,-1.3063908009010003,-1.377912603239673,0.7360436647324773,2.718411560031136,-1.1769385204001805,3.860475098726304,-0.21452819110249993,0.4262486980291829,-0.4258349405398139,-0.026796983163821293,0.007062600530866943,-0.0112254057260565,-0.031898940415904374,-0.0005011485489781057,0.0025120083167404182,0
data/Split/Healthy/d1_msns/pre_processed_data/Naive_D1-MSNs_cell_body_stim/Neuron_0096,AG8019,7,061422,1.1,6,Naive,96,9,left,raw_data/D1-MSN_DIO-ChR2_rec_SNr/Naive/D1-MSNs cell body stim/Mouse#7_recorded_061422_AG8019/Trajectory6_1.1mm_left_rec21_1mW_10s_STR_neurons_recorded_together/Ch9.txt,10.789833016179172,0.839573017931614,0.6895757942670899,54.9453370637433,0.05005914633558917,0.21804511278195488,0.07259411764705885,1.3375287878787878,8.881776825074366,6.18630012281166,10.9,0.6122448883607678,0.2,8.184362581837027,0.017177499999998246,0.06999999999999999,0.017177499999998246,1.0,10.320776349306623,1.154671438778059,-0.05668126466433195,0.0316945841308096,0.1,0.1,0.1,0.1,0.1,0.0,-0.07526745707980424,0.1,data/Split/Healthy,0.7078123716144097,0.685339247365802,0.4991917770403164,0.5138886695058418,0.5039445182426653,0.4882143928310274,0.5235674285938904,0.022472013246651306,0.6914621746077994,0.49297328384168476,-0.9824923856724592,0.021351631386204113,-0.7253875887728573,-0.8691574564073118,0.02181951498852162,-0.17702343496362397,0.40184790173900453,0.7360436647324773,-0.9347056111567741,-0.6541789410292467,1.5027084365759178,0.5662747058765798,0.3948682093729349,-0.05069076649951549,0.015265565129956872,-0.011569740179937126,0.012940241827150705,0.012188426655151198,0.0012501997738650628,0.00018793136530305326,1
data/Split/Healthy/d1_msns/pre_processed_data/Naive_D1-MSNs_cell_body_stim/Neuron_0118,AG7499,1,011322,1.4,2,Naive,118,9cell1,right,raw_data/D1-MSN_DIO-ChR2_rec_SNr/Naive/D1-MSNs cell body stim/Mouse#1_recorded_011322_AG7499/011322_D1-cre#1_trajectory2_1.4mm_right_+250more_caudal_1mW_STR_10s_cont_stim_neurons_recorded_together/Neuron_recorded_in_Ch9cell1.txt,32.2420533183472,0.4292662858736065,0.39379607106378267,138.03413110581482,0.013176990823731211,0.05089058524173028,0.03346145833333353,2.5171641304347823,31.009852902725918,4.451299125436385,9.666666666666666,0.47578961857411683,0.1111111111111111,18.885741265341164,0.001961111111111475,0.0196078431372549,0.001961111111111475,1.0,9.361282186140947,1.3251719951434164,-0.5098765432098765,-0.3798294327466953,-0.1111111111111111,-0.1111111111111111,-0.1111111111111111,-0.1111111111111111,-0.1111111111111111,0.0,-0.5076517442931925,-0.1111111111111111,data/Split/Healthy,-0.2722085486745684,-0.20845028041036961,-0.09156028699622226,-0.07765362438845033,-0.09551872762859484,-0.10929850128813158,-0.08872120990094365,0.022472013246651306,-0.25397942776348875,-0.1071562912018408,-1.0625323780017482,-0.8325432089239593,-0.9305767160674027,-0.6594939329868903,-1.1863211601009072,-0.9900413986776455,-1.174721911845034,0.7360436647324773,-0.9979103375723569,-0.5769874594226799,-0.507321160317904,-0.20897119674376585,0.001222518112867839,0.028007892506680638,0.015312366037306695,-0.028281282967479837,-0.004715801500777179,-0.01090651082540141,6.298852491423208e-05,0.0005895887901500449,1
data/Split/Healthy/d1_msns/pre_processed_data/Naive_D1-MSNs_cell_body_stim/Neuron_0140,AG8020,1,062822,1.4,2,Naive,140,5,right,raw_data/D1-MSN_DIO-ChR2_rec_SNr/Naive/D1-MSNs cell body stim/Mouse#1_recorded_062822_AG8020/Trajectory2_1.4mm_right_rec5_1mW_10s_STR_neurons_recorded_together/Ch5.txt,30.908298624834057,0.7088186591120198,1.2565996817965321,140.9662764651481,0.04047011015514938,0.15672131147540982,0.03220604838709666,0.7554959016393443,27.163624400581078,5.189523842117791,42.7,0.44903364098510384,0.6,98.83356945947064,0.014799999999996061,0.058883988626635686,0.013747499999996294,0.9031500000000001,40.98438057828671,2.668450944707311,0.21053625312370028,0.02012371307812385,-0.5,-0.5,-0.5,-0.5,-0.5,0.09389238972370312,0.23103833757090225,-0.5,data/Split/Healthy,1.2856620759194066,0.6602084580315372,-1.1797877733793198,-1.16733679735162,-1.1997931279177583,-1.2099801483497403,-1.216621333444059,0.6233210693727246,1.3612234260550693,-1.21265813996623,1.0812414706016444,-0.9999738346992314,0.19796348405259656,0.9068596972075113,-0.1669476410037631,-0.35636715617028636,0.046465655656573346,-0.1337790478955777,1.0851969485566046,0.031161244242298068,-1.8330829178126202,3.1951084939659475,-0.2875013283198837,-0.05114097454803546,-0.0670665222858348,0.04108879850710061,0.01186652039915346,0.026376469532110324,-2.4946953262448742e-05,0.0005055526879489574,1
data/Split/Healthy/d1_msns/pre_processed_data/Naive_D1-MSNs_cell_body_stim/Neuron_0066,AG7960,1,062122,1.1,3,Naive,66,10,right,raw_data/D1-MSN_DIO-ChR2_rec_SNr/Naive/D1-MSNs cell body stim/Mouse#1_recorded_062122_AG7960/Trajectory3_1.1mm_right_rec9_1mW_10s_STR_neurons_recorded_together/Ch10.txt,27.99439912200293,0.527083805913233,0.39963453421845724,109.67580423507654,0.016928518869493547,0.06067094932191292,0.042359999999999245,2.200761842105264,26.74876939908259,4.100218690390973,31.0,0.3738096277054094,0.0,0.0,0.0,0.0,0.0,1.0,31.0,0.0,0.08696581027495917,0.05114891402235052,0.0,0.0,0.0,0.0,0.0,0.0,0.08696581027495917,0.0,data/Split/Healthy,1.0184447750026904,0.7275921308278575,0.21936185197037703,0.23368442502959813,0.21998824388259466,0.20518196930089944,0.23353596825423217,0.022472013246651306,1.046197729949848,0.20870137987369894,0.321943164991361,-1.4707024251551646,-1.1870631251855843,-1.0295071035516852,-1.3420281493875708,-1.3063908009010003,-1.377912603239673,0.7360436647324773,0.4274961858989114,-1.1769385204001805,1.1078100269685267,1.2614113511075595,0.15759335243611142,-0.14430518838494774,-0.025714779635924008,0.009325247941245738,0.0039843704475557,-0.0012329741971429517,3.445335167023508e-05,0.0012184001432619768,1
data/Split/Healthy/d1_msns/pre_processed_data/Naive_D1-MSNs_cell_body_stim/Neuron_0036,AG7499,2,011122,1.7,5,Naive,36,7,left,raw_data/D1-MSN_DIO-ChR2_rec_SNr/Naive/D1-MSNs cell body stim/Mouse#2_recorded_011122_AG7499/011122_D1-cre#2_trajectory5_1.7mm_left_1mW_STR_10s_cont_stim_neurons_recorded_together/Neuron_recorded_in_Ch7.txt,56.03192782257594,0.48923560884940936,0.1297035366263332,274.9383210290387,0.0014682440346100798,0.006944444444444444,0.011319999999999908,7.998643749999999,55.72463457499249,4.933873916374188,62.6,0.32645220688243964,0.0,0.0,0.0,0.0,0.0,1.0,62.6,0.0,-0.8556521987113745,0.19261417454602497,0.0,0.0,0.0,0.0,0.0,0.0,-0.8556521987113745,0.0,data/Split/Healthy,-1.0199378215955963,1.0348407073740582,0.21936185197037703,0.23368442502959813,0.21998824388259466,0.20518196930089944,0.23353596825423217,0.022472013246651306,-1.0149092695287354,0.20870137987369894,2.372697563049904,-1.767050505770567,-1.1870631251855843,-1.0295071035516852,-1.3420281493875708,-1.3063908009010003,-1.377912603239673,0.7360436647324773,2.5090819124267223,-1.1769385204001805,0.09493748943635971,-0.8831211142784897,0.5587473526645074,1.4677213768527928,0.22146041832439511,-0.21551053354091254,0.019033667108622393,-0.0359477887684765,0.0012843612616162021,-0.0005253943086113743,1
data/Split/Healthy/d1_msns/pre_processed_data/Naive_D1-MSNs_cell_body_stim/Neuron_0134,AG8020,1,062822,1.4,8,Naive,134,13,left,raw_data/D1-MSN_DIO-ChR2_rec_SNr/Naive/D1-MSNs cell body stim/Mouse#1_recorded_062822_AG8020/Trajectory8_1.4mm_left_rec19_1mW_10s_STR_neurons_recorded_together/Ch13.txt,21.393540557360613,0.8804597070380594,0.6705926321496828,97.8031196299248,0.029630380790301468,0.11391437308868502,0.04418536585365834,1.3901037500000002,19.535348614953893,5.0064691220845985,18.3,0.6659766645425658,0.2,13.725179242669967,0.013667499999999676,0.046052631578947366,0.013667499999999676,1.0,17.621234282344886,0.8550119495113311,0.05201473054622012,0.05991124790432978,0.4,0.41059983566148023,0.3754856614245901,0.40857142857142853,0.3754856614245901,-0.1909872391961352,-0.019243139523506658,0.4355887094002188,data/Split/Healthy,0.9428641347303978,0.7466230547627845,1.3386815522501345,1.3842025923655468,1.2862033388201295,1.361571585438279,1.3225625154499956,-1.1997197185945572,0.8139636672118623,1.4469576975552776,-0.5022524316967244,0.3575884547355226,-0.7253875887728573,-0.7606006827340704,-0.25686511909435555,-0.5633859548895684,0.038176856914481146,0.7360436647324773,-0.45380279373496485,-0.7898451256274902,3.6844751431547906,-0.3302666050466356,-0.20170789924111276,-0.1549264131728453,0.042965628520382416,0.08905257413331366,-0.09078890494379568,0.038913365525471616,0.005561765945237943,-0.008157613190706852,0
data/Split/Healthy/d1_msns/pre_processed_data/Naive_D1-MSNs_cell_body_stim/Neuron_0077,AG8019,7,061422,1.4,1,Naive,77,6,right,raw_data/D1-MSN_DIO-ChR2_rec_SNr/Naive/D1-MSNs cell body stim/Mouse#7_recorded_061422_AG8019/Trajectory1_1.4mm_right_rec1_1mW_10s_STR_neurons_recorded_together/Ch6.txt,28.287780340297928,0.8187215684353948,0.4884221065950721,116.21271849914882,0.01845879421809964,0.06906474820143885,0.037792708333333,1.8351923913043482,26.829328976504634,4.331555164906297,26.5,0.7524409092740021,0.6,52.14719695365022,0.02446750000000506,0.1340461062594182,0.022433750000005047,0.92376,24.601827333104417,4.575362221128325,-0.9387923637923639,-1.0,-0.5,-0.5,-0.5,-0.5,-0.5,0.0616031027795733,-0.9269181713084501,-0.5,data/Split/Healthy,-1.1997258841657592,-1.5553995123211926,-1.1797877733793198,-1.16733679735162,-1.1997931279177583,-1.2099801483497403,-1.216621333444059,0.41669103641205996,-1.1707378167707296,-1.21265813996623,0.02990535514125198,0.898654934344003,0.19796348405259656,-0.007828927948532858,0.6006260626998896,0.856284883961297,0.9464478816142619,0.05132209931417093,0.006029575162511922,0.8944857392297826,-3.764914790180624,-0.5132186860840944,-0.4482399081360043,-0.21240576719887816,-0.019353705902345662,0.009859041295433954,-0.009138796576585414,0.006528252259460351,-0.0003382899475364394,-0.00022280067840639242,2
data/Split/Healthy/d1_msns/pre_processed_data/Naive_D1-MSNs_cell_body_stim/Neuron_0136,AG8020,1,062822,1.1,7,Naive,136,7,left,raw_data/D1-MSN_DIO-ChR2_rec_SNr/Naive/D1-MSNs cell body stim/Mouse#1_recorded_062822_AG8020/Trajectory7_1.1mm_left_rec17_1mW_10s_STR_neurons_recorded_together/Ch7.txt,11.594785595458744,0.8381719913083477,0.588877026739586,65.77854320523393,0.036274317194549405,0.18038528896672504,0.061599137931034775,1.5331946428571428,9.860956302057106,6.670604877491627,6.6,0.4448501287078825,0.0,0.0,0.0,0.0,0.0,1.0,6.6,0.0,-0.8484848484848484,-0.8,0.0,0.0,0.0,0.0,0.0,0.0,-0.8484848484848484,0.0,data/Split/Healthy,-1.0044386460799632,-1.1210192617793542,0.21936185197037703,0.23368442502959813,0.21998824388259466,0.20518196930089944,0.23353596825423217,0.022472013246651306,-0.9992373052985023,0.20870137987369894,-1.2615507373070078,-1.0261529595764078,-1.1870631251855843,-1.0295071035516852,-1.3420281493875708,-1.3063908009010003,-1.377912603239673,0.7360436647324773,-1.1798041852174994,-1.1769385204001805,-0.5155849901838808,-1.7405227567327113,0.17388847425362924,-0.35125164856735963,0.02060515976046145,-0.008875735263217032,-0.0011800481286991533,-0.025871967587867428,-0.0017503191889898413,0.0013301127217724385,2
data/Split/Healthy/d1_msns/pre_processed_data/Naive_D1-MSNs_cell_body_stim/Neuron_0062,AG7960,1,062122,1.7,2,Naive,62,7,right,raw_data/D1-MSN_DIO-ChR2_rec_SNr/Naive/D1-MSNs cell body stim/Mouse#1_recorded_062122_AG7960/Trajectory2_1.7mm_right_rec5_1mW_10s_STR_neurons_recorded_together/Ch7.txt,11.85431838434414,0.8435830297323379,0.5508891503912079,56.624134271079406,0.03499166270077502,0.1549053356282272,0.06351851851851881,1.6111442307692305,10.38127944511956,5.454446590174346,15.6,0.4621636937543837,0.1,6.722689075630799,0.004462499999999636,0.01875,0.004462499999999636,1.0,15.360722229491031,0.4940530058177538,-0.4684235006850715,-0.048509759915215396,-0.1,-0.1,-0.1,-0.1,-0.1,0.0,-0.4650165627376174,-0.1,data/Split/Healthy,-0.18256761284152903,0.5111433320595212,-0.06046807309956236,-0.04651981944664552,-0.06396803047747593,-0.07785045422922851,-0.0564954920854261,0.022472013246651306,-0.16075431399472553,-0.07557052409428686,-0.6774751176067898,-0.9178100287119814,-0.9562253569792208,-0.8977948522480812,-0.9877175569102931,-1.0038816850249173,-0.9155530483878314,0.7360436647324773,-0.6027094274015682,-0.9532636871666228,-0.18659351964081153,0.1498969947640793,0.13429512449696596,0.5610636513475066,0.07314193557905901,-0.08807024278589004,0.0021828040631910986,-0.015531568717521366,0.0007949753736692914,0.00019703724524565089,1
data/Split/Healthy/d1_msns/pre_processed_data/Naive_D1-MSNs_cell_body_stim/Neuron_0143,AG8020,1,062822,1.4,5,Naive,143,13,left,raw_data/D1-MSN_DIO-ChR2_rec_SNr/Naive/D1-MSNs cell body stim/Mouse#1_recorded_062822_AG8020/Trajectory5_1.4mm_left_rec13_1mW_10s_STR_neurons_recorded_together/Ch13.txt,19.27852515222239,0.989628344978136,1.6078972115164418,123.30219895320705,0.05167237551383659,0.2763268744734625,0.032136616161616005,0.5733854591836736,14.711530268887893,8.381330609363454,17.5,0.8924207552001657,1.1,84.71831568823087,0.030870000000005858,0.1858075896262395,0.01930875000000327,0.7538849999999883,14.542451570709241,6.389930804662993,-0.06684958309246733,0.047581577858812125,0.18333333333333335,0.20843368955744782,0.1966809020646125,0.2648512766415792,0.212936794452862,-0.044821349413942516,-0.14060551226503298,0.2888757839152326,data/Split/Healthy,0.6858236942042784,0.7198442289454337,0.7323833812652659,0.8177244700880039,0.7784760057630474,0.9547969563300447,0.8511196628063241,-0.26435491243831283,0.548595476124697,1.0298940709119753,-0.554170264558966,1.7746054811469658,1.3521523250844143,0.6303108592326967,1.1089674785735564,1.6913953143469866,0.6226666807374116,-1.474347836748826,-0.656611342710324,1.716003512694536,2.2783847658293164,0.0513110854323547,0.39423182335285,-0.0008359764264835859,0.030772496714976436,0.208191810512398,-0.12024545033266076,0.0491057488675962,-0.050587008415869515,-0.004193358554940515,0
data/Split/Healthy/d1_msns/pre_processed_data/Naive_D1-MSNs_cell_body_stim/Neuron_0099,AG7499,1,011322,1.4,3,Naive,99,2cell1,right,raw_data/D1-MSN_DIO-ChR2_rec_SNr/Naive/D1-MSNs cell body stim/Mouse#1_recorded_011322_AG7499/011322_D1-cre#1_trajectory3_1.4mm_right_+500more_caudal_1mW_STR_10s_cont_stim_neurons_recorded_together/Neuron_recorded_in_Ch2cell1.txt,32.92577852541747,0.4901471793618046,0.6154351126246256,128.47483892226018,0.02260057235465456,0.08021806853582554,0.03672291666666637,1.5076402173913046,30.984810621414667,4.14638128636703,28.1,0.5594127002624343,0.4,39.622395272787415,0.012727499999999736,0.05182027649769585,0.00841999999999814,0.9266424999999969,27.05735019310532,1.488534644993252,-0.905435279103133,-0.6180620509980097,-0.3,-0.3,-0.3,-0.3,-0.3,0.057924867244412245,-0.9051609359662545,-0.3,data/Split/Healthy,-1.1275922093838582,-0.7258680024265901,-0.6201279232394411,-0.6069283083991327,-0.6318805791976171,-0.6439153012894844,-0.6365584127647426,0.39315276716559117,-1.1231639431277611,-0.6441143320302584,0.13374102086573528,-0.3092558481929856,-0.2637120523601303,-0.25321731464300673,-0.33149861084307203,-0.4703318127531532,-0.505516535597776,0.07721021463835963,0.16778214910367112,-0.5030275542475803,-2.317636331848619,-0.7325610752969184,0.04390993116171718,0.2657557880621675,0.06839514512098441,-0.056533066834732026,0.010494838354159255,0.002130308981181975,0.00027251716965399344,-0.0005996699002802051,2
data/Split/Healthy/d1_msns/pre_processed_data/Naive_D1-MSNs_cell_body_stim/Neuron_0012,AG8019,8,060922,1.7,2,Naive,12,4,right,raw_data/D1-MSN_DIO-ChR2_rec_SNr/Naive/D1-MSNs cell body stim/Mouse#8_recorded_060922_AG8019/Trajectory2_1.7mm_right_rec6_1mW_10s_STR_neurons_recorded_together/Ch4.txt,52.51010687673415,0.5333531981343009,0.10144920184840446,197.8111163820941,0.0024195634640844345,0.008887171561051005,0.02384999999999988,3.10589375,52.16966837175719,3.7916882080312786,57.1,0.34422987585856457,0.0,0.0,0.0,0.0,0.0,1.0,57.1,0.0,-0.9788356795246675,-1.0,0.0,0.0,0.0,0.0,0.0,0.0,-0.9788356795246675,0.0,data/Split/Healthy,-1.286318328953223,-1.5553995123211926,0.21936185197037703,0.23368442502959813,0.21998824388259466,0.20518196930089944,0.23353596825423217,0.022472013246651306,-1.2842594539130177,0.20870137987369894,2.015762462121993,-1.655803356172097,-1.1870631251855843,-1.0295071035516852,-1.3420281493875708,-1.3063908009010003,-1.377912603239673,0.7360436647324773,2.1467805992652362,-1.1769385204001805,-0.7925482989561901,-2.2305521632294165,0.14481613149234296,-0.5284035281246222,0.010725540726734692,0.0054105248951931365,-0.0035496539353731416,-0.02849983619790049,-0.0022473585014045508,0.0014969110484179227,2
data/Split/Healthy/d1_msns/pre_processed_data/Naive_D1-MSNs_cell_body_stim/Neuron_0131,AG8020,1,062822,1.4,1,Naive,131,15,right,raw_data/D1-MSN_DIO-ChR2_rec_SNr/Naive/D1-MSNs cell body stim/Mouse#1_recorded_062822_AG8020/Trajectory1_1.4mm_right_rec1_1mW_10s_STR_neurons_recorded_together/Ch15.txt,8.166891136773934,0.8776657722690788,0.42983637561968074,33.629744516075405,0.055753359887669496,0.21303258145363407,0.1297083333333335,2.27967875,6.806566168656522,4.940779782753987,7.8,0.4392293220578968,0.0,0.0,0.0,0.0,0.0,1.0,7.8,0.0,-0.9777777777777779,-1.0,0.0,0.0,0.0,0.0,0.0,0.0,-0.9777777777777779,0.0,data/Split/Healthy,-1.2840306488015465,-1.5553995123211926,0.21936185197037703,0.23368442502959813,0.21998824388259466,0.20518196930089944,0.23353596825423217,0.022472013246651306,-1.2819462701264912,0.20870137987369894,-1.1836739880136453,-1.0613262277419249,-1.1870631251855843,-1.0295071035516852,-1.3420281493875708,-1.3063908009010003,-1.377912603239673,0.7360436647324773,-1.100756625982266,-1.1769385204001805,-0.7913125594408086,-2.2280054514249974,0.14442705149098917,-0.5299234140583997,0.010479995913275156,0.005630045517284682,-0.0035633254568945855,-0.02846244679478635,-0.002248276879120495,0.0014985731282151883,2
data/Split/Healthy/d1_msns/pre_processed_data/Naive_D1-MSNs_cell_body_stim/Neuron_0065,AG7960,1,062122,1.1,3,Naive,65,1,right,raw_data/D1-MSN_DIO-ChR2_rec_SNr/Naive/D1-MSNs cell body stim/Mouse#1_recorded_062122_AG7960/Trajectory3_1.1mm_right_rec9_1mW_10s_STR_neurons_recorded_together/Ch1.txt,48.35577864043333,0.4950486077972058,0.43959798764030295,179.32702289842345,0.012208335477205942,0.04049586776859504,0.02777159090909056,1.8016333333333339,46.971007236812156,3.81782366288882,44.3,0.3364476903705726,0.0,0.0,0.0,0.0,0.0,1.0,44.3,0.0,0.15263844581729222,0.13266816157659164,0.3,0.3,0.3,0.3,0.3,0.0,0.14556731241809942,0.3,data/Split/Healthy,1.160459839520914,0.9046438867108245,1.058851627180195,1.074297158458329,1.0718570669628065,1.0542792398912832,1.1036303492732067,0.022472013246651306,1.1743344354824248,1.0615170917776562,1.1850771363261274,-1.704501864078188,-1.1870631251855843,-1.0295071035516852,-1.3420281493875708,-1.3063908009010003,-1.377912603239673,0.7360436647324773,1.303606634089414,-1.1769385204001805,2.987694421400243,0.5553481766310383,0.7318199429748534,-0.3596492775949686,0.005251836034972222,0.013897224032550958,0.025553622430610934,-0.01745148711148843,-0.0018807241643545893,0.002415748770159875,0
data/Split/Healthy/d1_msns/pre_processed_data/Naive_D1-MSNs_cell_body_stim/Neuron_0078,AG8019,7,061422,1.4,1,Naive,78,9,right,raw_data/D1-MSN_DIO-ChR2_rec_SNr/Naive/D1-MSNs cell body stim/Mouse#7_recorded_061422_AG8019/Trajectory1_1.4mm_right_rec1_1mW_10s_STR_neurons_recorded_together/Ch9.txt,20.92074689915559,0.7574174805185172,1.0582478976226564,85.24632773047239,0.04745224274782149,0.17996108949416342,0.044840384615384074,0.870468627450981,18.010463374184457,4.733155719505883,18.5,0.6939105289761128,0.6,48.89986073170778,0.021269999999993416,0.10941475404391006,0.016711249999995202,0.9674200000000042,16.892543347015682,3.3264540979253576,-0.9894736842105264,-1.0,-0.5,-0.5,-0.5,-0.5,-0.5,0.019460040616410837,-0.9894736842105264,-0.5,data/Split/Healthy,-1.3093226885214262,-1.5553995123211926,-1.1797877733793198,-1.16733679735162,-1.1997931279177583,-1.2099801483497403,-1.216621333444059,0.14700337378559516,-1.3075202718790233,-1.21265813996623,-0.489272973481164,0.532389931783812,0.19796348405259656,-0.07145138017262982,0.34675309475584165,0.45888709294552266,0.3535397465678905,0.443438357789592,-0.5018038269638089,0.32906196305199803,-3.763449395889794,-0.6916212248268369,-0.6782914866141122,-0.07869143311669873,-0.026246986695572093,-0.005231131072250775,-0.028274248536944345,0.019588497864603063,0.002126727941893049,-0.0014175146147693935,2
data/Split/Healthy/d1_msns/pre_processed_data/Naive_D1-MSNs_cell_body_stim/Neuron_0109,AG7499,1,011322,1.4,6,Naive,109,7cell2,left,raw_data/D1-MSN_DIO-ChR2_rec_SNr/Naive/D1-MSNs cell body stim/Mouse#1_recorded_011322_AG7499/011322_D1-cre#1_trajectory6_1.4mm_left_1mW_STR_10s_cont_stim_neurons_recorded_together/Neuron_recorded_in_Ch7cell2.txt,21.557197812068313,0.6567242699984318,0.5451245423741413,92.12010662565443,0.02455703468767854,0.09425287356321839,0.045048484848484484,1.7969031250000003,20.016926326449475,4.602110490057158,30.1,0.4142658264775657,0.4,39.07184045886036,0.011564999999995251,0.0448489010989011,0.009734999999997029,0.9015025000000036,28.949447742790216,1.3727669004464444,-0.9888803088803089,-1.0,-0.3,-0.3,-0.3,-0.3,-0.3,0.09703948178615573,-0.9888803088803089,-0.3,data/Split/Healthy,-1.3080395325294603,-1.5553995123211926,-0.6201279232394411,-0.6069283083991327,-0.6318805791976171,-0.6439153012894844,-0.6365584127647426,0.6434603724709942,-1.3062228109406897,-0.6441143320302584,0.26353560302133927,-1.2175400559471552,-0.2637120523601303,-0.26400389322675083,-0.4237980088837348,-0.5828067251974025,-0.36926940626899,-0.14857546419967324,0.2924202267183016,-0.5554396044737946,-2.7160210032750385,-1.2317003235903576,0.16039327373257356,-0.35810501245980847,0.029542796395979544,0.010929984725283393,0.022597395328352636,0.006030892426374878,-0.0017779298739025646,0.0001395603682587989,2
data/Split/Healthy/d1_msns/pre_processed_data/Naive_D1-MSNs_cell_body_stim/Neuron_0104,AG7499,1,011322,1.4,3,Naive,104,9cell1,right,raw_data/D1-MSN_DIO-ChR2_rec_SNr/Naive/D1-MSNs cell body stim/Mouse#1_recorded_011322_AG7499/011322_D1-cre#1_trajectory3_1.4mm_right_+500more_caudal_1mW_STR_10s_cont_stim_neurons_recorded_together/Neuron_recorded_in_Ch9cell1.txt,37.36000077396635,0.4544281067005653,0.22574018594541603,136.01284356593735,0.006394090766903887,0.0220112214069918,0.028324999999999902,4.457476923076923,36.77279008270632,3.698736029004829,20.7,0.3598403325127749,0.3,34.12591918166437,0.011515000000001408,0.04889705882352942,0.011515000000001408,1.0,19.98137828685679,1.6058174698887648,-0.6926146010186758,-0.32599363552867916,-0.3,-0.3,-0.3,-0.3,-0.3,0.0,-0.6926146010186758,-0.3,data/Split/Healthy,-0.6673740061796652,-0.09152424499196236,-0.6201279232394411,-0.6069283083991327,-0.6318805791976171,-0.6439153012894844,-0.6365584127647426,0.022472013246651306,-0.6584149838488331,-0.6441143320302584,-0.34649893310999963,-1.5581179504508174,-0.4945498205664938,-0.3609053591224876,-0.4277678754656248,-0.5174944791065093,-0.1848436342491872,0.7360436647324773,-0.29833310790135203,-0.4499295748997098,-1.79436268145793,-0.0204230314760835,-0.2666234162001137,0.5635029819297936,0.05039064819397463,-0.08128931100303377,-0.01410217298164835,0.003230663206287213,0.002474667787671228,-0.001098624058849692,2
data/Split/Healthy/d1_msns/pre_processed_data/Naive_D1-MSNs_cell_body_stim/Neuron_0114,AG7499,1,011322,1.4,2,Naive,114,16cell2,right,raw_data/D1-MSN_DIO-ChR2_rec_SNr/Naive/D1-MSNs cell body stim/Mouse#1_recorded_011322_AG7499/011322_D1-cre#1_trajectory2_1.4mm_right_+250more_caudal_1mW_STR_10s_cont_stim_neurons_recorded_together/Neuron_recorded_in_Ch16cell2.txt,14.774780241633616,0.965498039454281,1.1081085181225212,88.78125466770604,0.05049676900620454,0.2642857142857143,0.045570238095237914,0.8284554878048783,11.448109429477073,7.75510185455673,16.1,0.7925748749341925,0.7,66.88962434312165,0.023117500000002168,0.13268939393939394,0.023117500000002168,1.0,14.318237232945515,4.918243817824942,0.0770928027361315,0.030377763765021694,0.3,0.24340068713893087,0.30228142326978735,0.2704933401737628,0.21031801879655063,-0.2847451725597808,0.012577831213833412,0.18873947288808712,data/Split/Healthy,0.9970946983530072,0.6824792435637542,1.058851627180195,0.9157034814772249,1.0783353114820782,0.9707658254822934,0.8435243895273049,-1.799708343142859,0.8835426747119044,0.7452346729918047,-0.6450264720678887,1.1498008684805419,0.42880125225896,0.2810076193470893,0.4934396649754326,0.8343959322584313,1.0172912083657781,0.7360436647324773,-0.6713810061651295,1.0497200623830818,2.9798372505828965,0.07738100153675127,-1.0739462107620805,-0.0032184819598118234,-0.1585946154082422,-0.08375155697472782,0.17168492240873914,0.06018899557353936,-0.027945547855070373,-0.0012034142355719349,0
data/Split/Healthy/d1_msns/pre_processed_data/Naive_D1-MSNs_cell_body_stim/Neuron_0006,AG8019,8,060922,1.4,1,Naive,6,13,right,raw_data/D1-MSN_DIO-ChR2_rec_SNr/Naive/D1-MSNs cell body stim/Mouse#8_recorded_060922_AG8019/Trajectory1_1.4mm_right_rec1_1mW_10s_STR_neurons_recorded_together/Ch13.txt,19.56684359545857,0.6458898020010437,0.2655208421095631,78.87554801795751,0.01909145916468176,0.06263048016701461,0.07190192307692352,3.9238479166666664,18.698341407143893,4.21831788715882,19.333333333333332,0.7102497964807909,0.2222222222222222,16.793277190070455,0.00882222222221982,0.036062378167641324,0.00882222222221982,1.0,18.809094662123876,1.0417305777944135,-0.9869281045751634,-1.0,-0.2222222222222222,-0.2222222222222222,-0.2222222222222222,-0.2222222222222222,-0.2222222222222222,0.0,-0.9869281045751634,-0.2222222222222222,data/Split/Healthy,-1.3038179504647467,-1.5553995123211926,-0.4024824259628216,-0.3889916738064988,-0.4110256991397844,-0.4237789718771626,-0.41097838805611947,0.022472013246651306,-1.3019541656152367,-0.42301396227738053,-0.43519189758299576,0.6346360102130747,-0.674090306949221,-0.7004899021631027,-0.6415672457413714,-0.7245669003206198,-0.46384229747610667,0.7360436647324773,-0.3755549072901595,-0.705311163580869,-2.103033123775052,-1.5632241298489948,-0.2712515680807685,-0.3130806791440374,-0.008993820158124792,-0.0013003664696071837,-0.01864230838847917,-0.00783452419944589,-8.173334381291584e-05,0.00015609552598490727,2
data/Split/Healthy/d1_msns/pre_processed_data/Naive_D1-MSNs_cell_body_stim/Neuron_0094,AG8019,7,061422,1.1,6,Naive,94,2,left,raw_data/D1-MSN_DIO-ChR2_rec_SNr/Naive/D1-MSNs cell body stim/Mouse#7_recorded_061422_AG8019/Trajectory6_1.1mm_left_rec21_1mW_10s_STR_neurons_recorded_together/Ch2.txt,49.974564332672436,0.47223381467687603,0.37501304393196283,227.30733548372328,0.006401309610769067,0.025774877650897227,0.017069565217391298,2.1580284090909094,49.00014112565763,4.6389118533517815,30.2,0.5263618645241093,0.5,54.974705345086896,0.0120474999999999,0.06453552746294682,0.010175000000000978,0.9030325000000005,28.856586908155275,2.449403558001419,-0.3773007114846032,0.17851221293592356,0.5,0.39592847366802325,0.61517166459173,0.6795084682138361,0.61517166459173,0.011164367734686232,-0.4787299020639935,0.6192185401790506,data/Split/Healthy,0.014482630087175515,1.004212639287422,1.6185114773200737,1.3430928133374058,1.9668067835761007,2.128411254978969,2.0177273306654113,0.09391656626495785,-0.19073958841380206,1.9689657137634533,0.27002533212911933,-0.5160777477723842,-0.03287428415376686,0.04756817455408618,-0.3854887963634104,-0.26518624861232226,-0.3236810131851462,-0.13483433100072484,0.286303208112936,-0.06800906160492602,3.9151349546607364,-1.6413789525335676,1.5949287246714166,0.39129923990270177,-0.3223687201282288,0.309400141373725,0.03324447825153568,0.009313245343046119,-0.030838302307302244,0.0008252493562190424,0
data/Split/Healthy/d1_msns/pre_processed_data/Naive_D1-MSNs_cell_body_stim/Neuron_0130,AG8020,1,062822,1.4,1,Naive,130,12,right,raw_data/D1-MSN_DIO-ChR2_rec_SNr/Naive/D1-MSNs cell body stim/Mouse#1_recorded_062822_AG8020/Trajectory1_1.4mm_right_rec1_1mW_10s_STR_neurons_recorded_together/Ch12.txt,16.376428587512564,0.48671158724285846,0.08188214293756281,62.5993683794419,0.005042404714773729,0.0175,0.061581249999999255,10.1041,16.171383748890918,3.87099640645997,13.88888888888889,0.43973280971472894,0.0,0.0,0.0,0.0,0.0,1.0,13.88888888888889,0.0,-0.8277986633249791,-0.8925231858724954,0.0,0.0,0.0,0.0,0.0,0.0,-0.8277986633249791,0.0,data/Split/Healthy,-0.9597054037507275,-1.321970485080472,0.21936185197037703,0.23368442502959813,0.21998824388259466,0.20518196930089944,0.23353596825423217,0.022472013246651306,-0.9540053655105422,0.20870137987369894,-0.7885215934510288,-1.0581755578337488,-1.1870631251855843,-1.0295071035516852,-1.3420281493875708,-1.3063908009010003,-1.377912603239673,0.7360436647324773,-0.6996634550479341,-1.1769385204001805,-0.5491095530613461,-1.7722525066938601,0.13065279937606425,-0.5495610730872805,-0.0027631986315899346,0.014538901698906865,-0.0033229003241349326,-0.024225284335243104,-0.00205056466916154,0.0015345181983358709,2
data/Split/Healthy/d1_msns/pre_processed_data/Naive_D1-MSNs_cell_body_stim/Neuron_0046,AG7499,2,011122,1.7,2,Naive,46,4,right,raw_data/D1-MSN_DIO-ChR2_rec_SNr/Naive/D1-MSNs cell body stim/Mouse#2_recorded_011122_AG7499/011122_D1-cre#2_trajectory2_1.7mm_right_1mW_STR_10s_cont_stim_neurons_recorded_together/Neuron_recorded_in_Ch4.txt,33.07383807522502,0.6015133093056179,0.6918099677842724,165.12324776657675,0.015939567738506737,0.07320997586484312,0.023040384615384994,1.4170339999999997,31.14900486094823,5.301076182166999,38.0,0.5111981496032191,0.6,84.70705854253802,0.010512499999998681,0.05387066345246829,0.006873749999999035,0.8250649999999993,36.34499583244785,2.602816129102274,-0.9902777777777778,-1.0,-0.4,-0.4,-0.4,-0.4,-0.4,0.15777190089341922,-0.9900692294378004,-0.4,data/Split/Healthy,-1.3110615162521682,-1.5553995123211926,-0.8999578483093805,-0.8871325528753764,-0.9158368535576878,-0.9269477248196124,-0.9265898731044008,1.0321075972805274,-1.3088224774646775,-0.9283862359982442,0.776224202535975,-0.6109675820098381,0.19796348405259656,0.630090307012331,-0.507363700442536,-0.43725123969224305,-0.6657234737914578,-0.8350708033479525,0.7795869147968253,0.0014460997903939616,-3.4002222934890707,-0.8657590555679316,0.33378734446186165,-0.3391481991578218,0.04869333619520038,0.01735637368058142,0.044892468861196334,0.019229941085035597,-0.00236462198884026,-0.0001616496363649272,2
data/Split/Healthy/d1_msns/pre_processed_data/Naive_D1-MSNs_cell_body_stim/Neuron_0139,AG8020,1,062822,1.4,2,Naive,139,4,right,raw_data/D1-MSN_DIO-ChR2_rec_SNr/Naive/D1-MSNs cell body stim/Mouse#1_recorded_062822_AG8020/Trajectory2_1.4mm_right_rec5_1mW_10s_STR_neurons_recorded_together/Ch4.txt,34.84023956464901,0.6781492844870948,1.0741900505680033,155.95031359529838,0.025879873123967646,0.1070389761489238,0.02409245283018871,0.867825,31.937514824416493,4.88298211218592,33.6,0.6037967802408492,0.9,109.88506909170204,0.020772499999991822,0.09203403493058665,0.014176249999993474,0.758952499999998,31.18628150015535,3.610883515247623,0.14401345074555175,0.17965910857879622,0.5533333333333333,0.463354147297494,0.4857317600813335,0.5387398221121911,0.3376845530575862,-0.5437884834200993,0.08030160571047028,0.5149605853605606,data/Split/Healthy,1.1418085516371956,1.006703583370904,1.7677541040240419,1.5320224127138824,1.5992540531931458,1.729990344346934,1.2129274088285975,-3.4574138215550523,1.0316259325272674,1.6725896405628493,0.4906761217936463,-0.03151401422249829,0.8904767886716871,1.1233828593627635,0.30725292226104617,0.17846970775821597,0.09088843641655973,-1.428835946235133,0.43976710083054316,0.457832968869426,4.910403694447213,-0.5936918371483143,-2.178832539140498,0.29719552254604265,0.007067660072663228,0.2225305544686746,0.11767715457776258,-0.03686998891108672,-0.005824984923717636,0.007052322529926937,0
data/Split/Healthy/d1_msns/pre_processed_data/Naive_D1-MSNs_cell_body_stim/Neuron_0070,AG7960,1,062122,1.7,5,Naive,70,12,left,raw_data/D1-MSN_DIO-ChR2_rec_SNr/Naive/D1-MSNs cell body stim/Mouse#1_recorded_062122_AG7960/Trajectory5_1.7mm_left_rec17_1mW_10s_STR_neurons_recorded_together/Ch12.txt,31.107125675405896,0.7155717287935377,0.31090762116397264,128.2887517156405,0.009914271314353585,0.03682272488164124,0.031888157894736195,2.689323611111112,30.26169924151554,4.239310908874648,32.9,0.6523424603713839,0.1,12.793176972298667,0.002344999999996844,0.010344827586206896,0.002344999999996844,1.0,32.66243407915613,0.4805068066268719,-0.9577396023855504,-1.0,-0.1,-0.1,-0.1,-0.1,-0.1,0.0,-0.9571662772815864,-0.1,data/Split/Healthy,-1.2406987077631777,-1.5553995123211926,-0.06046807309956236,-0.04651981944664552,-0.06396803047747593,-0.07785045422922851,-0.0564954920854261,0.022472013246651306,-1.2368776341175731,-0.07557052409428686,0.4452480180391847,0.2722698253289034,-0.9562253569792208,-0.7788606551751067,-1.1558414066742564,-1.139489219727989,-1.1349471901021495,0.7360436647324773,0.5370056495212152,-0.9593965186832613,-1.3530420389787174,-1.8699896400905403,-0.051616270259313396,-0.46749143024234346,-0.0039461881833234656,0.007442776088173219,-0.010681246625803102,-0.019181645687393625,-0.0013597521247313265,0.0009767851227172229,2
data/Split/Healthy/d1_msns/pre_processed_data/Naive_D1-MSNs_cell_body_stim/Neuron_0110,AG7499,1,011322,1.4,6,Naive,110,8cell1,left,raw_data/D1-MSN_DIO-ChR2_rec_SNr/Naive/D1-MSNs cell body stim/Mouse#1_recorded_011322_AG7499/011322_D1-cre#1_trajectory6_1.4mm_left_1mW_STR_10s_cont_stim_neurons_recorded_together/Neuron_recorded_in_Ch8cell1.txt,2.9854565616070285,1.0544663053022472,0.2665586215720561,29.345484867836014,0.03658783639698063,0.2857142857142857,0.13726000000000077,3.397280555555555,2.213454483075374,13.257776517303123,3.7,0.5802776963653424,0.0,0.0,0.0,0.0,0.0,1.0,3.7,0.0,-0.40285714285714286,-0.6,0.0,0.0,0.0,0.0,0.0,0.0,-0.40285714285714286,0.0,data/Split/Healthy,-0.04078237062818697,-0.6866390112375155,0.21936185197037703,0.23368442502959813,0.21998824388259466,0.20518196930089944,0.23353596825423217,0.022472013246651306,-0.02483794683667803,0.20870137987369894,-1.4497528814326337,-0.17868916107843735,-1.1870631251855843,-1.0295071035516852,-1.3420281493875708,-1.3063908009010003,-1.377912603239673,0.7360436647324773,-1.3708357867026468,-1.1769385204001805,0.12965457237064495,-0.49151990063739265,0.08700682870539454,-0.6270576059172785,-0.04269271768541968,0.04225974704557691,-0.0028848420371311596,-0.012101273860839305,-0.0015269756681024656,0.001658648981102639,1
data/Split/Healthy/d1_msns/pre_processed_data/Naive_D1-MSNs_cell_body_stim/Neuron_0017,AG8019,8,060922,1.4,4,Naive,17,7cell2,left,raw_data/D1-MSN_DIO-ChR2_rec_SNr/Naive/D1-MSNs cell body stim/Mouse#8_recorded_060922_AG8019/Trajectory4_1.4mm_left_rec14_1mW_10s_STR_neurons_recorded_together/Ch7cell2.txt,6.347281756244037,0.3548932472073275,0.02034385178283345,23.715415019762837,0.0025734972505284327,0.009615384615384616,0.12650000000000006,49.1549,6.302469589054508,3.7628765493687384,4.9,0.30353618458343357,0.0,0.0,0.0,0.0,0.0,1.0,4.9,0.0,-0.5522005772005771,-0.5684321238881458,0.0,0.0,0.0,0.0,0.0,0.0,-0.5522005772005771,0.0,data/Split/Healthy,-0.3637329768968275,-0.6180767015648108,0.21936185197037703,0.23368442502959813,0.21998824388259466,0.20518196930089944,0.23353596825423217,0.022472013246651306,-0.351388887850882,0.20870137987369894,-1.371876132139271,-1.9104518799509007,-1.1870631251855843,-1.0295071035516852,-1.3420281493875708,-1.3063908009010003,-1.377912603239673,0.7360436647324773,-1.2917882274674135,-1.1769385204001805,-0.025111563476886145,-0.8232213966525579,0.1540887916482097,-0.35497521660610154,-0.0016944389936010417,0.004745877120765263,-0.0003149342125738797,-0.01769189912026306,-0.0013010154152755839,0.0013653619142161117,1
data/Split/Healthy/d1_msns/pre_processed_data/Naive_D1-MSNs_cell_body_stim/Neuron_0138,AG8020,1,062822,1.4,2,Naive,138,1,right,raw_data/D1-MSN_DIO-ChR2_rec_SNr/Naive/D1-MSNs cell body stim/Mouse#1_recorded_062822_AG8020/Trajectory2_1.4mm_right_rec5_1mW_10s_STR_neurons_recorded_together/Ch1.txt,38.00210298944716,0.7459398216870914,1.5970008974982084,164.18963035608326,0.040047649292084396,0.15608919382504288,0.025076785714285628,0.6050726804123713,33.408309637991756,4.914634476728139,34.5,0.6717486155419305,0.6,45.647772822673794,0.024607499999996917,0.09613451589061345,0.02004874999999586,0.8590049999999934,32.8183940446679,2.099603858779188,-0.06169257889632879,0.08238720562120605,0.48666666666666664,0.4355085175673895,0.47533001417574383,0.4881407548994773,0.38878180490392916,-0.33039645888497937,-0.1161473247055872,0.45370416802929253,data/Split/Healthy,0.696975557953728,0.7954386154839069,1.581200820644082,1.4539977763089906,1.569717643051232,1.5867785781311519,1.361125514551979,-2.091846314922611,0.6020751901687181,1.4984548567126783,0.549083683763668,0.3937075374546191,0.19796348405259656,-0.13516692838811908,0.6117416891299036,0.24462612748538495,0.6993380691042385,-0.5302511557837699,0.5472791950313124,-0.2263754483434836,4.112688534286862,-0.8689139724165919,-0.895805746225106,0.16794648797958467,-0.04421199126152954,0.05909405860960919,0.08486734823968572,-0.010612654668418998,-0.021097954716930573,0.014486472797874576,0
data/Split/Healthy/d1_msns/pre_processed_data/Naive_D1-MSNs_cell_body_stim/Neuron_0073,AG7960,1,062122,1.1,6,Naive,73,12,left,raw_data/D1-MSN_DIO-ChR2_rec_SNr/Naive/D1-MSNs cell body stim/Mouse#1_recorded_062122_AG7960/Trajectory6_1.1mm_left_rec21_1mW_10s_STR_neurons_recorded_together/Ch12.txt,11.618699415515778,1.1699536273395568,0.8159199027749844,53.525359856604965,0.059412023640463406,0.25140449438202245,0.07281600000000017,1.1367576530612242,9.247094777082994,5.788343382102719,8.0,0.5120684866861224,0.1,3.3079722130333833,0.015115000000000123,0.05,0.015115000000000123,1.0,7.589032220062438,0.5615944426066768,0.08247686037159721,0.06990242455626032,0.0,0.0,0.0,0.0,0.0,0.0,0.09714280452030957,0.0,data/Split/Healthy,1.0087375582162699,0.7683229038491513,0.21936185197037703,0.23368442502959813,0.21998824388259466,0.20518196930089944,0.23353596825423217,0.022472013246651306,1.0684505130207995,0.20870137987369894,-1.170694529798085,-0.6055212819469408,-0.9562253569792208,-0.9646966590217172,-0.14193748153445424,-0.4996998252314456,0.18815230916059925,0.7360436647324773,-1.1146536993833829,-0.9226853495546257,1.1226562230259371,1.285377406199295,0.16381034845155218,-0.1150067335563218,-0.022348885258542374,0.002444489820448753,0.003905618590405861,-0.023461397451302227,-0.0015786733487512007,0.002311650786102997,1
data/Split/Healthy/d1_msns/pre_processed_data/Naive_D1-MSNs_cell_body_stim/Neuron_0040,AG7499,2,011122,1.1,6,Naive,40,2,left,raw_data/D1-MSN_DIO-ChR2_rec_SNr/Naive/D1-MSNs cell body stim/Mouse#2_recorded_011122_AG7499/011122_D1-cre#2_trajectory6_1.1mm_left_1mW_STR_10s_cont_stim_neurons_recorded_together/Neuron_recorded_in_Ch2.txt,11.81684675322288,0.6334962266074495,0.2363369350644576,63.56759120483095,0.014366659685973568,0.06888888888888889,0.06078888888888764,4.072265625000002,11.163174844225084,5.694400749954717,20.2,0.5449537091134813,0.3,22.282964901859277,0.015177499999997224,0.0750445632798574,0.015177499999997224,1.0,19.313900372979145,2.234920122539176,-0.9888888888888889,-1.0,-0.3,-0.3,-0.3,-0.3,-0.3,0.0,-0.9888888888888889,-0.3,data/Split/Healthy,-1.3080580865354323,-1.5553995123211926,-0.6201279232394411,-0.6069283083991327,-0.6318805791976171,-0.6439153012894844,-0.6365584127647426,0.022472013246651306,-1.3062415717913964,-0.6441143320302584,-0.37894757864890066,-0.3997357392040479,-0.4945498205664938,-0.5929348569514377,-0.13697514830671093,-0.09563536148252444,0.19462793317783225,0.7360436647324773,-0.3423018578475629,-0.16511310933553458,-2.56068473432811,-1.3275611805177086,-0.41719581094058344,-0.23896985741110194,-0.016097891370817984,-0.003468323872005464,-0.02393600088643994,-0.0005708613125890351,0.0006754788453589094,-0.0003118205834155805,2
data/Split/Healthy/d1_msns/pre_processed_data/Naive_D1-MSNs_cell_body_stim/Neuron_0054,AG7499,2,011122,1.4,4,Naive,54,12,left,raw_data/D1-MSN_DIO-ChR2_rec_SNr/Naive/D1-MSNs cell body stim/Mouse#2_recorded_011122_AG7499/011122_D1-cre#2_trajectory4_1.4mm_left_1mW_STR_10s_cont_stim_neurons_recorded_together/Neuron_recorded_in_Ch12.txt,12.904272755302403,1.7776925801904073,1.428038232478133,72.32134621028463,0.11005241549421473,0.5150905432595574,0.07706545454545448,0.4652750000000001,7.031204983694752,10.285768424899663,20.0,0.6717193808617103,0.7,59.78397220037077,0.029804999999999637,0.13982238775717035,0.027048750000000864,0.90231,18.00687890420364,4.038337819935466,-0.6998021485785668,-0.43816227987876377,-0.5,-0.5458264234383903,-0.45417357656160967,-0.4424242424242424,-0.45417357656160967,0.09548431238393129,-0.6781308790537414,-0.46567447060185607,data/Split/Healthy,-0.6829168578105816,-0.335143464170603,-1.1797877733793198,-1.2957443809176457,-1.0696661232496347,-1.0470220863172424,-1.0837102883242602,0.6335083191662223,-0.6267452083556505,-1.1150803039990356,-0.391927036864461,0.39352459587502914,0.42880125225896,0.14179228004267846,1.0244093203683942,0.9494783671045703,1.4246079590684892,-0.14132319945580196,-0.42839923865985746,0.6513562734342169,-3.04804815857102,0.5249771880527803,-0.054116826907640025,0.43242232964984106,-0.15330069242840041,0.06889530805646162,0.01594551333243207,-0.028382107425013542,0.000654491125681339,0.007327302273167681,2
data/Split/Healthy/d1_msns/pre_processed_data/Naive_D1-MSNs_cell_body_stim/Neuron_0103,AG7499,1,011322,1.4,3,Naive,103,7,right,raw_data/D1-MSN_DIO-ChR2_rec_SNr/Naive/D1-MSNs cell body stim/Mouse#1_recorded_011322_AG7499/011322_D1-cre#1_trajectory3_1.4mm_right_+500more_caudal_1mW_STR_10s_cont_stim_neurons_recorded_together/Neuron_recorded_in_Ch7.txt,21.283797644934968,0.8863622570595716,1.2308702252492512,99.01906411846115,0.06192238850367162,0.2433734939759036,0.05030781249999961,0.765470212765958,17.166900957505764,5.768022100411066,44.5,0.35589530520539137,0.1,42.105263157882646,0.0007125000000002046,0.005454545454545454,0.0007125000000002046,1.0,44.23731587561376,0.80394736842082,0.10410769774168724,0.36444837131387114,0.7,0.664044943820285,0.735955056179715,0.711111111111111,0.735955056179715,-0.34743489304644193,0.06967079559280402,0.6744228322952328,data/Split/Healthy,1.0555135820400185,1.4080476145924212,2.1781713274599523,2.094366542843924,2.3097788023750776,2.217856981070698,2.368037165135812,-2.200880999351317,1.0083808460396748,2.125896006034173,1.198056594541688,-1.5828047102067757,-0.9562253569792208,-0.20457247696625813,-1.2854575505886567,-1.2183881490097763,-1.3040904894397718,0.7360436647324773,1.299477444893139,-0.8129638224577141,5.979862519860907,-0.9857657748680382,-0.4474720053099112,0.22324581518920267,-0.23982379537555526,-0.12357347502634448,-0.06469572185323713,-0.04011961157085871,0.019487115383324247,0.000720241513794358,0
data/Split/Healthy/d1_msns/pre_processed_data/Naive_D1-MSNs_cell_body_stim/Neuron_0030,AG8017,4,070722,1.1,6,Naive,30,13,left,raw_data/D1-MSN_DIO-ChR2_rec_SNr/Naive/D1-MSNs cell body stim/Mouse#4_recorded_070722_AG8017/Trajectory6_1.1mm_left_rec17_1mW_10s_STR_neurons_recorded_together/Ch13.txt,14.500959262895059,0.8136221519694945,0.7739276011095678,74.91946755804732,0.04275491749524434,0.19382022471910113,0.055244078947368325,1.1433871621621623,12.212525604549272,6.134641595358389,14.3,0.7726975725551725,0.6,26.540968977364223,0.04749500000000069,0.1632234432234432,0.04026125000000036,0.9212024999999983,12.470055519232655,2.52462936815556,0.029715971796747825,0.1017087533015479,0.22000000000000003,0.2704525431898789,0.18406471852644532,0.22615424700364778,0.1645830586104275,-0.18767467273689017,-0.010702680222589153,0.26415753882819537,data/Split/Healthy,0.8946437513647676,0.8374031090951217,0.8349876871242438,0.9915039303415847,0.7426515610216394,0.8452718155116354,0.7108786166137306,-1.1785214890442257,0.8326380403683996,0.9596270449755814,-0.7618415960079323,1.0254148629618998,0.19796348405259656,-0.5095112006532986,2.428948117214092,1.3270267724202707,2.793554876374982,0.028352852153119917,-0.7931262174086232,-0.03395174317360465,2.645616221083258,0.25238959961489915,-0.5163171229869264,0.07670463610809576,0.17493651272960975,0.06851731010063983,-0.10076185615027346,0.0155920600596414,-0.04716005552111585,0.010212199372288922,0
data/Split/Healthy/d1_msns/pre_processed_data/Naive_D1-MSNs_cell_body_stim/Neuron_0137,AG8020,1,062822,1.1,7,Naive,137,8,left,raw_data/D1-MSN_DIO-ChR2_rec_SNr/Naive/D1-MSNs cell body stim/Mouse#1_recorded_062822_AG8020/Trajectory7_1.1mm_left_rec17_1mW_10s_STR_neurons_recorded_together/Ch8.txt,11.736928326051057,0.9437322341265196,0.8934685922945441,65.9366654739945,0.05608952149172681,0.2681660899653979,0.06277727272727246,1.0520069767441864,9.099890661479225,7.245874475515535,10.3,0.6318639948624862,0.1,2.682163611980235,0.0111850000000004,0.04285714285714286,0.0111850000000004,1.0,10.050374373698139,0.5955409029950587,-0.5668192918192918,-0.29724736149821607,-0.1,-0.1,-0.1,-0.1,-0.1,0.0,-0.5468592050904546,-0.1,data/Split/Healthy,-0.39534549986938294,-0.029090176414477854,-0.06046807309956236,-0.04651981944664552,-0.06396803047747593,-0.07785045422922851,-0.0564954920854261,0.022472013246651306,-0.3397095656460875,-0.07557052409428686,-1.0214307603191404,0.14412192702598284,-0.9562253569792208,-0.9769576246565341,-0.4539689949094048,-0.6149413931842392,-0.21903492906186764,0.7360436647324773,-0.9525177913103039,-0.9073166162874876,-0.44714043091733086,-0.2855565363010864,0.07170596116178088,0.23641643512226673,0.04444044604330282,-0.05942055383762318,-0.002171143387050371,-0.04124800119091508,-0.0017681832221377574,0.0017858100944503942,1
data/Split/Healthy/d1_msns/pre_processed_data/Naive_D1-MSNs_cell_body_stim/Neuron_0003,AG8019,8,060922,1.7,5,Naive,3,2,left,raw_data/D1-MSN_DIO-ChR2_rec_SNr/Naive/D1-MSNs cell body stim/Mouse#8_recorded_060922_AG8019/Trajectory5_1.7mm_left_rec18_1mW_10s_STR_neurons_recorded_together/Ch2.txt,36.9111601711005,0.4097959772174593,0.1616252224240854,127.77984600367128,0.005658903100123308,0.018609742747673783,0.03501250000000011,5.375714285714286,36.43040913096814,3.5075051049879753,47.1,0.39212558513460166,0.0,0.0,0.0,0.0,0.0,1.0,47.1,0.0,-0.992153846153846,-1.0,0.0,0.0,0.0,0.0,0.0,0.0,-0.992153846153846,0.0,data/Split/Healthy,-1.3151184567003122,-1.5553995123211926,0.21936185197037703,0.23368442502959813,0.21998824388259466,0.20518196930089944,0.23353596825423217,0.022472013246651306,-1.3133806527421608,0.20870137987369894,1.3667895513439732,-1.3560868330378282,-1.1870631251855843,-1.0295071035516852,-1.3420281493875708,-1.3063908009010003,-1.377912603239673,0.7360436647324773,1.4880509389716252,-1.1769385204001805,-0.8081053058564025,-2.262613299594364,0.14971434846319642,-0.5092693370875929,0.013816760445578571,0.002646929663261349,-0.0033775400294909098,-0.028970539930363762,-0.0022357968346567478,0.0014759867463680321,2
data/Split/Healthy/d1_msns/pre_processed_data/Naive_D1-MSNs_cell_body_stim/Neuron_0120,AG7499,1,011322,1.4,4,Naive,120,15,left,raw_data/D1-MSN_DIO-ChR2_rec_SNr/Naive/D1-MSNs cell body stim/Mouse#1_recorded_011322_AG7499/011322_D1-cre#1_trajectory4_1.4mm_left_+500more_caudal_1mW_STR_10s_cont_stim_neurons_recorded_together/Neuron_recorded_in_Ch15.txt,7.846752263318386,0.9544908122644534,0.7647258561708596,47.9603742129454,0.06826549785523478,0.3559322033898305,0.08926793478260854,1.1943394444444446,5.424120743782556,8.842055049736935,8.0,0.8664251650338131,0.5,22.175591331952372,0.035362500000002225,0.21285714285714286,0.03167500000000132,0.9185924999999997,6.617181649250979,5.909747388483129,-1.0,-1.0,-0.4,-0.4,-0.4,-0.4,-0.4,0.06864472879819586,-1.0,-0.4,data/Split/Healthy,-1.3320855242693184,-1.5553995123211926,-0.8999578483093805,-0.8871325528753764,-0.9158368535576878,-0.9269477248196124,-0.9265898731044008,0.46175277527431047,-1.3305368734563014,-0.9283862359982442,-1.170694529798085,1.611933124494327,-0.03287428415376686,-0.5950385411266004,1.4656599910000017,2.1278079240922465,1.903933648846353,0.004912095519583808,-1.1786723790200613,1.4986079209851504,-3.2690184479005575,-0.9774487459267658,-0.19309630621197216,-0.2156093871649465,0.009049273512757909,0.002145762812718956,0.0022861581230913895,0.013134331986743264,-7.90162111700302e-05,-0.0006076303091811314,2
data/Split/Healthy/d1_msns/pre_processed_data/Naive_D1-MSNs_cell_body_stim/Neuron_0121,AG7499,1,011322,1.4,4,Naive,121,16,left,raw_data/D1-MSN_DIO-ChR2_rec_SNr/Naive/D1-MSNs cell body stim/Mouse#1_recorded_011322_AG7499/011322_D1-cre#1_trajectory4_1.4mm_left_+500more_caudal_1mW_STR_10s_cont_stim_neurons_recorded_together/Neuron_recorded_in_Ch16.txt,20.48135336527172,0.8339921403166776,0.9808440329147983,94.30422146081985,0.04517327067014519,0.18344155844155843,0.04605550847457641,0.943381896551724,17.515452250369986,5.384058607954461,19.1,0.5567598920854143,0.3,24.268482092299983,0.007292500000005475,0.03506493506493506,0.004963750000004552,0.9117700000000013,18.358890350288924,1.1417608095679332,-0.982213438735178,-0.9,-0.2,-0.2,-0.2,-0.2,-0.2,0.07893889236825409,-0.9811597461473678,-0.2,data/Split/Healthy,-1.293622629873177,-1.3382093870502731,-0.34029799816950174,-0.32672406392288916,-0.34792430483754655,-0.3608828777593565,-0.34652695242508436,0.5276285984680558,-1.289341204884923,-0.3598424280622727,-0.45033459883448274,-0.32585630062132825,-0.4945498205664938,-0.5540342122521417,-0.7630231083471902,-0.7406594673145594,-0.8636185437667045,-0.056361683075186665,-0.40521120062993515,-0.6600240280978605,-2.030839279491992,-1.4531646005641972,0.27708982098614626,-0.25572704635785276,0.04916465279030313,-0.008924074443752353,0.022660129554345418,-0.006954787310235461,-0.0021126478096316226,0.0005592467840838399,2
data/Split/Healthy/d1_msns/pre_processed_data/Naive_D1-MSNs_cell_body_stim/Neuron_0024,AG8017,4,070722,1.1,7,Naive,24,12,right,raw_data/D1-MSN_DIO-ChR2_rec_SNr/Naive/D1-MSNs cell body stim/Mouse#4_recorded_070722_AG8017/Trajectory7_1.1mm_right_rec21_1mW_10s_STR_neurons_recorded_together/Ch12.txt,47.16298161575231,1.5376534629926708,3.3818024602106638,185.8259943475574,0.13122001055041443,0.4727350794332332,0.038801796407185854,0.24850933734939737,28.623340842687025,6.492114088598225,44.2,0.7517849973195104,0.8,91.00635355455658,0.03234499999998945,0.1278265886888799,0.024389999999994673,0.8064199999999999,40.49583062132653,3.0474917052706583,0.029979178438802667,0.24714202990118456,0.31666666666666665,0.20940018071776806,0.19743565298329174,0.26187493699303127,0.0762226284664138,-0.3073666214778174,-0.05328021537995289,0.3051872442715662,data/Split/Healthy,0.895212927673048,1.153269824727475,1.105489948025185,0.8204326193417089,0.7806191683524275,0.9463729500902713,0.45460557070464414,-1.9444706212210274,0.739538974896736,1.076262969831908,1.1785874072183475,0.8945504403621006,0.6596390204653236,0.7535073382515272,1.226078542752428,0.7559403100178671,1.1491349133619801,-1.002524024586461,1.053014713838121,0.20276606783282983,2.9394375978147314,0.18865907720604325,-1.1849693980703584,0.5390796396738551,0.2398192922557694,0.28479044632446743,0.15121191109761756,0.01073322406691002,0.10314901511747233,-0.001063198747433449,0
data/Split/Healthy/d1_msns/pre_processed_data/Naive_D1-MSNs_cell_body_stim/Neuron_0005,AG8019,8,060922,1.1,3,Naive,5,15,right,raw_data/D1-MSN_DIO-ChR2_rec_SNr/Naive/D1-MSNs cell body stim/Mouse#8_recorded_060922_AG8019/Trajectory3_1.1mm_right_rec10_1mW_10s_STR_neurons_recorded_together/Ch15.txt,52.928107477436264,0.5734298450010987,0.33775443960826446,190.4599846476992,0.008238724837915101,0.026276276276276277,0.02439264705882347,2.6495890625,51.96548321989673,3.665124864551922,33.1,0.647486284637756,0.6,73.39294868457208,0.021459999999999015,0.09017894554793289,0.021459999999999015,1.0,31.223578300276266,3.180254465054986,-0.9606389073639747,-1.0,-0.6,-0.6,-0.6,-0.6,-0.6,0.0,-0.9584602742297443,-0.6,data/Split/Healthy,-1.2469683660488349,-1.5553995123211926,-1.459617698449259,-1.4475410418278636,-1.4837494022778288,-1.493012571879868,-1.506652793783717,0.022472013246651306,-1.2397070582763794,-1.4969300439342157,0.45822747625474525,0.24188138075605853,0.19796348405259656,0.408422033480111,0.3618385877693256,0.1485400304772721,0.8455576594204676,0.7360436647324773,0.4422239516779122,0.2628723475329893,-4.282831679288154,-0.3296513497343272,-0.9936895282518755,-0.006248247210870931,-0.05202552148523135,-0.004707049399832838,-0.04489413688036977,0.025460955033560634,0.0033163554833807707,-0.0018917471001451544,2
data/Split/Healthy/d1_msns/pre_processed_data/Naive_D1-MSNs_cell_body_stim/Neuron_0009,AG8019,8,060922,1.4,1,Naive,9,8,right,raw_data/D1-MSN_DIO-ChR2_rec_SNr/Naive/D1-MSNs cell body stim/Mouse#8_recorded_060922_AG8019/Trajectory1_1.4mm_right_rec1_1mW_10s_STR_neurons_recorded_together/Ch8.txt,6.1880335072824275,1.0013710896782462,0.5922540320501333,36.989993909492355,0.06304186776499161,0.32673267326732675,0.10644396551724146,1.4724473214285714,4.446517548486659,8.318868306745273,10.2,0.7524987060714207,0.3,33.160263776475844,0.013135000000002606,0.10034965034965035,0.013135000000002606,1.0,9.374510865350956,4.268232479971945,-0.9800000000000001,-1.0,-0.3,-0.3,-0.3,-0.3,-0.3,0.0,-0.9800000000000001,-0.3,data/Split/Healthy,-1.2888361363483234,-1.5553995123211926,-0.6201279232394411,-0.6069283083991327,-0.6318805791976171,-0.6439153012894844,-0.6365584127647426,0.022472013246651306,-1.2868053304594724,-0.6441143320302584,-1.0279204894269207,0.8990166088119759,-0.4945498205664938,-0.37982467042336626,-0.299144198196457,0.3126323460721617,-0.016995459714599214,0.7360436647324773,-0.9970389252361427,0.7554375139882181,-2.550301585533688,-1.3061627488315364,-0.4204650076415915,-0.2517405114239671,-0.018161051367010426,-0.001623828932537986,-0.024050874159032017,-0.0002567014665716041,0.0006677622899236096,-0.000297855163010726,2
data/Split/Healthy/d1_msns/pre_processed_data/Naive_D1-MSNs_cell_body_stim/Neuron_0142,AG8020,1,062822,1.4,5,Naive,142,10cell1,left,raw_data/D1-MSN_DIO-ChR2_rec_SNr/Naive/D1-MSNs cell body stim/Mouse#1_recorded_062822_AG8020/Trajectory5_1.4mm_left_rec13_1mW_10s_STR_neurons_recorded_together/Ch10cell1.txt,4.6220117760383,1.010987957207909,0.4440360658202734,30.209033147212413,0.05607115879789352,0.34497816593886466,0.1262761363636365,2.1744119047619046,3.2073589644079377,9.418662981737327,4.2,0.5197655055858696,0.0,0.0,0.0,0.0,0.0,1.0,4.2,0.0,-0.05333333333333333,-0.14178775821544337,0.0,0.0,0.0,0.0,0.0,0.0,-0.05333333333333333,0.0,data/Split/Healthy,0.7150521706577702,0.30855273070105016,0.21936185197037703,0.23368442502959813,0.21998824388259466,0.20518196930089944,0.23353596825423217,0.022472013246651306,0.7394228283936279,0.20870137987369894,-1.4173042358937327,-0.5573557201878377,-1.1870631251855843,-1.0295071035516852,-1.3420281493875708,-1.3063908009010003,-1.377912603239673,0.7360436647324773,-1.3378993036879663,-1.1769385204001805,0.8236300352194346,0.753657086747509,0.13489969966126686,-0.29429401413632084,-0.03186791565444925,0.02008737059423355,0.00188650845337404,-0.004282341661060329,-0.00043239954648176585,0.0013564451347694957,1
data/Split/Healthy/d1_msns/pre_processed_data/Naive_D1-MSNs_cell_body_stim/Neuron_0102,AG7499,1,011322,1.4,3,Naive,102,6,right,raw_data/D1-MSN_DIO-ChR2_rec_SNr/Naive/D1-MSNs cell body stim/Mouse#1_recorded_011322_AG7499/011322_D1-cre#1_trajectory3_1.4mm_right_+500more_caudal_1mW_STR_10s_cont_stim_neurons_recorded_together/Neuron_recorded_in_Ch6.txt,21.84842513971705,0.7703262040197338,0.8868364447855629,91.06526821184603,0.03818153380781783,0.14391143911439114,0.0430536363636365,1.0951689814814813,19.44669133825927,4.682815530304887,25.1,0.5985878836681987,0.4,47.4220213439973,0.013587499999997732,0.0608768115942029,0.013587499999997732,1.0,23.97862880665001,2.4456998182577383,0.08286531208885092,0.18318977649135199,0.5,0.4616752984538988,0.464392132097609,0.46105768941491165,0.37126913034881004,-0.30870806380494964,0.01983878747987964,0.4123499165276866,data/Split/Healthy,1.0095775731666738,1.014371845433084,1.6185114773200737,1.5273182069957882,1.5386588406082626,1.5101247215239342,1.3103332487952353,-1.9530549629176952,0.8994193157692394,1.3808963385973538,-0.06095085236767073,-0.06410967662564154,-0.2637120523601303,-0.10040550115467498,-0.263216905626316,-0.3242153100894165,0.029888058171836988,0.7360436647324773,-0.035022360200167045,-0.06968587231096976,4.247803077172338,-0.38812749119666584,-0.8107900815847627,0.1111292784711691,0.03251693161902291,-0.04762260405197729,0.14931619221664452,0.028322025629752133,-0.026902790656663275,-0.007653291512508195,0
data/Split/Healthy/d1_msns/pre_processed_data/Naive_D1-MSNs_cell_body_stim/Neuron_0029,AG8017,4,070722,1.7,5,Naive,29,13,left,raw_data/D1-MSN_DIO-ChR2_rec_SNr/Naive/D1-MSNs cell body stim/Mouse#4_recorded_070722_AG8017/Trajectory5_1.7mm_left_rec13_1mW_10s_STR_neurons_recorded_together/Ch13.txt,62.48222071133295,0.3937605189040127,0.1412255553694965,235.08788078295356,0.002089633842485215,0.007426541814659348,0.014796428571429487,3.682533333333332,62.14806057717435,3.782706629936193,46.8,0.4412807207942334,0.4,73.33780300950603,0.009709999999994067,0.03801691729323308,0.009709999999994067,1.0,45.59431520270282,1.6678304732130322,-0.13311852804740543,0.09420205698377448,0.1,0.01884593159754654,0.20773752484227867,0.20948080380046763,0.20773752484227867,-0.09488903505567392,-0.1662163413321848,0.12465253722915819,data/Split/Healthy,0.5425191288307197,0.8210993059588422,0.4991917770403164,0.28649152527701305,0.8098719798725553,0.7980805651277553,0.8360401452277533,-0.5847549123613821,0.49259542249796695,0.5630535207994292,1.3473203640206324,-1.0484892094346405,-0.2637120523601303,0.40734160852948603,-0.5710800590900817,-0.6930327188364611,-0.3718596558763102,0.7360436647324773,1.3888670154683427,-0.4218541497661074,1.8610994649495338,0.17390731133155518,0.016017541340959843,0.3198854653798491,-0.46125654622636136,0.06877621450609711,0.008843375539430562,-0.005948866337822411,-0.026419937724758393,-0.0014487658826615544,1
data/Split/Healthy/d1_msns/pre_processed_data/Naive_D1-MSNs_cell_body_stim/Neuron_0063,AG7960,1,062122,1.4,4,Naive,63,5,left,raw_data/D1-MSN_DIO-ChR2_rec_SNr/Naive/D1-MSNs cell body stim/Mouse#1_recorded_062122_AG7960/Trajectory4_1.4mm_left_rec13_1mW_10s_STR_neurons_recorded_together/Ch5.txt,28.66149827087556,0.6088430940236573,0.7645235066578611,131.54051445931617,0.02021595349094457,0.08796821793416572,0.026442553191489502,1.2574141304347826,26.679549884283475,4.930387320245036,32.9,0.5305497363626168,0.4,59.10262232697236,0.008830000000008909,0.03944715619694397,0.008830000000008909,1.0,31.869705545658455,1.9453320043751166,0.050580127851922466,0.028562896629111593,-0.1,-0.1,-0.1,-0.1,-0.1,0.0,0.05470180671180552,-0.1,data/Split/Healthy,0.9397618503084886,0.6785375313577703,-0.06046807309956236,-0.04651981944664552,-0.06396803047747593,-0.07785045422922851,-0.0564954920854261,0.022472013246651306,0.9756499969962523,-0.07557052409428686,0.4452480180391847,-0.48987134211012623,-0.2637120523601303,0.1284431388372584,-0.64094971093877,-0.6699575025029593,-0.4630364420416417,0.7360436647324773,0.48478626976361777,-0.2962196369226969,0.46812082441189323,1.46810958901743,-0.027037712117700896,-0.04470322602503284,-0.031925343120580284,0.003595997736824697,-0.002987272718842311,0.0009823675365625917,0.0004979762738284171,0.0009245714008740727,1
data/Split/Healthy/d1_msns/pre_processed_data/Naive_D1-MSNs_cell_body_stim/Neuron_0023,AG8017,4,070722,1.4,1,Naive,23,2,right,raw_data/D1-MSN_DIO-ChR2_rec_SNr/Naive/D1-MSNs cell body stim/Mouse#4_recorded_070722_AG8017/Trajectory1_1.4mm_right_rec1_1mW_10s_STR_neurons_recorded_together/Ch2.txt,40.64515801084752,0.727079762514894,1.6876178663833636,177.88720805876258,0.043779450710883384,0.17108554277138568,0.02594156626506011,0.519626524390244,35.23387895876125,5.048754588359882,34.7,0.7558899302528015,1.3,74.61215843903035,0.04659749999999292,0.18987286659700453,0.023709374999996178,0.7124162500000059,29.90395089739665,3.592941207132836,-0.09397570862101753,0.0007195271451755178,-0.1,-0.07185979956353085,-0.14164821910478714,-0.1614749082007344,-0.15235925242317103,-0.0071160360442407145,-0.051115346625297056,-0.13778119936822286,data/Split/Healthy,0.6271642779153849,0.6180644822959647,-0.06046807309956236,0.03233021658046349,-0.18223076178474862,-0.25184437677268845,-0.20835379651127692,-0.02306590045565335,0.7442726274480723,-0.1829718588802746,0.5620631419792286,0.9202378400282101,1.813827861497141,0.4323090316387974,2.357689012059776,1.756983759265255,1.078615367811198,-1.846784187954602,0.3552961805966093,0.4497098672423902,0.15287944618038807,1.2277995342722368,-0.10756313485426446,0.08625782526478047,0.16860892409694472,-0.13300062384284006,0.018640453068540425,-0.040523071415901495,0.012840161818983634,0.009873893239060324,1
data/Split/Healthy/d1_msns/pre_processed_data/Naive_D1-MSNs_cell_body_stim/Neuron_0133,AG8020,1,062822,1.4,1,Naive,133,8,right,raw_data/D1-MSN_DIO-ChR2_rec_SNr/Naive/D1-MSNs cell body stim/Mouse#1_recorded_062822_AG8020/Trajectory1_1.4mm_right_rec1_1mW_10s_STR_neurons_recorded_together/Ch8.txt,17.316265417821423,0.971137600718829,0.6549887628490374,75.2411714971519,0.038241621260935534,0.14420803782505912,0.058385156250000445,1.093104032258064,15.408361483565571,4.883139039631404,24.2,0.41536538829623265,0.2,22.569841355881977,0.007980000000000587,0.037617554858934164,0.007980000000000587,1.0,23.698303980363793,1.2314475856007594,-0.6755396825396826,0.011039904441673487,0.2,0.1692347200821947,0.23076527991780532,0.2611111111111111,0.23076527991780532,0.0,-0.7388924170005701,0.2544321297826142,data/Split/Healthy,-0.6304500175287983,0.64047932267466,0.7790217021102558,0.7078872938273976,0.8752607352537829,0.9442110751851224,0.9028278795567429,0.022472013246651306,-0.7596049988194118,0.931980439513033,-0.11935841433769266,-1.2106593384414865,-0.7253875887728573,-0.5873143168401461,-0.70843744283987,-0.6994759602718684,-0.5511049286809571,0.7360436647324773,-0.05348818795930566,-0.6194197317244512,1.4708105225470702,-1.3873941468682038,0.8735369099350163,0.753418415911097,0.040770470678510654,0.03902096855296714,0.0056063795053166955,0.017320325667195612,-0.0034023408585430307,0.0018780359894184963,1
data/Split/Healthy/d1_msns/pre_processed_data/Naive_D1-MSNs_cell_body_stim/Neuron_0127,AG7499,1,011322,1.4,1,Naive,127,7,right,raw_data/D1-MSN_DIO-ChR2_rec_SNr/Naive/D1-MSNs cell body stim/Mouse#1_recorded_011322_AG7499/011322_D1-cre#1_trajectory1_1.4mm_right_1mW_STR_10s_cont_stim_neurons_recorded_together/Neuron_recorded_in_Ch7.txt,21.581139677705927,0.5330012616292163,0.37405140360756317,76.93803211425809,0.028680797949222687,0.09269027882441598,0.07667608695652219,2.7025670454545447,20.15895267208676,3.8165689143558983,13.6,0.3237279551848428,0.2,22.169882537669213,0.011252499999999799,0.03636363636363636,0.011252499999999799,1.0,12.726532993155578,0.7341410368677408,-0.8886590038314177,-0.7,-0.2,-0.2,-0.2,-0.2,-0.2,0.0,-0.886736101893794,-0.2,data/Split/Healthy,-1.0913140275290676,-0.9038291365084347,-0.34029799816950174,-0.32672406392288916,-0.34792430483754655,-0.3608828777593565,-0.34652695242508436,0.022472013246651306,-1.0828766219552985,-0.3598424280622727,-0.8072696997623938,-1.7840980296362352,-0.7253875887728573,-0.5951503889510058,-0.4486096750232411,-0.719706454959506,-0.21204125512299385,0.7360436647324773,-0.7762312854816021,-0.8445675560347164,-1.6699904895532853,-1.1285978598597437,-0.15031712265046904,0.07052220145378282,0.030370573902286285,-0.04267985243471779,-0.012379072601528193,-0.012294522337098256,0.000312880394062144,3.473948100835118e-05,2
data/Split/Healthy/d1_msns/pre_processed_data/Naive_D1-MSNs_cell_body_stim/Neuron_0010,AG8019,8,060922,1.7,2,Naive,10,10,right,raw_data/D1-MSN_DIO-ChR2_rec_SNr/Naive/D1-MSNs cell body stim/Mouse#8_recorded_060922_AG8019/Trajectory2_1.7mm_right_rec6_1mW_10s_STR_neurons_recorded_together/Ch10.txt,63.53636643686464,0.2630456003390301,0.06639118749933609,250.54091126398262,0.0012737149321748252,0.004597701149425287,0.01918500000000094,11.81120625,63.32490308650737,3.9564357630634155,29.1,0.525629865862373,0.1,11.40684410646735,0.0026299999999992,0.0125,0.0026299999999992,1.0,28.85672178288999,0.5288973384032071,-0.9882352941176471,-1.0,-0.1,-0.1,-0.1,-0.1,-0.1,0.0,-0.9882352941176471,-0.1,data/Split/Healthy,-1.306644707845204,-1.5553995123211926,-0.06046807309956236,-0.04651981944664552,-0.06396803047747593,-0.07785045422922851,-0.0564954920854261,0.022472013246651306,-1.3048124363993432,-0.07557052409428686,0.19863831194353726,-0.5206583688165387,-0.9562253569792208,-0.8060219623188091,-1.1332131671545103,-1.1047180569836117,-1.1054183445819534,0.7360436647324773,0.2863120927117542,-0.9374884561925989,-1.388992441575475,-1.9441159734331401,-0.04029662084572985,-0.4232357021759958,0.0031882972078412213,0.0011958012325337195,-0.010266936103744205,-0.019403951517057025,-0.0012678285685465817,0.0008844975764816071,2
data/Split/Healthy/d1_msns/pre_processed_data/Naive_D1-MSNs_cell_body_stim/Neuron_0098,AG7499,1,011322,1.4,3,Naive,98,1cell2,right,raw_data/D1-MSN_DIO-ChR2_rec_SNr/Naive/D1-MSNs cell body stim/Mouse#1_recorded_011322_AG7499/011322_D1-cre#1_trajectory3_1.4mm_right_+500more_caudal_1mW_STR_10s_cont_stim_neurons_recorded_together/Neuron_recorded_in_Ch1cell2.txt,19.975998030607638,0.9008741925576377,1.333442744020022,90.77302481531099,0.06072357219053853,0.24646983311938384,0.045538942307692176,0.6434318627450981,16.025651963517753,5.66423288250331,23.1,0.6648051121880669,0.5,48.516877454809716,0.01422000000000665,0.07440711462450593,0.011916250000005135,0.913779999999997,21.832424930936448,2.526989101221443,0.09483436863332217,0.10839492752582187,0.7166666666666666,0.6713560169586865,0.6588733899522122,0.6661101416860283,0.538010951819093,-0.3055767760204711,0.01387834931633732,0.6220518025059334,data/Split/Healthy,1.035460291643682,0.8519248192686543,2.224809648304942,2.1148524800944877,2.0909005747407963,2.0904896466948344,1.7939369886024428,-1.9330167967223357,0.8863863578777945,1.9770198825244907,-0.19074543452327472,0.3502572427403839,-0.03287428415376686,-0.07895486412739576,-0.21299809335851635,-0.10591984303701885,-0.14327012805623712,-0.03830960612754924,-0.17639917519712978,-0.03288341063889305,5.372403149764055,-1.0622105884239952,-0.45792757695575603,-0.21899170265262985,0.12657924570422235,0.023209372516561105,0.21967242458174419,0.030774372122288386,-0.030942616601806108,-0.004161624966876979,0
data/Split/Healthy/d1_msns/pre_processed_data/Naive_D1-MSNs_cell_body_stim/Neuron_0048,AG7499,2,011122,1.7,2,Naive,48,8,right,raw_data/D1-MSN_DIO-ChR2_rec_SNr/Naive/D1-MSNs cell body stim/Mouse#2_recorded_011122_AG7499/011122_D1-cre#2_trajectory2_1.7mm_right_1mW_STR_10s_cont_stim_neurons_recorded_together/Neuron_recorded_in_Ch8.txt,36.35441595659952,0.7007000640681806,1.1496477287751077,164.76551438219516,0.028722032423898092,0.11665495432185524,0.02498333333333332,0.8248249999999999,33.06313361964376,4.983360508947744,38.1,0.6567201837136944,1.1,163.1235052565295,0.03298000000000911,0.13524883590208667,0.024371250000007193,0.8024475000000024,34.51939497441107,4.772792133604701,-0.9861761426978818,-1.0,-0.8,-0.8,-0.8,-0.8,-0.8,0.16227284852177434,-0.9849038231865673,-0.8,data/Split/Healthy,-1.3021918559181287,-1.5553995123211926,-2.0192775485891383,-2.007949530780351,-2.0516619509979703,-2.059077418940124,-2.086715714463034,1.0609106785752762,-1.2975279181860833,-2.0654738518701876,0.7827139316437552,0.2996642629358125,1.3521523250844143,2.1664408089816343,1.2764958483501994,0.8756895069395152,1.1471922261580172,-1.0382015746733249,0.659329171492196,0.9838690690111199,-5.743885120147401,0.38614019631927704,-0.3954026635999133,0.01526616902729824,0.010878167899381118,0.009667842609253532,0.019605293351844022,0.05580614270133176,0.0012820637415902822,-0.0024425164024576562,2
data/Split/Healthy/d1_msns/pre_processed_data/Naive_D1-MSNs_cell_body_stim/Neuron_0105,AG7499,1,011322,1.4,3,Naive,105,9cell2,right,raw_data/D1-MSN_DIO-ChR2_rec_SNr/Naive/D1-MSNs cell body stim/Mouse#1_recorded_011322_AG7499/011322_D1-cre#1_trajectory3_1.4mm_right_+500more_caudal_1mW_STR_10s_cont_stim_neurons_recorded_together/Neuron_recorded_in_Ch9cell2.txt,9.539244245681697,0.9313324631982981,0.8462232798588603,59.03485355493536,0.05255815861814284,0.2956989247311828,0.06210909090909069,1.1031164062500003,7.091200415728389,8.325086035362245,13.3,0.7354830301202968,0.5,31.247749863620776,0.028575000000002147,0.1355769230769231,0.028575000000002147,1.0,11.894362946717195,3.3299001535593726,0.10725489060527424,0.06703026583441289,0.0,0.07385015245123384,-0.03986021746107502,-0.02734263665940686,-0.03986021746107502,0.0,0.11496661752266206,0.0032276798161052444,data/Split/Healthy,1.0623192902909915,0.7620848587231912,0.21936185197037703,0.440615686750132,0.10680265542830372,0.12779344210674298,0.11792879745731283,0.022472013246651306,1.1074236552547907,0.21787676674093173,-0.8267388870857344,0.7925377756985934,-0.03287428415376686,-0.4172950204987146,0.9267506024420754,0.8809828062029845,1.582742697576786,0.7360436647324773,-0.8310487946812897,0.3306221112753168,1.114837688218163,1.3565026569917296,0.12194451033358242,-0.17777096788053331,0.2234699923651553,-0.0515889161457377,-0.04097978997492441,0.006960976158504863,-0.05053966901120352,0.000706134826280322,1
data/Split/Healthy/d1_msns/pre_processed_data/Naive_D1-MSNs_cell_body_stim/Neuron_0034,AG7499,2,011122,1.7,5,Naive,34,2cell2,left,raw_data/D1-MSN_DIO-ChR2_rec_SNr/Naive/D1-MSNs cell body stim/Mouse#2_recorded_011122_AG7499/011122_D1-cre#2_trajectory5_1.7mm_left_1mW_STR_10s_cont_stim_neurons_recorded_together/Neuron_recorded_in_Ch2cell2.txt,13.805106202316503,0.7994460309944452,0.8434891773309472,63.869982207269935,0.05067753268169106,0.20773930753564154,0.06008083333333331,1.0978422413793103,11.521104130493534,5.543737951141486,20.2,0.5671637624172019,0.3,19.390884887071998,0.012465000000000259,0.04173913043478261,0.010162500000001273,0.9078350000000001,19.36940407592968,0.843526998099654,-0.9654082904784167,-1.0,-0.2,-0.2,-0.2,-0.2,-0.2,0.08546853989891959,-0.9628083163119069,-0.2,data/Split/Healthy,-1.257282011071852,-1.5553995123211926,-0.34029799816950174,-0.32672406392288916,-0.34792430483754655,-0.3608828777593565,-0.34652695242508436,0.5694140143806925,-1.2492143877397854,-0.3598424280622727,-0.37894757864890066,-0.260752100472376,-0.4945498205664938,-0.6495970594439798,-0.35234041040051906,-0.6329792038203286,-0.32497613798862235,-0.09170244068171719,-0.33864566430859855,-0.795044759192011,-2.0831267993792038,-1.4924527142576924,0.27098785138523773,-0.47129369031230633,0.028116177853262758,0.015980602937324166,0.023492544954504965,-0.007234408563187475,-0.002773942670053585,0.000921500756383976,2
data/Split/Healthy/d1_msns/pre_processed_data/Naive_D1-MSNs_cell_body_stim/Neuron_0081,AG8019,7,061422,1.7,2,Naive,81,9,right,raw_data/D1-MSN_DIO-ChR2_rec_SNr/Naive/D1-MSNs cell body stim/Mouse#7_recorded_061422_AG8019/Trajectory2_1.7mm_right_rec5_1mW_10s_STR_neurons_recorded_together/Ch9.txt,25.05795414618123,0.5005016862331211,0.18305323645749275,101.96383599119304,0.00938605469935788,0.03409090909090909,0.05127499999999966,5.4553875000000005,24.43303551721554,4.17319558674358,24.1,0.45922931946114287,0.2,21.003719444005583,0.008820000000002891,0.0325,0.008820000000002891,1.0,23.488989393493434,0.9789768740358891,-0.9698560794044665,-1.0,-0.2,-0.2,-0.2,-0.2,-0.2,0.0,-0.9689595312105649,-0.2,data/Split/Healthy,-1.2669002185045235,-1.5553995123211926,-0.34029799816950174,-0.32672406392288916,-0.34792430483754655,-0.3608828777593565,-0.34652695242508436,0.022472013246651306,-1.2626644936809555,-0.3598424280622727,-0.12584814344547274,-0.9361724347403798,-0.7253875887728573,-0.6179980864609789,-0.6417436842557235,-0.7820416667157898,-0.46407254188507047,0.7360436647324773,-0.0672763606296666,-0.7337219293442369,-1.9524746995733595,-1.5896916602920554,-0.2357883231604765,-0.3586698224997967,-0.010884554951954766,0.002618592047845,-0.01737481036568299,-0.010664089281286955,-0.0004147622741872707,0.00038512068694482424,2
data/Split/Healthy/d1_msns/pre_processed_data/Naive_D1-MSNs_cell_body_stim/Neuron_0086,AG8019,7,061422,1.1,3,Naive,86,4,right,raw_data/D1-MSN_DIO-ChR2_rec_SNr/Naive/D1-MSNs cell body stim/Mouse#7_recorded_061422_AG8019/Trajectory3_1.1mm_right_rec9_1mW_10s_STR_neurons_recorded_together/Ch4.txt,10.640474313356892,6.833440917546583,1.2589874187559682,60.883145626249856,0.14836354480091488,0.8034351145038168,0.11784354838709668,0.673819262295082,2.455911324910511,24.790449479469025,2.0,0.21317318485700118,0.1,5.427408412482868,0.005527500000000174,0.03,0.005527500000000174,1.0,1.7409563629627685,0.7324869160689812,-0.6,-0.3,-0.1,-0.1,-0.1,-0.1,-0.1,0.0,-0.6,-0.1,data/Split/Healthy,-0.46709776584942164,-0.03506863542475791,-0.06046807309956236,-0.04651981944664552,-0.06396803047747593,-0.07785045422922851,-0.0564954920854261,0.022472013246651306,-0.4559060135197116,-0.07557052409428686,-1.560078276264897,-2.4759155615074313,-0.9562253569792208,-0.9231722466647984,-0.9031593987055822,-0.8223762154992675,-0.8052084151290076,0.7360436647324773,-1.4998838016552363,-0.8453164335629451,-0.49904332214123276,-0.39269327385799,0.08646321731609563,0.29448076876671114,0.05354842358663089,-0.06291496308013032,-0.0010946306893879205,-0.012609473179141692,0.0005308342625593587,0.00019387957052225552,1
data/Split/Healthy/d1_msns/pre_processed_data/Naive_D1-MSNs_cell_body_stim/Neuron_0031,AG8017,4,070722,1.1,6,Naive,31,7,left,raw_data/D1-MSN_DIO-ChR2_rec_SNr/Naive/D1-MSNs cell body stim/Mouse#4_recorded_070722_AG8017/Trajectory6_1.1mm_left_rec17_1mW_10s_STR_neurons_recorded_together/Ch7.txt,7.230113115628857,1.111454728970929,0.7128280536535493,63.01762465125469,0.06124313139254009,0.35774647887323946,0.08591571428571419,1.1985742647058824,4.946505066371033,12.739828182868335,6.0,0.5508828026099042,0.2,10.455556304342512,0.015514999999996348,0.11000000000000001,0.015514999999996348,1.0,5.4477087824032315,4.550974908466638,0.003843258191084278,0.15830889668178647,0.0,0.0,0.0,0.0,0.0,0.0,0.030939092374908727,0.0,data/Split/Healthy,0.8386947999997604,0.9603330314061816,0.21936185197037703,0.23368442502959813,0.21998824388259466,0.20518196930089944,0.23353596825423217,0.022472013246651306,0.9236909888089834,0.20870137987369894,-1.300489111953689,-0.3626333073798477,-0.7253875887728573,-0.8246597807045661,-0.11017854887572373,0.46832934557202005,0.22959630287242136,0.7360436647324773,-1.2557090254501826,0.8834447617873145,1.0930420937344816,1.1894468499754975,0.22452250238934268,0.14945849392088337,0.012423368686204944,-0.033901035949002824,0.006275789247663711,-0.045662981359239053,-0.0026596591720639165,0.0029859280072703047,1
data/Split/Healthy/d1_msns/pre_processed_data/Naive_D1-MSNs_cell_body_stim/Neuron_0107,AG7499,1,011322,1.4,6,Naive,107,16,left,raw_data/D1-MSN_DIO-ChR2_rec_SNr/Naive/D1-MSNs cell body stim/Mouse#1_recorded_011322_AG7499/011322_D1-cre#1_trajectory6_1.4mm_left_1mW_STR_10s_cont_stim_neurons_recorded_together/Neuron_recorded_in_Ch16.txt,16.15550916490637,0.8094775086127306,0.6607570210595651,224.1492000120114,0.01690753324949976,0.1390593047034765,0.02558812499999996,1.4504057692307692,14.14814553434454,15.843009210492678,7.9,0.6863459305982891,0.2,30.997741553177057,0.013502499999999884,0.05500000000000001,0.013502499999999884,1.0,7.303667929126561,2.0863338318484943,0.2743250196149688,0.1639086780027547,0.55,0.583000688169468,0.4370285339455788,0.503448275862069,0.4140808181591519,-0.14820254699511942,0.21130176887558685,0.57131635944215,data/Split/Healthy,1.4236033312685383,0.9724952034720902,1.7584264398550435,1.867277098606157,1.4609581867648966,1.6301038256939575,1.4345006121476251,-0.9259260490407922,1.3180678959296162,1.83279327254048,-1.177184258905865,0.48505301666179723,-0.7253875887728573,-0.4221932326639206,-0.26996567881618905,-0.4190307276644901,0.021081209508214713,0.7360436647324773,-1.1334514916261946,-0.23238324715408856,4.580365054128159,0.020214968624993418,0.17762977896231086,-0.47077222044812167,0.3674534416106291,0.15754291210422217,-0.021573731416809266,0.022302634860272418,0.012906814386531571,-0.03248168381979978,0
data/Split/Healthy/d1_msns/pre_processed_data/Naive_D1-MSNs_cell_body_stim/Neuron_0100,AG7499,1,011322,1.4,3,Naive,100,3,right,raw_data/D1-MSN_DIO-ChR2_rec_SNr/Naive/D1-MSNs cell body stim/Mouse#1_recorded_011322_AG7499/011322_D1-cre#1_trajectory3_1.4mm_right_+500more_caudal_1mW_STR_10s_cont_stim_neurons_recorded_together/Neuron_recorded_in_Ch3.txt,23.05317359373077,0.7514569255875325,0.9231526689369384,94.02658765146136,0.0375094879579862,0.14238042269187987,0.04063194444444434,0.9761221428571429,20.541348455602307,4.577430145576309,24.5,0.6253564563587377,0.1,9.002250562641247,0.0033324999999997827,0.015,0.0033324999999997827,1.0,24.258605529262674,0.5118970919200734,-0.004728030054547441,0.11040121841687814,0.6,0.5979157102194407,0.616321406151921,0.6052631578947368,0.616321406151921,-0.028408853790468997,-0.04619119545276883,0.5891553079597307,data/Split/Healthy,0.8201596514838609,0.8562822849682384,1.8983414023900134,1.9090696234547482,1.9700715468751884,1.918272953825358,2.021061942902565,-0.15932581973914328,0.7550396638842876,1.8835043911392757,-0.09988922701435202,0.10339976539632488,-0.9562253569792208,-0.853133233651513,-1.077436541672042,-1.0643835082001338,-1.0326323306248186,0.7360436647324773,-0.016579463062491265,-0.9451850540318334,4.596789617599284,-0.8549477630802124,1.1967354261198122,-0.3899539799544748,0.00018077982040036532,-0.04137813404779393,0.04621999268451277,0.0034877081182503908,-0.010487550972890884,0.003146169239097112,0
data/Split/Healthy/d1_msns/pre_processed_data/Naive_D1-MSNs_cell_body_stim/Neuron_0128,AG8020,1,062822,1.7,3,Naive,128,5,right,raw_data/D1-MSN_DIO-ChR2_rec_SNr/Naive/D1-MSNs cell body stim/Mouse#1_recorded_062822_AG8020/Trajectory3_1.7mm_right_rec9_1mW_10s_STR_neurons_recorded_together/Ch5.txt,20.357820888391565,0.7631713183623828,0.9857047663351648,97.21812760328588,0.04009857047663367,0.16798418972332016,0.04068010204081648,0.9848786458333332,17.645591850335204,5.509485225990823,20.2,0.6802106422557498,0.2,12.56099556936617,0.014294999999999902,0.04279176201372997,0.014294999999999902,1.0,19.55618080128874,0.711061949852493,-0.9631187440010969,-1.0,-0.2,-0.2,-0.2,-0.2,-0.2,0.0,-0.9616995179118311,-0.2,data/Split/Healthy,-1.2523309368838145,-1.5553995123211926,-0.34029799816950174,-0.32672406392288916,-0.34792430483754655,-0.3608828777593565,-0.34652695242508436,0.022472013246651306,-1.2467899144943986,-0.3598424280622727,-0.37894757864890066,0.44666028131562524,-0.7253875887728573,-0.7834095990496528,-0.20704329348548392,-0.615996235911496,0.10319212205053906,0.7360436647324773,-0.32634212742394586,-0.8550162546126633,-1.944305531652688,-1.5728223936895684,-0.2383608444344837,-0.36875285383503453,-0.012499624528771954,0.003942733301658305,-0.017480300772020382,-0.011205899997846486,-0.0004802791012707573,0.00043616114376518575,2
data/Split/Healthy/d1_msns/pre_processed_data/Naive_D1-MSNs_cell_body_stim/Neuron_0020,AG8017,4,070722,1.4,4,Naive,20,12,left,raw_data/D1-MSN_DIO-ChR2_rec_SNr/Naive/D1-MSNs cell body stim/Mouse#4_recorded_070722_AG8017/Trajectory4_1.4mm_left_rec9_1mW_10s_STR_neurons_recorded_together/Ch12.txt,46.65539974968312,0.6369748041948318,0.5381015776341068,206.11043232040763,0.01024684911631777,0.04015378043571124,0.01904259259259285,1.5355086538461538,45.2456342594224,4.55536618491507,48.6,0.5954484584721667,0.6,151.73460241940697,0.008387499999987825,0.038939265477696154,0.008387499999987825,1.0,47.08731662717474,2.971394378350098,-0.07402490071398213,-0.04563695776293415,0.08333333333333333,-0.03287416939372075,0.12024313548182605,0.14547569170132388,0.061083507630977085,-0.3311093925097168,-0.09459742474092081,0.043444315214518345,data/Split/Healthy,0.6703072894408162,0.5173827746528465,0.45255345619532644,0.14156960705208238,0.56142617157052,0.6169253451703737,0.4106973574630416,-2.0964086175412215,0.6491957090128273,0.3322013618998636,1.4641354879606763,-0.08375522773277615,0.19796348405259656,1.9433071766390346,-0.6760830301944962,-0.67815171969983,-0.5088838600879622,0.7360436647324773,1.4872154475843689,0.1683141837069501,1.789600272074628,0.2099944861632274,-1.6434650344662718,0.31611792575183845,-0.42957785780719426,0.11263353233050766,0.07234351528989963,-0.03990720932795113,-0.018524824308355795,-0.04191540431225267,1
data/Split/Healthy/d1_msns/pre_processed_data/Naive_D1-MSNs_cell_body_stim/Neuron_0126,AG7499,1,011322,1.4,1,Naive,126,2cell2,right,raw_data/D1-MSN_DIO-ChR2_rec_SNr/Naive/D1-MSNs cell body stim/Mouse#1_recorded_011322_AG7499/011322_D1-cre#1_trajectory1_1.4mm_right_1mW_STR_10s_cont_stim_neurons_recorded_together/Neuron_recorded_in_Ch2cell2.txt,21.751417935174537,0.7683604071086904,0.9875195717283543,98.4921568852074,0.0419078618252219,0.16487455197132617,0.04243749999999987,0.9326831081081084,18.959724148219472,5.194809592968519,29.4,0.5713811915366578,0.0,0.0,0.0,0.0,0.0,1.0,29.4,0.0,-0.9925925925925926,-1.0,0.0,0.0,0.0,0.0,0.0,0.0,-0.9925925925925926,0.0,data/Split/Healthy,-1.3160672324467273,-1.5553995123211926,0.21936185197037703,0.23368442502959813,0.21998824388259466,0.20518196930089944,0.23353596825423217,0.022472013246651306,-1.3143400056796983,0.20870137987369894,0.2181074992668777,-0.23436073449502837,-1.1870631251855843,-1.0295071035516852,-1.3420281493875708,-1.3063908009010003,-1.377912603239673,0.7360436647324773,0.32209944025193354,-1.1769385204001805,-0.8086178074315118,-2.2636695042352843,0.14987571265933594,-0.5086389907036245,0.013918595906929114,0.0025558872848389313,-0.0033718700025745247,-0.02898604653814779,-0.0022354159533948706,0.0014752974275403336,2
data/Split/Healthy/d1_msns/pre_processed_data/Naive_D1-MSNs_cell_body_stim/Neuron_0049,AG7499,2,011122,1.7,2,Naive,49,9,right,raw_data/D1-MSN_DIO-ChR2_rec_SNr/Naive/D1-MSNs cell body stim/Mouse#2_recorded_011122_AG7499/011122_D1-cre#2_trajectory2_1.7mm_right_1mW_STR_10s_cont_stim_neurons_recorded_together/Neuron_recorded_in_Ch9.txt,36.806511946300446,0.817565294865183,1.0706169186671792,145.71268724312174,0.03878188126858366,0.1388276773909211,0.03622386363636358,0.8917926923076924,32.97560539304719,4.4188024906995285,44.8,0.5093322958594152,0.3,40.260455132435325,0.009872500000000173,0.044393592677345536,0.005438750000000425,0.9395650000000003,43.79104567828469,1.2248523227476056,-0.33385181592076424,0.21440361434064936,0.23333333333333334,0.16603950446745486,0.2776976421636467,0.2736040609137056,0.25987022710254637,-0.031825110823833255,-0.3446258619193213,0.21853894867271192,data/Split/Healthy,0.10843953703613864,1.0821652189598345,0.8722983438002356,0.6989341640547287,1.0085281225562461,0.9795701737818079,0.9872413829077339,-0.18118760023084568,0.10248924146796201,0.8299462101772364,1.2175257818650285,-0.6226435171869741,-0.4945498205664938,-0.2407163199316304,-0.558177992696866,-0.5901525890937069,-0.814403801233879,0.1932689033728873,1.270080303344565,-0.6224056346568074,2.1587174534948748,-0.39567133598511245,0.65552159599334,0.618043020749246,-0.12645827750674737,-0.04874499309966303,0.10125481181615563,-0.04235355816033685,0.0017953386165686755,-0.006091611654421597,0
data/Split/Healthy/d1_msns/pre_processed_data/Naive_D1-MSNs_cell_body_stim/Neuron_0013,AG8019,8,060922,1.7,2,Naive,13,7,right,raw_data/D1-MSN_DIO-ChR2_rec_SNr/Naive/D1-MSNs cell body stim/Mouse#8_recorded_060922_AG8019/Trajectory2_1.7mm_right_rec6_1mW_10s_STR_neurons_recorded_together/Ch7.txt,31.936208741877724,0.5424645478571779,0.20289840369680892,133.40289591148417,0.005521880056608751,0.021601016518424398,0.02721500000000048,3.95213611111111,31.419850816916124,4.245815700679948,38.0,0.4282404431223519,0.1,19.512195121943716,0.0015375000000005911,0.006,0.0015375000000005911,1.0,37.77339088485466,0.40877010897752586,-0.9841575091575091,-1.0,-0.1,-0.1,-0.1,-0.1,-0.1,0.0,-0.9841575091575091,-0.1,data/Split/Healthy,-1.2978266226652333,-1.5553995123211926,-0.06046807309956236,-0.04651981944664552,-0.06396803047747593,-0.07785045422922851,-0.0564954920854261,0.022472013246651306,-1.2958960449835384,-0.07557052409428686,0.776224202535975,-1.1300912306511255,-0.9562253569792208,-0.6472203253779879,-1.2199547519793763,-1.2095878838206535,-1.218612252408292,0.7360436647324773,0.8736795335605267,-0.9918741955610386,-1.3842291636762885,-1.9342994256068433,-0.04179636747387902,-0.4290942500232845,0.002241820892522646,0.0020419647763950336,-0.010319634310365186,-0.01925983043385038,-0.0012713685445876217,0.0008909042243766091,2
data/Split/Healthy/d1_msns/pre_processed_data/Naive_D1-MSNs_cell_body_stim/Neuron_0129,AG8020,1,062822,1.7,3,Naive,129,7,right,raw_data/D1-MSN_DIO-ChR2_rec_SNr/Naive/D1-MSNs cell body stim/Mouse#1_recorded_062822_AG8020/Trajectory3_1.7mm_right_rec9_1mW_10s_STR_neurons_recorded_together/Ch7.txt,15.2080163948854,1.2231699330718948,0.9052390711241309,67.46796164123391,0.06218338634849202,0.25396825396825395,0.06869277777777791,0.9023431818181818,12.097954823576856,5.576807206268478,18.2,0.7454696161841241,0.8,56.79273422293577,0.036767499999991314,0.17938698728172414,0.0335699999999914,0.9258825000000002,15.852412822052097,4.630578448623094,-0.9698564593301435,-1.0,-0.7,-0.7,-0.7,-0.7,-0.7,0.058878319067384055,-0.9643820315866076,-0.7,data/Split/Healthy,-1.266901040082173,-1.5553995123211926,-1.7394476235191987,-1.7277452863041072,-1.7677056766378993,-1.776044995409996,-1.7966842541233754,0.3992542268214814,-1.2526554375998025,-1.7812019479022014,-0.5087421608045046,0.8550307400637537,0.6596390204653236,0.08318735517400377,1.5772132419639793,1.5878064749533203,2.1002745690569355,0.07038455370294913,-0.5703203097008367,0.9194840295574292,-4.97143189862195,0.01947444052568134,-0.8290141656600106,0.02383633059073902,-0.03223496682246245,-0.0006149041808845152,-0.023495914604213373,0.03365076727094804,0.0024308933408728247,-0.001974914020202821,2
data/Split/Healthy/d1_msns/pre_processed_data/Naive_D1-MSNs_cell_body_stim/Neuron_0027,AG8017,4,070722,1.7,2,Naive,27,5,right,raw_data/D1-MSN_DIO-ChR2_rec_SNr/Naive/D1-MSNs cell body stim/Mouse#4_recorded_070722_AG8017/Trajectory2_1.7mm_right_rec5_1mW_10s_STR_neurons_recorded_together/Ch5.txt,9.70853167560155,0.8284526134131036,0.525878799095084,43.39712702161125,0.04653016066608646,0.19375,0.08848076923076977,1.7771559999999993,8.20949267668706,5.286213013484794,12.3,0.7129841435298012,0.7,27.19356706688245,0.05001000000000744,0.19873141564318036,0.04026875000000416,0.8490949999999969,10.197169513348573,3.1691126608671727,-0.9059757236227824,-0.9176699896015229,-0.5,-0.5,-0.5,-0.5,-0.5,0.12283153472608448,-0.8806283360252266,-0.5,data/Split/Healthy,-1.1287609041178626,-1.376586859601179,-1.1797877733793198,-1.16733679735162,-1.1997931279177583,-1.2099801483497403,-1.216621333444059,0.8085124146025585,-1.0695215206705073,-1.21265813996623,-0.8916361781635364,0.6517467076629995,0.42880125225896,-0.4967253700727267,2.6286324063082804,1.8999059907267788,2.7943319512574796,-0.6192541819287459,-0.9428479600628356,0.2578280685502005,-3.76555268679288,-0.2844369876997029,-0.06660619493421419,-0.19510074018828483,0.01702744766572354,0.006832115062880215,0.020992102330731156,-0.009065735484704466,-0.0032016765670790466,0.001003415671232261,2
data/Split/Healthy/d1_msns/pre_processed_data/Naive_D1-MSNs_cell_body_stim/Neuron_0028,AG8017,4,070722,1.7,5,Naive,28,12,left,raw_data/D1-MSN_DIO-ChR2_rec_SNr/Naive/D1-MSNs cell body stim/Mouse#4_recorded_070722_AG8017/Trajectory5_1.7mm_left_rec13_1mW_10s_STR_neurons_recorded_together/Ch12.txt,4.117410794478634,0.8734843099678662,0.2623840212167756,38.960103754711156,0.026474043156116532,0.20588235294117646,0.10089807692307715,3.814752083333333,3.3586249540651028,11.600016163625503,5.2,0.523247084331347,0.1,3.0919866013915525,0.009702499999999503,0.06,0.009702499999999503,1.0,4.921490074476036,1.395993300695776,0.18285658785658784,0.24288055905003877,0.1,0.1,0.1,0.1,0.1,0.0,0.1788445187112416,0.1,data/Split/Healthy,1.225805646886375,1.1440143308474877,0.4991917770403164,0.5138886695058418,0.5039445182426653,0.4882143928310274,0.5235674285938904,0.022472013246651306,1.2470976143735704,0.49297328384168476,-1.3524069448159306,-0.5355690780776075,-0.9562253569792208,-0.9689282917565484,-0.571675539077007,-0.3383616300975348,-0.372636730757851,0.7360436647324773,-1.290372612521485,-0.5449242121146567,1.9225323971085284,1.3471425286257654,0.3854518904496471,-0.021276713391883972,0.0006166656831255843,-0.007571354586450649,0.013611869803575932,-0.0031825817930563006,2.2822484218837315e-05,0.0012999344074882254,1
data/Split/Healthy/d1_msns/pre_processed_data/Naive_D1-MSNs_cell_body_stim/Neuron_0011,AG8019,8,060922,1.7,2,Naive,11,3,right,raw_data/D1-MSN_DIO-ChR2_rec_SNr/Naive/D1-MSNs cell body stim/Mouse#8_recorded_060922_AG8019/Trajectory2_1.7mm_right_rec6_1mW_10s_STR_neurons_recorded_together/Ch3.txt,56.32459686623415,0.4312915963507406,0.8724631358962783,220.3535807620987,0.032030556499596956,0.1105907780979827,0.03671279069767467,1.0702196428571427,51.75330296748284,4.25776845393905,59.8,0.38272283538839524,0.7,155.3068585969116,0.011679999999995517,0.0449518146256934,0.00791499999999985,0.8062749999999994,57.6706564914237,2.7416725051021116,-0.10549589467741431,0.23342410472133754,0.0666666666666667,0.08845213640294176,0.07527073353315132,0.09494047619047619,0.10958169155972883,-0.04238606351158036,-0.11733178328554213,0.11643464450838947,data/Split/Healthy,0.6022522281316278,1.1234758458447942,0.40591513535033674,0.4815310655605575,0.43372421450682747,0.47389429997384824,0.5513573485498137,-0.24877069693227127,0.5994852801028551,0.5396923606960535,2.1909851480320586,-1.4149263304465152,0.42880125225896,2.013295524765665,-0.4146673157442425,-0.581146336930649,-0.5578395776592683,-1.003826288843885,2.184371434939224,0.06431116969068071,1.5962532515497099,0.6171389692884324,0.23244061651768977,0.44764328620973026,0.028795252944528046,-0.024149243677419403,-0.11385370063681167,-0.009543811423233841,-0.0018263671114036443,-0.004320032832256299,1
data/Split/Healthy/d1_msns/pre_processed_data/Naive_D1-MSNs_cell_body_stim/Neuron_0122,AG7499,1,011322,1.4,4,Naive,122,8,left,raw_data/D1-MSN_DIO-ChR2_rec_SNr/Naive/D1-MSNs cell body stim/Mouse#1_recorded_011322_AG7499/011322_D1-cre#1_trajectory4_1.4mm_left_+500more_caudal_1mW_STR_10s_cont_stim_neurons_recorded_together/Neuron_recorded_in_Ch8.txt,28.976460158821922,0.819319315662473,0.9642195577806492,153.54634364344756,0.028699247035960062,0.1267928858290304,0.029764224137931113,0.997932456140351,26.050068505518524,5.894277921415824,7.1,0.7871655672902547,0.3,29.574685485313502,0.011617499999994152,0.09505494505494505,0.011617499999994152,1.0,6.209419021478211,5.091913457291464,-0.6090476190476191,-0.7573893843439123,-0.3,-0.3,-0.3,-0.3,-0.3,0.0,-0.5853486064712646,-0.3,data/Split/Healthy,-0.4866629651470146,-1.0284732122571874,-0.6201279232394411,-0.6069283083991327,-0.6318805791976171,-0.6439153012894844,-0.6365584127647426,0.022472013246651306,-0.4238696112164437,-0.6441143320302584,-1.229102091768107,1.1159510956280116,-0.4945498205664938,-0.45007402803031593,-0.4196296489723244,0.22720852647079023,-0.17422361086118435,0.7360436647324773,-1.20553291274738,1.128346297195902,-1.952154069798951,-0.16989411059616444,-0.46776507878628837,-0.360914109629386,-0.057901423449537616,0.021859121500181544,-0.024762158988834056,-0.02491004934264009,-0.0016195038361858567,0.0016684965992542246,2
data/Split/Healthy/d1_msns/pre_processed_data/Naive_D1-MSNs_cell_body_stim/Neuron_0050,AG7499,2,011122,1.4,1,Naive,50,16,right,raw_data/D1-MSN_DIO-ChR2_rec_SNr/Naive/D1-MSNs cell body stim/Mouse#2_recorded_011122_AG7499/011122_D1-cre#2_trajectory1_1.4mm_right_1mW_STR_10s_cont_stim_neurons_recorded_together/Neuron_recorded_in_Ch16.txt,7.224098596490499,0.8486433793761591,0.470535157625818,35.9589916443955,0.04309202491345261,0.20689655172413793,0.09158088235294105,1.4880265625,5.9874697010893145,6.005707492407586,19.5,0.40472829915543296,0.0,0.0,0.0,0.0,0.0,1.0,19.5,0.0,-0.9817813765182187,-1.0,0.0,0.0,0.0,0.0,0.0,0.0,-0.9817813765182187,0.0,data/Split/Healthy,-1.2926883085518128,-1.5553995123211926,0.21936185197037703,0.23368442502959813,0.21998824388259466,0.20518196930089944,0.23353596825423217,0.022472013246651306,-1.2907004476494734,0.20870137987369894,-0.424375682403362,-1.2772229497072838,-1.1870631251855843,-1.0295071035516852,-1.3420281493875708,-1.3063908009010003,-1.377912603239673,0.7360436647324773,-0.3300429234387413,-1.1769385204001805,-0.7959891801022638,-2.2376434090164414,0.14589951356786024,-0.5241714494473421,0.01140925319900958,0.004799276035439582,-0.003511585976830352,-0.02860394591571487,-0.002244801305063052,0.0014922830350166223,2
data/Split/Healthy/d1_msns/pre_processed_data/Naive_D1-MSNs_cell_body_stim/Neuron_0004,AG8019,8,060922,1.7,5,Naive,4,8,left,raw_data/D1-MSN_DIO-ChR2_rec_SNr/Naive/D1-MSNs cell body stim/Mouse#8_recorded_060922_AG8019/Trajectory5_1.7mm_left_rec18_1mW_10s_STR_neurons_recorded_together/Ch8.txt,35.88819493594533,0.5157902800739378,0.16165853574750147,137.1208756503567,0.004154119185786543,0.015202702702702704,0.025696874999999786,3.0179642857142857,35.49002718061258,3.863645270051042,41.0,0.44459215994188456,0.0,0.0,0.0,0.0,0.0,1.0,41.0,0.0,0.044321745396389056,-0.02817000254081421,0.0,0.0,0.0,0.0,0.0,0.0,0.044321745396389056,0.0,data/Split/Healthy,0.9262282897796229,0.5553192765807842,0.21936185197037703,0.23368442502959813,0.21998824388259466,0.20518196930089944,0.23353596825423217,0.022472013246651306,0.9529531921100093,0.20870137987369894,0.970916075769381,-1.0277672482630318,-1.1870631251855843,-1.0295071035516852,-1.3420281493875708,-1.3063908009010003,-1.377912603239673,0.7360436647324773,1.0862258461925225,-1.1769385204001805,1.0085419891822627,1.0888603232630978,0.14273409676966028,-0.22756818920157315,-0.03173408755593959,0.016869519232272027,0.0029276116608608887,-0.001955234946418991,-0.00017052822127415815,0.0012987737209771528,1
data/Split/Healthy/d1_msns/pre_processed_data/Naive_D1-MSNs_cell_body_stim/Neuron_0035,AG7499,2,011122,1.7,5,Naive,35,4,left,raw_data/D1-MSN_DIO-ChR2_rec_SNr/Naive/D1-MSNs cell body stim/Mouse#2_recorded_011122_AG7499/011122_D1-cre#2_trajectory5_1.7mm_left_1mW_STR_10s_cont_stim_neurons_recorded_together/Neuron_recorded_in_Ch4.txt,20.545040201611176,0.7306367495292099,0.8819840490590657,94.70348629023418,0.033241070884280195,0.14393939393939395,0.03768897058823574,0.9783075757575754,18.192539046541913,5.205622263497941,18.0,0.5698735164151352,0.3,27.01336895297562,0.010819999999999653,0.060723981900452494,0.010819999999999653,1.0,17.230454290056638,2.1515630560559846,-0.976388888888889,-1.0,-0.3,-0.3,-0.3,-0.3,-0.3,0.0,-0.9720377282111166,-0.3,data/Split/Healthy,-1.2810272190848107,-1.5553995123211926,-0.6201279232394411,-0.6069283083991327,-0.6318805791976171,-0.6439153012894844,-0.6365584127647426,0.022472013246651306,-1.2693952089050722,-0.6441143320302584,-0.521721619020065,-0.24379529872362146,-0.4945498205664938,-0.5002558470881471,-0.48294902096082926,-0.32668103678467236,-0.25685257332433964,0.7360436647324773,-0.4795446308919226,-0.20285172791474046,-2.543592185570507,-1.2920558845048178,-0.4225809134261917,-0.26028771743505,-0.019426244417505366,-0.0014896525966950356,-0.024250901415695587,-0.006621778505951475,0.00016790598270580983,4.459890860545123e-05,2
data/Split/Healthy/d1_msns/pre_processed_data/Naive_D1-MSNs_cell_body_stim/Neuron_0043,AG7499,2,011122,1.7,2,Naive,43,10,right,raw_data/D1-MSN_DIO-ChR2_rec_SNr/Naive/D1-MSNs cell body stim/Mouse#2_recorded_011122_AG7499/011122_D1-cre#2_trajectory2_1.7mm_right_1mW_STR_10s_cont_stim_neurons_recorded_together/Neuron_recorded_in_Ch10.txt,31.31770508008033,0.7807318339085232,0.7716341948363038,133.50601805884904,0.026596767251844886,0.10195412064570943,0.03446810344827601,1.288324107142857,28.89320176038051,4.620672335522113,24.3,0.6822054238384322,0.4,30.56086126446461,0.015425000000002598,0.061002722323049,0.011233750000001663,0.9044324999999986,23.216428468361237,1.443154272516883,-0.3244994509136766,0.05670195909737833,0.3,0.3,0.3,0.3,0.3,0.0024842796542625667,-0.37419946559171363,0.3,data/Split/Healthy,0.12866374014465218,0.7396527963826611,1.058851627180195,1.074297158458329,1.0718570669628065,1.0542792398912832,1.1036303492732067,0.038369756288546046,0.037824275439441044,1.0615170917776562,-0.11286868522991238,0.45914300700046995,-0.2637120523601303,-0.4307526775124221,-0.11732430872350927,-0.32218388911541396,-0.21398394232806076,-0.12226074506703671,-0.08523075719183104,-0.5235728138173051,2.3545986821988,-0.7108014434003488,0.9005567560573315,0.2172936631329346,0.10610593299085679,-0.06301609933767931,0.0328736736975524,0.030215630450894357,0.003105348126159643,-0.0014806721616245086,0
data/Split/Healthy/d1_msns/pre_processed_data/Naive_D1-MSNs_cell_body_stim/Neuron_0025,AG8017,4,070722,1.1,7,Naive,25,7,right,raw_data/D1-MSN_DIO-ChR2_rec_SNr/Naive/D1-MSNs cell body stim/Mouse#4_recorded_070722_AG8017/Trajectory7_1.1mm_right_rec21_1mW_10s_STR_neurons_recorded_together/Ch7.txt,21.737185566140703,0.7288709631720933,0.5316715190213155,121.81119264600981,0.02047446570846515,0.08842897460018814,0.03850961538461551,1.6914159999999998,20.229169982959693,6.0215615741337425,26.3,0.709975897224317,1.2,126.13680702485684,0.028627499999994654,0.14452048537414391,0.012643750000000153,0.7090225000000032,22.638290021738122,5.087427843732435,-0.8651642930907905,-0.8461078009076513,-0.6,-0.6,-0.6,-0.6,-0.6,0.24179106045708648,-0.8516473692874926,-0.6,data/Split/Healthy,-1.04050743458342,-1.2211608523303479,-1.459617698449259,-1.4475410418278636,-1.4837494022778288,-1.493012571879868,-1.506652793783717,1.5697745250144057,-1.0061524010214624,-1.4969300439342157,0.016925896925691627,0.6329220334481352,1.5829900932907774,1.4417901167400728,0.9309189623529782,1.0252766261131145,-0.06789386449266534,-1.8772639074278468,-0.12331445144650306,1.1263155052506018,-4.455936726701645,0.2887012299245458,0.4675757157091719,-0.16857320636720205,0.06931048264028408,0.017567498756846336,0.07253839055272908,0.02684239826294274,-0.003704448092817394,-2.5425170813149874e-05,2
data/Split/Healthy/d1_msns/pre_processed_data/Naive_D1-MSNs_cell_body_stim/Neuron_0064,AG7960,1,062122,1.4,4,Naive,64,7,left,raw_data/D1-MSN_DIO-ChR2_rec_SNr/Naive/D1-MSNs cell body stim/Mouse#1_recorded_062122_AG7960/Trajectory4_1.4mm_left_rec13_1mW_10s_STR_neurons_recorded_together/Ch7.txt,17.551507737953877,0.9700451736795759,1.1711849463694894,90.03207862457059,0.057682891915896053,0.2567191844300278,0.049251736111111236,0.7871598591549295,13.844276914884025,6.503198338063927,14.0,0.801135046126381,0.4,38.45825542727146,0.01468500000000148,0.08511096746390864,0.01468500000000148,1.0,12.80273559014463,2.8688372108818903,0.6837708320601767,0.03534504985105079,0.7433333333333334,0.8205852725302553,0.5456660918991056,0.4846207699769335,0.40998237555437844,-0.7914114757731141,0.6535730343847279,0.5205489325473339,data/Split/Healthy,2.3090173700220227,0.6932676984365658,2.2994309616569266,2.5329991882063245,1.7694413488854939,1.576815879496981,1.422613839209818,-5.042036831665341,2.285128139123376,1.6884757415110312,-0.781310783331273,1.203367770107792,-0.2637120523601303,-0.2760253722759189,-0.17607833414280408,0.0667741867718033,0.14360001592011054,0.7360436647324773,-0.7712115943987932,0.1218830172931598,6.476630664214355,0.07541346286281218,-3.784401167343688,-0.6980228065422903,0.3661106114697079,-0.3356467799319187,0.01549939311670657,0.02506532948696577,0.013376584661180541,0.006496282531297663,0
data/Split/Healthy/d1_msns/pre_processed_data/Naive_D1-MSNs_cell_body_stim/Neuron_0067,AG7960,1,062122,1.1,3,Naive,67,4,right,raw_data/D1-MSN_DIO-ChR2_rec_SNr/Naive/D1-MSNs cell body stim/Mouse#1_recorded_062122_AG7960/Trajectory3_1.1mm_right_rec9_1mW_10s_STR_neurons_recorded_together/Ch4.txt,17.58391950561212,1.0027716440077892,1.1989036026553717,95.99229897949826,0.06360982881155221,0.3068181818181818,0.053056666666666974,0.7200538135593217,13.016853090408986,7.3744628070072356,19.0,0.6441709371593657,0.5,26.247302827789362,0.03149500000002377,0.10833635813672111,0.02535166666667881,0.9291674999999942,17.056104916707604,1.6896524502305865,0.390778428491422,-0.0016572561719633723,0.1,0.09944186182701913,0.07551502870648394,0.07160493827160494,0.07551502870648394,-0.22135012933327017,0.40992471693390875,0.07573113579291411,data/Split/Healthy,1.6754302640295355,0.6129023436320523,0.4991917770403164,0.5123247426551072,0.4344179059794643,0.40784716145827504,0.45255330878755967,-1.394022088934074,1.752372295588093,0.42398372148879665,-0.456824327942263,0.22113496246045838,-0.03287428415376686,-0.5152647658200078,1.1585908108547132,0.44148844801495657,1.2487731815802363,0.0998875749830517,-0.491029541239784,-0.4119745882357632,2.2802972940697757,1.49712831562411,-1.1473166971757685,-0.506884878371624,-0.14327208184552664,0.008590528236247116,-0.07973796216484913,-0.036238176780344716,0.021336664186299627,-0.01232080032164537,1
data/Split/Healthy/d1_msns/pre_processed_data/Naive_D1-MSNs_cell_body_stim/Neuron_0039,AG7499,2,011122,1.1,6,Naive,39,15,left,raw_data/D1-MSN_DIO-ChR2_rec_SNr/Naive/D1-MSNs cell body stim/Mouse#2_recorded_011122_AG7499/011122_D1-cre#2_trajectory6_1.1mm_left_1mW_STR_10s_cont_stim_neurons_recorded_together/Neuron_recorded_in_Ch15.txt,12.972271769093561,0.644534475702809,0.262596594516064,69.63393744072387,0.014676523667502734,0.0708502024291498,0.05588999999999968,2.6003444444444446,12.232717455541465,5.692434055948823,11.4,0.6547991620758152,0.5,38.19331988496975,0.0160675000000019,0.11512237762237762,0.013881249999999313,0.936054999999999,10.061229681680345,3.9322750953486456,-1.0,-1.0,-0.4,-0.4,-0.4,-0.4,-0.4,0.046999375252656336,-1.0,-0.4,data/Split/Healthy,-1.3320855242693184,-1.5553995123211926,-0.8999578483093805,-0.8871325528753764,-0.9158368535576878,-0.9269477248196124,-0.9265898731044008,0.323236860559347,-1.3305368734563014,-0.9283862359982442,-0.9500437401335582,0.28764310415408173,-0.03287428415376686,-0.2812160417140447,-0.06631152313999733,0.5509728616108936,0.060323491054407416,0.16174512721051612,-0.9518027199763538,0.6033380204231121,-3.234367341617869,-0.9988265915160865,-0.3219324048354294,-0.18903818456304067,-0.001131653988093624,-0.0010654862264512935,-0.008093474932179453,0.011661831028717063,0.00046823256756549044,-0.0007083110663387654,2
data/Split/Healthy/d1_msns/pre_processed_data/Naive_D1-MSNs_cell_body_stim/Neuron_0061,AG7960,1,062122,1.7,2,Naive,61,5,right,raw_data/D1-MSN_DIO-ChR2_rec_SNr/Naive/D1-MSNs cell body stim/Mouse#1_recorded_062122_AG7960/Trajectory2_1.7mm_right_rec5_1mW_10s_STR_neurons_recorded_together/Ch5.txt,24.177912711614123,1.12162673598583,1.0405683951833926,109.15273234538822,0.03654435397280395,0.14936708860759493,0.035119607843137765,0.8186444999999997,21.346626973517385,5.113348000168975,28.4,0.6402165989603572,0.4,57.88369352375317,0.008682500000004723,0.04230047274749722,0.00568875000000304,0.9569549999999992,27.32726299412757,2.104820614888731,-0.9821645021645022,-0.9,-0.3,-0.3,-0.3,-0.3,-0.3,0.027425058137683388,-0.9816296789086433,-0.3,data/Split/Healthy,-1.293516806036743,-1.3382093870502731,-0.6201279232394411,-0.6069283083991327,-0.6318805791976171,-0.6439153012894844,-0.6365584127647426,0.19797420617965106,-1.2903687491226903,-0.6441143320302584,0.1532102081890757,0.19638993802678095,-0.2637120523601303,0.10456164513070286,-0.6526608173571198,-0.6239226082617615,-0.7885013051634746,0.34945080293510666,0.18556210587629932,-0.22401364295199355,-2.534077347116556,-1.1955054639119307,-0.21802139225238515,-0.1004964940562515,0.015255655454812478,-0.01874727448334723,-0.0088634867900066,-0.00025512638719157014,0.00022031181854129936,-0.00031809295685563874,2
data/Split/Healthy/d1_msns/pre_processed_data/Naive_D1-MSNs_cell_body_stim/Neuron_0125,AG7499,1,011322,1.4,1,Naive,125,16,right,raw_data/D1-MSN_DIO-ChR2_rec_SNr/Naive/D1-MSNs cell body stim/Mouse#1_recorded_011322_AG7499/011322_D1-cre#1_trajectory1_1.4mm_right_1mW_STR_10s_cont_stim_neurons_recorded_together/Neuron_recorded_in_Ch16.txt,8.050236729814946,0.981016688015925,0.666787284691743,55.376294079611576,0.056793606973619244,0.2767676767676768,0.08517500000000004,1.3029312499999999,6.172765002146674,8.971067918567064,8.4,0.6618092876603912,0.1,4.936747917308802,0.0081025000000011,0.04444444444444444,0.0081025000000011,1.0,8.04408444190539,0.9073495834617604,-0.0628514244613316,0.05021382042797422,0.5,0.5244703322025167,0.4625530110262982,0.5058823529411764,0.4625530110262982,0.0,-0.20130626395304657,0.5484345319166177,data/Split/Healthy,0.6944695898846615,0.7255611998788313,1.6185114773200737,1.7032725568797051,1.5334365409331974,1.6369930530415466,1.5750852209788653,0.022472013246651306,0.4158685995054851,1.767746665770979,-1.144735613366964,0.33151030016603983,-0.9562253569792208,-0.9327853639335089,-0.6987112697130012,-0.5893321558613963,-0.5384127056065386,0.7360436647324773,-1.084678059832337,-0.7661500738661421,3.7833561193561187,-0.8169954308681474,1.1681167823177177,-0.2858037579692301,0.24252368195929386,0.12898428442895019,-0.0080966216325009,0.1371069109155395,0.002813033090561807,-0.010226051583568893,0
data/Split/Healthy/d1_msns/pre_processed_data/Naive_D1-MSNs_cell_body_stim/Neuron_0021,AG8017,4,070722,1.4,4,Naive,21,13,left,raw_data/D1-MSN_DIO-ChR2_rec_SNr/Naive/D1-MSNs cell body stim/Mouse#4_recorded_070722_AG8017/Trajectory4_1.4mm_left_rec9_1mW_10s_STR_neurons_recorded_together/Ch13.txt,32.185524954030726,0.5458731974075627,0.4501472021542759,126.45024329544502,0.017788852827989317,0.06243756243756244,0.039517857142856716,2.0101370370370373,30.722456487090874,4.115889735203224,26.9,0.5414448025168239,0.4,31.745607438680857,0.014272499999997024,0.05598555211558307,0.012192499999996897,0.9163700000000006,25.878359433037673,1.5676163575002886,-0.9784472049689441,-1.0,-0.3,-0.3,-0.3,-0.3,-0.3,0.071865601099939,-0.9784472049689441,-0.3,data/Split/Healthy,-1.285478264615327,-1.5553995123211926,-0.6201279232394411,-0.6069283083991327,-0.6318805791976171,-0.6439153012894844,-0.6365584127647426,0.48236422299760157,-1.283410024326178,-0.6441143320302584,0.055864271572372684,-0.4216933905479694,-0.2637120523601303,-0.40754089662030757,-0.20882973344778286,-0.4031300077106322,-0.11464786989959333,-0.015048472150164216,0.09011853081680428,-0.4672245358496706,-2.6635342782526545,-1.2314472314906233,0.006717764717987948,-0.34219151873310866,0.01528063957843701,0.009360180794113826,0.010390892136775956,0.0046870880665952925,-0.001150528194690656,3.88586434917939e-05,2
data/Split/Healthy/d1_msns/pre_processed_data/Naive_D1-MSNs_cell_body_stim/Neuron_0084,AG8019,7,061422,1.1,3,Naive,84,13,right,raw_data/D1-MSN_DIO-ChR2_rec_SNr/Naive/D1-MSNs cell body stim/Mouse#7_recorded_061422_AG8019/Trajectory3_1.1mm_right_rec9_1mW_10s_STR_neurons_recorded_together/Ch13.txt,22.91442425468958,0.835961272060392,0.7997199348146649,97.67010494547914,0.037954055273704115,0.14245014245014245,0.04745918367346935,1.1292734375,20.42549148838894,4.781775018779872,16.2,0.6386068517245691,0.8,35.57153418430947,0.03946999999999434,0.170650623885918,0.0285258333333284,0.8265387500000003,13.971771645215373,3.280888902623704,-0.9866666666666667,-1.0,-0.5,-0.5,-0.5,-0.5,-0.5,0.1537345394916784,-0.9866666666666667,-0.5,data/Split/Healthy,-1.303252598988655,-1.5553995123211926,-1.1797877733793198,-1.16733679735162,-1.1997931279177583,-1.2099801483497403,-1.216621333444059,1.0062711605404004,-1.3013825114584154,-1.21265813996623,-0.6385367429601086,0.1863166381022552,0.6596390204653236,-0.332582584653138,1.791784530741793,1.4468555647219876,1.5776485400155928,-0.8218348588695167,-0.6942037220560199,0.3084330278156209,-3.975124719570137,-0.5522487817765707,0.11989627957789098,-0.24755571675440388,0.03625771961756522,0.015271960679041172,0.03607835361399534,0.02882219913483899,-0.0012705046751995226,-0.000788542809442166,2
data/Split/Healthy/d1_msns/pre_processed_data/Naive_D1-MSNs_cell_body_stim/Neuron_0071,AG7960,1,062122,1.7,5,Naive,71,15,left,raw_data/D1-MSN_DIO-ChR2_rec_SNr/Naive/D1-MSNs cell body stim/Mouse#1_recorded_062122_AG7960/Trajectory5_1.7mm_left_rec17_1mW_10s_STR_neurons_recorded_together/Ch15.txt,4.950512698930903,0.9412539386497598,0.4074496048502801,58.745317408735126,0.03458432245969189,0.27983539094650206,0.08488000000000029,2.123019736842105,3.6929005042919423,15.907636108923182,4.6,0.5467645525392724,0.2,15.092177012934751,0.009337500000003728,0.07922077922077922,0.009337500000003728,1.0,3.953309788265295,2.6879910490731165,-0.052655122655122656,-0.00022384902906007474,-0.2,-0.2,-0.2,-0.2,-0.2,0.0,-0.014133592153761467,-0.2,data/Split/Healthy,0.716518780493475,0.6160155624013663,-0.34029799816950174,-0.32672406392288916,-0.34792430483754655,-0.3608828777593565,-0.34652695242508436,0.022472013246651306,0.8251360867365798,-0.3598424280622727,-1.391345319462612,-0.38840404156928315,-0.7253875887728573,-0.733818192599096,-0.6006555651280366,-0.028257047242744988,-0.41045437501980786,0.7360436647324773,-1.3541495196253424,0.04000772333243862,-0.2361861052318344,1.5460877909144037,-0.19495220950128173,0.1162678894206941,-0.026835657187674125,-0.019003995585556634,-0.010287873806910944,-0.0442840050253536,-0.0024558934059155115,0.00288077143068051,1
data/Split/Healthy/d1_msns/pre_processed_data/Naive_D1-MSNs_cell_body_stim/Neuron_0144,AG8020,1,062822,1.4,5,Naive,144,2,left,raw_data/D1-MSN_DIO-ChR2_rec_SNr/Naive/D1-MSNs cell body stim/Mouse#1_recorded_062822_AG8020/Trajectory5_1.4mm_left_rec13_1mW_10s_STR_neurons_recorded_together/Ch2.txt,22.8841128386532,0.7398001485788774,0.7795865267958506,113.11079117795778,0.02674956270068276,0.11710432931156849,0.03431250000000017,1.2515239361702126,20.75959422002166,5.448603184587668,20.6,0.7133288702482642,0.9,64.81897500463462,0.03612750000000205,0.18218550893550894,0.0300100000000036,0.8371125000000006,18.055001028363094,4.773400679931993,-0.9375616199657122,-1.0,-0.7,-0.7,-0.7,-0.7,-0.7,0.14159110793452384,-0.9139900915242798,-0.7,data/Split/Healthy,-1.1970644383062476,-1.5553995123211926,-1.7394476235191987,-1.7277452863041072,-1.7677056766378993,-1.776044995409996,-1.7966842541233754,0.9285612480467585,-1.1424695729233352,-1.7812019479022014,-0.3529886622177797,0.6539039007613152,0.8904767886716871,0.24043904879976635,1.526398949710383,1.632957318219801,1.7314230250195017,-0.7268706058220087,-0.42522929160984096,0.9841445789193063,-5.055758022668868,0.20142570446907937,-0.3518504532907379,-0.13806851222572905,-0.002602777746186711,0.01579901940852911,0.01511228893291853,0.013414902068788094,-0.0017542644936909216,-0.00013872784708006533,2
data/Split/Healthy/d1_msns/pre_processed_data/Naive_D1-MSNs_cell_body_stim/Neuron_0045,AG7499,2,011122,1.7,2,Naive,45,2,right,raw_data/D1-MSN_DIO-ChR2_rec_SNr/Naive/D1-MSNs cell body stim/Mouse#2_recorded_011122_AG7499/011122_D1-cre#2_trajectory2_1.7mm_right_1mW_STR_10s_cont_stim_neurons_recorded_together/Neuron_recorded_in_Ch2.txt,46.51091629565031,0.5507116769202283,0.4257292109441676,195.51077620530225,0.011947691184013075,0.043478260869565216,0.02806406250000064,2.395063333333333,45.02666725912283,4.342110755836363,39.3,0.4577123840830703,0.1,12.77955271567555,0.0023474999999962163,0.009375,0.0023474999999962163,1.0,39.069714037018905,0.43032940398881203,-0.4449708782095625,0.2962726916170365,0.7,0.6491057420771273,0.7673277661795859,0.7608040201005025,0.7673277661795859,-0.09496977968414823,-0.5263220142501494,0.7030448980269852,data/Split/Healthy,-0.1318520344811325,1.2599767704545655,2.1781713274599523,2.0525062654687276,2.3988635808565,2.3585040257059937,2.4590278940965633,-0.5852716244607205,-0.2948034134327424,2.207260497244794,0.8605906809371173,-0.9456649467880665,-0.9562253569792208,-0.7791275843000418,-1.155642913345187,-1.1551362429629588,-1.1346881651415133,0.7360436647324773,0.9590721845261162,-0.9821135592335645,4.9889362383113545,-2.2456895126007295,1.292229166629698,0.6162205922354956,-0.11649523314937468,-0.09414417437241966,0.05539083717364046,0.01272367212310443,-0.011610571940826465,-0.004385796688178148,0
data/Split/Healthy/d1_msns/pre_processed_data/Naive_D1-MSNs_cell_body_stim/Neuron_0135,AG8020,1,062822,1.4,8,Naive,135,15,left,raw_data/D1-MSN_DIO-ChR2_rec_SNr/Naive/D1-MSNs cell body stim/Mouse#1_recorded_062822_AG8020/Trajectory8_1.4mm_left_rec19_1mW_10s_STR_neurons_recorded_together/Ch15.txt,15.358206868013468,0.9554388746213497,1.2757615928701282,73.67976208242808,0.06782512906863687,0.29605963791267303,0.053164423076923144,0.7309685064935064,11.597890096393208,6.352859138175617,16.6,0.7126501926884473,0.6,33.013668729563854,0.03871000000000535,0.15016869095816465,0.03549375000000552,0.9340325000000007,14.736019914463332,2.744263192413342,-0.27636252572459463,-0.03918906112296165,-0.3,-0.3,-0.3,-0.3,-0.3,0.04921754052188756,-0.2505878008731409,-0.3,data/Split/Healthy,0.23275836768597785,0.5313869694425422,-0.6201279232394411,-0.6069283083991327,-0.6318805791976171,-0.6439153012894844,-0.6365584127647426,0.33743164793531205,0.30811071696693776,-0.6441143320302584,-0.6125778265289877,0.6496569466680948,0.19796348405259656,-0.38269678951760294,1.7314425586905096,1.1164037555802329,2.2995942763180746,0.14358078610273367,-0.643860421777851,0.06548406317675631,-1.1933472574730946,1.3150306451138407,-0.020992686119325275,0.4077541998461671,0.031950373380859744,-0.0505318265275011,0.009025180925827428,-0.02000811961630188,-0.0011983908433318342,0.0012463774633243198,1
data/Split/Healthy/d1_msns/pre_processed_data/Naive_D1-MSNs_cell_body_stim/Neuron_0008,AG8019,8,060922,1.4,1,Naive,8,6,right,raw_data/D1-MSN_DIO-ChR2_rec_SNr/Naive/D1-MSNs cell body stim/Mouse#8_recorded_060922_AG8019/Trajectory1_1.4mm_right_rec1_1mW_10s_STR_neurons_recorded_together/Ch6.txt,28.495102404274263,0.6520262390143526,0.6940067920811783,124.69270886668106,0.023241573048041957,0.09240687679083094,0.03348897058823508,1.4367727272727275,26.47733387667246,4.709413321125209,32.5,0.5726051481565924,0.8,110.41259225639138,0.0138449999999942,0.08826075884899413,0.008206249999997084,0.7084549999999978,30.27485793664902,4.349282046737526,-0.4789358832788267,-0.20455194793519013,-0.1,-0.15743031302963292,-0.024777589512906123,-0.07902259032146744,-0.014232374270658663,0.1456714454197518,-0.4868208316283197,-0.17052607993912575,data/Split/Healthy,-0.20530031848009064,0.1722351084234548,-0.06046807309956236,-0.20744199417167014,0.1496307238255149,-0.01847758322223417,0.19225760531603503,0.9546727032338037,-0.2084310301201345,-0.2760563543312233,0.419289101608064,-0.22670159282787494,0.6596390204653236,1.133718197328623,-0.24277209272734562,0.11759235248360674,-0.5276631697378494,-1.8823607002974503,0.37972892739333153,0.7921314478707515,-0.4812558609450425,0.08179108703593092,0.9964737559555831,0.1326980341175891,-0.25998779120778354,-0.1868554866124817,0.1519209728018827,0.028263271093878172,0.00019719428459717507,-0.019238260271918595,1
data/Split/Healthy/d1_msns/pre_processed_data/Naive_D1-MSNs_cell_body_stim/Neuron_0080,AG8019,7,061422,1.7,2,Naive,80,8,right,raw_data/D1-MSN_DIO-ChR2_rec_SNr/Naive/D1-MSNs cell body stim/Mouse#7_recorded_061422_AG8019/Trajectory2_1.7mm_right_rec5_1mW_10s_STR_neurons_recorded_together/Ch8.txt,51.21422771110742,0.44785656220556647,0.14237473946693882,177.1249110578413,0.004876843307955024,0.014694201747418586,0.03425357142857134,6.083275,50.70897524335096,3.4929696411300717,53.7,0.41997297148861656,0.2,28.55110749832649,0.002107500000010987,0.009836065573770491,0.0010537500000054934,0.9064499999999953,53.21840794749405,0.5081707801417477,0.0012837870923789352,0.39575822139476546,0.8333333333333333,0.817193375229525,0.836806596701398,0.8389521640091117,0.8039589860435721,-0.6083696769916708,-0.08950630157518658,0.8186785324489783,data/Split/Healthy,0.8331600220787362,1.4760495172052523,2.5512778942198713,2.523494948001403,2.5961530794751857,2.579688611354342,2.5652699560083136,-3.870690651713077,0.6603278425940503,2.5359744314435737,1.7951116724574665,-1.1818265090430475,-0.7253875887728573,-0.47012816998663126,-1.1746982729394326,-1.1476974942119076,-1.268733582303492,-0.10414130962331744,1.8910886178506738,-0.9468720838763615,6.973345697582992,-1.9047517796613005,-1.733576491649849,0.6720214842358742,-0.1348323223174645,-0.10690312285240113,-0.14210774976265222,0.00398239058587724,-0.00452597513126836,0.0026888603815022915,0
data/Split/Healthy/d1_msns/pre_processed_data/Naive_D1-MSNs_cell_body_stim/Neuron_0112,AG7499,1,011322,1.4,2,Naive,112,10,right,raw_data/D1-MSN_DIO-ChR2_rec_SNr/Naive/D1-MSNs cell body stim/Mouse#1_recorded_011322_AG7499/011322_D1-cre#1_trajectory2_1.4mm_right_+250more_caudal_1mW_STR_10s_cont_stim_neurons_recorded_together/Neuron_recorded_in_Ch10.txt,16.851190207604365,0.9077139036838093,1.345469909467924,90.30331574134271,0.060874719522850576,0.2911392405063291,0.045244207317073286,0.6678478395061728,12.71943982049516,7.099629937777187,26.22222222222222,0.46918642691545404,0.0,0.0,0.0,0.0,0.0,1.0,26.22222222222222,0.0,0.15634202643510253,0.39079324138478566,0.6666666666666666,0.6666666666666666,0.6666666666666666,0.6666666666666666,0.6666666666666666,-0.1809512072791925,0.07895528544901348,0.6666666666666666,data/Split/Healthy,1.1684687192627319,1.4652660709019012,2.084894685769973,2.101712721537889,2.1130300729497318,2.0920647928350857,2.167079037185287,-1.1354957668739647,1.0286820994071972,2.1038474063269375,0.011878329841862484,-0.8738639383888381,-1.1870631251855843,-1.0295071035516852,-1.3420281493875708,-1.3063908009010003,-1.377912603239673,0.7360436647324773,0.1127697926475194,-1.1769385204001805,5.5490822693768225,-0.6077228235319421,0.45696042146284205,0.04568357928729015,0.013617555647100313,-0.04728426753769333,-0.028479910385399577,0.03816896061222342,0.007943924208801242,-0.0021507669675946708,0
data/Split/Healthy/d1_msns/pre_processed_data/Naive_D1-MSNs_cell_body_stim/Neuron_0055,AG7499,2,011122,1.4,4,Naive,55,2,left,raw_data/D1-MSN_DIO-ChR2_rec_SNr/Naive/D1-MSNs cell body stim/Mouse#2_recorded_011122_AG7499/011122_D1-cre#2_trajectory4_1.4mm_left_1mW_STR_10s_cont_stim_neurons_recorded_together/Neuron_recorded_in_Ch2.txt,26.66350032998015,0.6642344917461799,0.7842205979405926,119.19184373892115,0.02798314477982525,0.11433305716652858,0.035682746478874136,1.2318203571428563,24.29482646897483,4.906058657843572,10.8,0.4742481696147851,0.2,12.239763830057829,0.010430000000002337,0.05307692307692308,0.010430000000002337,1.0,10.289591992723562,1.349149934906277,-1.0,-0.8,-0.2,-0.2,-0.2,-0.2,-0.2,0.0,-1.0,-0.2,data/Split/Healthy,-1.3320855242693184,-1.1210192617793542,-0.34029799816950174,-0.32672406392288916,-0.34792430483754655,-0.3608828777593565,-0.34652695242508436,0.022472013246651306,-1.3305368734563014,-0.3598424280622727,-0.9889821147802393,-0.8421891193752945,-0.7253875887728573,-0.7897032346913554,-0.5139139803031707,-0.45005730365178076,-0.2972604671934695,0.7360436647324773,-0.9367598172186176,-0.5661318192088027,-1.8634993069274095,-1.487140544373372,-0.1475261541844095,0.049756780012139026,0.03633476817600323,-0.0448444903898683,-0.01289949232910105,-0.012370774770013743,0.0003239530260544367,-0.0001032255076971456,2
data/Split/Healthy/d1_msns/pre_processed_data/Naive_D1-MSNs_cell_body_stim/Neuron_0041,AG7499,2,011122,1.1,6,Naive,41,4,left,raw_data/D1-MSN_DIO-ChR2_rec_SNr/Naive/D1-MSNs cell body stim/Mouse#2_recorded_011122_AG7499/011122_D1-cre#2_trajectory6_1.1mm_left_1mW_STR_10s_cont_stim_neurons_recorded_together/Neuron_recorded_in_Ch4.txt,20.06460442575094,0.6136395096133177,0.3436840888587029,111.7216416030873,0.013049766683509916,0.05954323001631321,0.037970238095238106,2.80322875,19.119396735773417,5.843366459049941,21.3,0.5952769800247533,0.5,40.23507859317259,0.025922500000003623,0.09757354925775977,0.019117500000003673,0.919980000000001,19.755155447611628,2.3300845826695453,-0.9925925925925926,-1.0,-0.4,-0.4,-0.4,-0.4,-0.4,0.06669444907484437,-0.9925925925925926,-0.4,data/Split/Healthy,-1.3160672324467273,-1.5553995123211926,-0.8999578483093805,-0.8871325528753764,-0.9158368535576878,-0.9269477248196124,-0.9265898731044008,0.4492722778196617,-1.3143400056796983,-0.9283862359982442,-0.30756055846331837,-0.08482828677768973,-0.03287428415376686,-0.24121350209772305,0.716149180246998,0.26784323210467115,0.6028512712438012,0.017373417293177762,-0.3132350773060141,-0.12202887647232258,-3.257243705810316,-0.9615428963657231,-0.20742896789835663,-0.22385749252521925,0.006412656252988196,0.0033935034399888006,0.0012552094562071992,0.01326345725207031,-3.613871541937073e-05,-0.0006050639502750782,2
data/Split/Healthy/d1_msns/pre_processed_data/Naive_D1-MSNs_cell_body_stim/Neuron_0085,AG8019,7,061422,1.1,3,Naive,85,3,right,raw_data/D1-MSN_DIO-ChR2_rec_SNr/Naive/D1-MSNs cell body stim/Mouse#7_recorded_061422_AG8019/Trajectory3_1.1mm_right_rec9_1mW_10s_STR_neurons_recorded_together/Ch3.txt,88.70362950444293,0.427613801519656,0.44066200489787655,282.50011208338543,0.008697770331859082,0.02465501379944802,0.01973796296296249,2.0184471153846157,87.27574467769836,3.2368685380644244,69.4,0.3390901564457204,0.1,22.471910112402952,0.002669999999994843,0.006818181818181818,0.002669999999994843,1.0,69.02494605979612,0.2667306111268653,0.16734174775310337,0.10230546498395872,-0.1,-0.1,-0.1,-0.1,-0.1,0.0,0.16951700815337745,-0.1,data/Split/Healthy,1.1922552799779846,0.8386991079456559,-0.06046807309956236,-0.04651981944664552,-0.06396803047747593,-0.07785045422922851,-0.0564954920854261,0.022472013246651306,1.2267022929228395,-0.07557052409428686,2.8139991423789583,-1.6879661293220936,-0.9562253569792208,-0.589233005092194,-1.130037273888953,-1.19638748603697,-1.1012739452111835,0.7360436647324773,2.9323121659641496,-1.056180374493678,0.6493746238633753,1.811750126360685,-0.04123261423011783,-0.07658301353103705,-0.04403712782277621,0.012859203162611224,-0.002932787184998481,0.007283747036516087,0.0008438020545876601,0.0008203521827304072,1
data/Split/Healthy/d1_msns/pre_processed_data/Naive_D1-MSNs_cell_body_stim/Neuron_0016,AG8019,8,060922,1.4,4,Naive,16,5cell1,left,raw_data/D1-MSN_DIO-ChR2_rec_SNr/Naive/D1-MSNs cell body stim/Mouse#8_recorded_060922_AG8019/Trajectory4_1.4mm_left_rec14_1mW_10s_STR_neurons_recorded_together/Ch5cell1.txt,28.424135834352178,0.8164661796650702,1.5037495668547443,132.5392864590522,0.04761614830893523,0.1926394479585969,0.031664945652173704,0.6242791208791211,24.09587894395176,5.5004960295221155,15.7,0.7277123576373551,0.5,36.339050666480624,0.017312499999997046,0.06114942528735632,0.012059166666665533,0.9202062500000011,14.1965415046896,1.380456302112185,-0.9020737327188939,-1.0,-0.3,-0.3,-0.3,-0.3,-0.3,0.06638069983881718,-0.8967557760865134,-0.3,data/Split/Healthy,-1.1203229682045392,-1.5553995123211926,-0.6201279232394411,-0.6069283083991327,-0.6318805791976171,-0.6439153012894844,-0.6365584127647426,0.44726449068289853,-1.1047854125939551,-0.6441143320302584,-0.6709853884990097,0.743911312614401,-0.03287428415376686,-0.3175452502409557,0.032538154760849,-0.3198170099672002,-0.128462534470127,0.019405398591393352,-0.6793974647384499,-0.5519583471694219,-2.5624967790774944,-1.0463920398803555,-0.05498094216135954,-0.44928957466578323,-0.005547813834538168,0.023642552793762206,0.0065862797363000405,-0.0009221109778028199,-0.0016852462281794407,0.0005449481961817029,2
data/Split/Healthy/d1_msns/pre_processed_data/Naive_D1-MSNs_cell_body_stim/Neuron_0002,AG8019,8,060922,1.7,5,Naive,2,13,left,raw_data/D1-MSN_DIO-ChR2_rec_SNr/Naive/D1-MSNs cell body stim/Mouse#8_recorded_060922_AG8019/Trajectory5_1.7mm_left_rec18_1mW_10s_STR_neurons_recorded_together/Ch13.txt,26.916146201959,0.7914868538194801,1.3943048708222003,116.46840059900018,0.04850564365103798,0.1921921921921922,0.03478840579710156,0.6568650735294117,22.851499762405993,5.09675083954916,28.2,0.7141516076451138,0.9,73.33996894014851,0.03034250000001535,0.1270376398253636,0.022013333333341954,0.8443287499999969,25.56633068204606,3.4331772999004686,0.027534727173185013,0.011768560272894335,0.3,0.3804936577994889,0.1562618347849834,0.20833008538727507,0.16533868461657736,-0.05903405457522777,0.020938809248637506,0.336617036044845,data/Split/Healthy,0.8899268766210149,0.6420618911872825,1.058851627180195,1.2998438041466798,0.6637035281847223,0.794823658914889,0.7130701697540733,-0.355306804346551,0.9018245982331334,1.1656090373189807,0.14023074997351534,0.6590523367227734,0.8904767886716871,0.40738404387014787,1.0670853861302136,0.7432115514486001,0.9028885173900246,-0.6620605061834031,0.06956427150254986,0.3773792369534545,2.6108344022345706,0.23399408389710125,0.24758529093544457,-0.3402575917080471,0.5577029359389328,0.059961889487975685,-0.1042672970588915,-0.024323073059244086,0.04969210817783164,-0.01275791671961953,0
data/Split/Healthy/d1_msns/pre_processed_data/Naive_D1-MSNs_cell_body_stim/Neuron_0141,AG8020,1,062822,1.4,2,Naive,141,7,right,raw_data/D1-MSN_DIO-ChR2_rec_SNr/Naive/D1-MSNs cell body stim/Mouse#1_recorded_062822_AG8020/Trajectory2_1.4mm_right_rec5_1mW_10s_STR_neurons_recorded_together/Ch7.txt,22.846890390739674,0.5790442369654891,0.13036742020393538,93.96933092380839,0.004499712987976666,0.01783166904422254,0.034515625000001604,7.887967857142855,22.54091987251367,4.168833013704747,21.4,0.5392825734744227,0.2,14.786507143434601,0.008212500000000489,0.033035714285714286,0.008212500000000489,1.0,20.93038810174486,0.9225364189079219,0.07716553885497986,0.042969612851485664,0.1,0.11676819493421182,0.08323180506578817,0.10666666666666666,0.08323180506578817,0.0,0.0674140851933527,0.1253931146244895,data/Split/Healthy,0.9972519879840042,0.7098274963685703,0.4991917770403164,0.5608738634335537,0.45633017663004327,0.5070832210663693,0.47493438795359527,0.022472013246651306,1.0034463746464248,0.5651587742614941,-0.3010708293555383,-0.43522395060447694,-0.7253875887728573,-0.7398069370158926,-0.6899775632318165,-0.7733985491193303,-0.5270156073357434,0.7360436647324773,-0.2358190166036998,-0.7592744697391252,1.685681713140933,0.9029482250644476,0.3464823410647358,-0.23347040425798463,0.07320825443509543,0.07067906317419992,-0.01779008310710354,-0.003442454088694837,-0.013703901799084981,-0.001656307266055671,1
data/Split/Healthy/d1_msns/pre_processed_data/Naive_D1-MSNs_cell_body_stim/Neuron_0069,AG7960,1,062122,1.1,3,Naive,69,7,right,raw_data/D1-MSN_DIO-ChR2_rec_SNr/Naive/D1-MSNs cell body stim/Mouse#1_recorded_062122_AG7960/Trajectory3_1.1mm_right_rec9_1mW_10s_STR_neurons_recorded_together/Ch7.txt,23.953196373258322,1.0154531922840493,1.2585916359593614,113.2652324820257,0.05010792922719471,0.2085070892410342,0.03981269841269837,0.708133064516129,19.958883438227883,5.674928301103518,31.7,0.5030119851062033,0.2,18.442003510534157,0.011042500000002065,0.03393665158371041,0.011042500000002065,1.0,30.985897582499682,0.6998026885048599,-0.12603413163961438,0.34106262941049004,0.4,0.3561338583128608,0.4417968047131164,0.4783728256403232,0.4417968047131164,-0.22792698744124723,-0.21831087232237073,0.46373724984582515,data/Split/Healthy,0.5578389192520526,1.3572560924569341,1.3386815522501345,1.2315866120392458,1.4744979907877969,1.5591321712202593,1.5148856926976317,-1.4361096212472018,0.37868671140311777,1.5269760894192013,0.3673712687458223,-0.6621940655077725,-0.7253875887728573,-0.6681877306646528,-0.46528311466905214,-0.7588629893605785,-0.23379935182167108,0.7360436647324773,0.4265672178299811,-0.8601137105022321,3.8728075364063423,-0.6731838246285312,-0.1587801194454303,0.6885195751644336,-0.1599362092509772,0.09776231974994348,-0.08736264996441406,0.034511783609060674,0.002334838571302365,-0.0018804625949663774,0
data/Split/Healthy/d1_msns/pre_processed_data/Naive_D1-MSNs_cell_body_stim/Neuron_0042,AG7499,2,011122,1.7,2,Naive,42,1,right,raw_data/D1-MSN_DIO-ChR2_rec_SNr/Naive/D1-MSNs cell body stim/Mouse#2_recorded_011122_AG7499/011122_D1-cre#2_trajectory2_1.7mm_right_1mW_STR_10s_cont_stim_neurons_recorded_together/Neuron_recorded_in_Ch1.txt,27.10607380443722,1.0769679301301731,1.3139389456369928,123.04211800170755,0.04794538880426701,0.1867145421903052,0.036489814814814905,0.6879249999999999,23.155158731680014,5.313810171958181,23.1,0.6171731343220754,1.4,105.64986802199442,0.034155000000016145,0.16139386189258315,0.021110416666676457,0.6851299999999952,19.38589715839108,4.2623180559856255,-0.40662643239113827,-0.1588629231892509,-0.6333333333333333,-0.6322699533133547,-0.591564257446399,-0.5859060402684564,-0.559373311723421,0.2364661552449975,-0.38681408478597457,-0.5910185323267565,data/Split/Healthy,-0.04893334389030265,0.2714671585042215,-1.552894340139239,-1.5379628207023857,-1.4597955820080164,-1.45312209608032,-1.3888226164875144,1.5356986613575159,0.010241437355318407,-1.4713982547752174,-0.19074543452327472,0.05219106913543514,2.044665629703504,1.0404059640550953,1.3697877130366591,1.2975086374431046,0.809337335750181,-2.0918456230858,-0.3375592160478992,0.752759850289719,-3.4719791308226657,1.9931003339204667,0.556018983807488,0.44405761000794686,-0.05476836461604724,0.004514850196823614,-0.01106922745316901,0.020586172191793668,-0.011719636000042586,0.002321769847415618,2
data/Split/Healthy/d1_msns/pre_processed_data/Naive_D1-MSNs_cell_body_stim/Neuron_0038,AG7499,2,011122,1.1,6,Naive,38,12,left,raw_data/D1-MSN_DIO-ChR2_rec_SNr/Naive/D1-MSNs cell body stim/Mouse#2_recorded_011122_AG7499/011122_D1-cre#2_trajectory6_1.1mm_left_1mW_STR_10s_cont_stim_neurons_recorded_together/Neuron_recorded_in_Ch12.txt,20.088639480478896,0.6506960682950819,0.4201545512257024,94.46258175561218,0.01631775238322804,0.07058823529411765,0.03883749999999958,2.1346100000000003,18.980334264775657,4.9768660782186025,16.8,0.6605377194140498,0.4,41.01656580706664,0.014867499999991906,0.08165611562350691,0.014867499999991906,1.0,15.614946273446709,2.9169266588672835,-0.9805429864253394,-1.0,-0.4,-0.4,-0.4,-0.4,-0.4,0.0,-0.9805429864253394,-0.4,data/Split/Healthy,-1.2900103278755906,-1.5553995123211926,-0.8999578483093805,-0.8871325528753764,-0.9158368535576878,-0.9269477248196124,-0.9265898731044008,0.022472013246651306,-1.2879926121697933,-0.9283862359982442,-0.5995983683134274,0.3235532196784138,-0.2637120523601303,-0.22590245035206294,-0.16158832111788163,0.01103423073325476,0.16250883805031593,0.7360436647324773,-0.585962935590229,0.14365476876873834,-3.136400263243807,-0.9984057893435632,-0.6088350916832808,-0.159296990555913,-0.02775396699127442,-0.004000751938652111,-0.03088261268684985,0.009152202870176174,0.0016396036732811256,-0.0008963538996773296,2
data/Split/Healthy/d1_msns/pre_processed_data/Naive_D1-MSNs_cell_body_stim/Neuron_0113,AG7499,1,011322,1.4,2,Naive,113,13,right,raw_data/D1-MSN_DIO-ChR2_rec_SNr/Naive/D1-MSNs cell body stim/Mouse#1_recorded_011322_AG7499/011322_D1-cre#1_trajectory2_1.4mm_right_+250more_caudal_1mW_STR_10s_cont_stim_neurons_recorded_together/Neuron_recorded_in_Ch13.txt,26.86017368047551,0.5781658503616642,0.1640816962765761,84.05227373628907,0.009918738539919047,0.028711056811240074,0.06045000000000013,6.188541666666666,26.35035195949669,3.1897970040584807,12.222222222222221,0.6499739064413803,0.2222222222222222,10.675194912115956,0.01890555555555314,0.07303807303807303,0.01890555555555314,1.0,11.500285167568737,1.223288252903383,-0.14,-0.1486502119020864,0.2222222222222222,0.2222222222222222,0.2222222222222222,0.2222222222222222,0.2222222222222222,0.0,-0.16423744925488373,0.2222222222222222,data/Split/Healthy,0.5276381563334592,0.29364815894237134,0.8412061299035756,0.8563605238656951,0.8510021869049736,0.8341429104789614,0.8780503245645839,0.022472013246651306,0.4969224226961958,0.8404167220247786,-0.8966837452473655,0.25744814799105786,-0.674090306949221,-0.8203565777484908,0.15902251503834913,-0.12800771289885393,0.580891710685935,0.7360436647324773,-0.857007866840062,-0.623113743012495,2.0052705363776346,-0.17799012987475837,0.5875641178195571,-0.36726943100366,0.010847163497117467,0.011980096674214827,0.018918917677477512,0.007937764195317634,0.00023020750811839812,0.0006851510114441223,1
data/Split/Healthy/d1_msns/pre_processed_data/Naive_D1-MSNs_cell_body_stim/Neuron_0047,AG7499,2,011122,1.7,2,Naive,47,5,right,raw_data/D1-MSN_DIO-ChR2_rec_SNr/Naive/D1-MSNs cell body stim/Mouse#2_recorded_011122_AG7499/011122_D1-cre#2_trajectory2_1.7mm_right_1mW_STR_10s_cont_stim_neurons_recorded_together/Neuron_recorded_in_Ch5.txt,25.490536505282037,0.9186807044469021,1.3037957085165133,107.91299307086005,0.06391858461002194,0.22755741127348644,0.0490249999999999,0.6812078125,21.03446952631227,5.130293061865449,22.0,0.7126177198997371,1.0,82.6513878751665,0.030992499999995003,0.14362840862840862,0.01938624999999732,0.8142912500000022,19.08597983104616,3.9815224721946856,-0.9683816183816184,-1.0,-0.6,-0.6,-0.6,-0.6,-0.6,0.15053496584870546,-0.9580625955998959,-0.6,data/Split/Healthy,-1.263711741666946,-1.5553995123211926,-1.459617698449259,-1.4475410418278636,-1.4837494022778288,-1.493012571879868,-1.506652793783717,0.9857960101150745,-1.238837503271373,-1.4969300439342157,-0.262132454708857,0.6494537420078901,1.1213145568780505,0.5898152015460145,1.1186936516995225,1.010884020905328,0.6306964545185362,-0.9318312829573892,-0.35731565996370795,0.6256340062252742,-4.528200101909648,-0.18948766509936277,-0.09631106460019316,-0.1862010645214304,0.01977705297095325,0.014868419043655837,0.02710529698684331,0.023281065576983118,-0.0014121178341832152,-0.0005736488475881336,2
data/Split/Healthy/d1_msns/pre_processed_data/Naive_D1-MSNs_cell_body_stim/Neuron_0018,AG8019,8,060922,1.1,6,Naive,18,10,left,raw_data/D1-MSN_DIO-ChR2_rec_SNr/Naive/D1-MSNs cell body stim/Mouse#8_recorded_060922_AG8019/Trajectory6_1.1mm_left_rec22_1mW_10s_STR_neurons_recorded_together/Ch10.txt,23.362410412609982,0.7260904166170015,0.8372891843680151,115.46382439429067,0.02757642561247201,0.1215034965034965,0.032935365853658624,1.162208125,21.105818905773546,5.470710466614744,21.3,0.599901237745768,0.6,46.54394598423365,0.025124999999995623,0.09445791136967607,0.019189999999996134,0.9058449999999993,19.725139716937584,2.3797919869009343,-0.8710119791878105,-0.8846537195165768,-0.4,-0.46429047301800985,-0.3357095269819902,-0.33125,-0.3357095269819902,0.0889555482072854,-0.8815757470363701,-0.35970785656092924,data/Split/Healthy,-1.0531528768059313,-1.3048787812438996,-0.8999578483093805,-1.067277187065694,-0.7332800216072807,-0.7323629336426494,-0.740127275350993,0.5917285561337655,-1.071593107938982,-0.813846992694486,-0.30756055846331837,-0.05589111334047023,0.19796348405259656,-0.11760892691891656,0.6528298082574212,0.2175760927492458,0.6103629951033588,-0.10957489497320354,-0.3152123025130519,-0.09952462040869225,-2.9136188863703154,-0.6569332020560592,0.01232086736236471,-0.18898892129051972,-0.2754720068631974,0.15133219034902384,0.016650200149469788,0.0025510751243674845,0.01585233893134413,0.01712614171205133,2
data/Split/Healthy/d1_msns/pre_processed_data/Naive_D1-MSNs_cell_body_stim/Neuron_0108,AG7499,1,011322,1.4,6,Naive,108,4,left,raw_data/D1-MSN_DIO-ChR2_rec_SNr/Naive/D1-MSNs cell body stim/Mouse#1_recorded_011322_AG7499/011322_D1-cre#1_trajectory6_1.4mm_left_1mW_STR_10s_cont_stim_neurons_recorded_together/Neuron_recorded_in_Ch4.txt,9.894836390366988,0.8624638956390847,0.6937948721125434,52.31297304024248,0.05313973152616283,0.24540901502504173,0.07659285714285707,1.3639048780487806,7.885592612316265,6.63399386858211,6.6,0.7011294889464468,0.2,7.828796530746841,0.01783999999999821,0.1,0.01783999999999821,1.0,5.970000489640803,2.077096765444254,-1.0,-1.0,-0.2,-0.2,-0.2,-0.2,-0.2,0.0,-1.0,-0.2,data/Split/Healthy,-1.3320855242693184,-1.5553995123211926,-0.34029799816950174,-0.32672406392288916,-0.34792430483754655,-0.3608828777593565,-0.34652695242508436,0.022472013246651306,-1.3305368734563014,-0.3598424280622727,-1.2615507373070078,0.577563948739783,-0.7253875887728573,-0.876123776662399,0.07442024720503776,0.306991150438109,0.4704895163248542,0.7360436647324773,-1.221304121561905,-0.23656518565705545,-1.9881992573563798,-1.663373323630425,-0.22453952896171242,-0.3146699529387593,-0.003799995615799686,-0.0035096923080212925,-0.016953653622271428,-0.010391656216683415,-0.0002862454704086069,0.00026836828645318664,2
data/Split/Healthy/d1_msns/pre_processed_data/Naive_D1-MSNs_cell_body_stim/Neuron_0119,AG7499,1,011322,1.4,4,Naive,119,10,left,raw_data/D1-MSN_DIO-ChR2_rec_SNr/Naive/D1-MSNs cell body stim/Mouse#1_recorded_011322_AG7499/011322_D1-cre#1_trajectory4_1.4mm_left_+500more_caudal_1mW_STR_10s_cont_stim_neurons_recorded_together/Neuron_recorded_in_Ch10.txt,18.367476101408936,1.0104132518585653,1.1849984581554152,87.70456284373688,0.054074307482860864,0.2404692082111437,0.04563238636363601,0.7112174418604655,14.748160216837807,5.946813809603558,16.7,0.49847392758706494,0.2,16.522334366152606,0.008487500000001803,0.03483709273182957,0.008487500000001803,1.0,16.1471199458768,0.9603238255418098,-0.9923076923076923,-0.9,-0.2,-0.2,-0.2,-0.2,-0.2,0.0,-0.9923076923076923,-0.2,data/Split/Healthy,-1.315451144299705,-1.3382093870502731,-0.34029799816950174,-0.32672406392288916,-0.34792430483754655,-0.3608828777593565,-0.34652695242508436,0.022472013246651306,-1.3137170492267518,-0.3598424280622727,-0.6060880974212076,-0.6905918247638392,-0.7253875887728573,-0.7057982674483776,-0.6681432970286288,-0.7443354343943934,-0.4985228616584606,0.7360436647324773,-0.5509070773445214,-0.7421668076509781,-1.9168638649159526,-1.5567390604273263,-0.18886195410277945,-0.14350811397444319,0.014481959360319947,-0.02258089380517484,-0.015025982538506276,-0.011109346395833568,1.2175989465400142e-05,9.465684934378932e-05,2
data/Split/Healthy/d1_msns/pre_processed_data/Naive_D1-MSNs_cell_body_stim/Neuron_0068,AG7960,1,062122,1.1,3,Naive,68,5,right,raw_data/D1-MSN_DIO-ChR2_rec_SNr/Naive/D1-MSNs cell body stim/Mouse#1_recorded_062122_AG7960/Trajectory3_1.1mm_right_rec9_1mW_10s_STR_neurons_recorded_together/Ch5.txt,46.26822585526795,1.2860342771039552,0.5194187703959269,193.5270287271622,0.01257392977258444,0.044905008635578586,0.02420769230769224,1.790748,44.75327531458294,4.324309838035497,50.8,0.3390821757034375,0.0,0.0,0.0,0.0,0.0,1.0,50.8,0.0,0.027447245260903846,0.2607513983473238,0.6,0.6,0.6,0.6,0.6,-0.19501857384925725,-0.0026913337233606754,0.6,data/Split/Healthy,0.889737699662999,1.1828280291042257,1.8983414023900134,1.9149098918870597,1.923725890043018,1.9033765104816671,1.9737247302921817,-1.225517588138453,0.8501554675630751,1.9143328036816136,1.6069095283318404,-1.6880160703369613,-1.1870631251855843,-1.0295071035516852,-1.3420281493875708,-1.3063908009010003,-1.377912603239673,0.7360436647324773,1.731780913280261,-1.1769385204001805,4.976700712267952,-0.7816666529383239,0.2362925940100507,0.03581461135857356,-0.00029421446244043154,-0.05743065534223179,-0.04242044103659529,-0.03027395817328964,0.0032685273182943963,0.001081492038036616,0
data/Split/Healthy/d1_msns/pre_processed_data/Naive_D1-MSNs_cell_body_stim/Neuron_0091,AG8019,7,061422,1.1,6,Naive,91,10,left,raw_data/D1-MSN_DIO-ChR2_rec_SNr/Naive/D1-MSNs cell body stim/Mouse#7_recorded_061422_AG8019/Trajectory6_1.1mm_left_rec21_1mW_10s_STR_neurons_recorded_together/Ch10.txt,13.608981116271098,0.9015870960269502,1.1357718964399128,61.671280719754364,0.07188067093696623,0.30402384500745155,0.06328794642857148,0.8017413636363637,10.205073910302426,6.043197850580461,20.3,0.6195313151975211,0.4,32.58922918094341,0.01856999999999971,0.07960526315789473,0.01856999999999971,1.0,19.114539167116426,2.0478270127547895,-0.16334941393005908,0.016498952198149355,0.1,0.12919633774156614,0.08444040036401117,0.1032258064516129,0.08444040036401117,0.0,-0.18239392961283607,0.12041547032816916,data/Split/Healthy,0.47714576329400904,0.6523358353355493,0.4991917770403164,0.5956980470893295,0.4597620588109682,0.4973444710094186,0.4784396945466278,0.022472013246651306,0.4572218776239516,0.5510087300475904,-0.3724578495411204,0.06694783510870632,-0.2637120523601303,-0.391012492930651,0.13238029930788686,-0.022053852795525256,0.5461248048497985,0.7360436647324773,-0.35543437178893017,-0.2498166120718528,1.388991623162745,0.28662059634227216,0.4267018431758747,0.06477549859893189,0.1420323417946963,-0.002981858825373894,-0.01812874542063604,0.008589809778604348,-0.025053496263420703,-0.00027766326107755,1
data/Split/Healthy/d1_msns/pre_processed_data/Naive_D1-MSNs_cell_body_stim/Neuron_0056,AG7960,1,062122,1.4,1,Naive,56,14,right,raw_data/D1-MSN_DIO-ChR2_rec_SNr/Naive/D1-MSNs cell body stim/Mouse#1_recorded_062122_AG7960/Trajectory1_1.4mm_right_rec1_1mW_10s_STR_neurons_recorded_together/Ch14.txt,43.74457532548047,0.5957368289768316,0.8332300061996281,199.39541510629283,0.017240421574705126,0.06984126984126984,0.020691071428570955,0.9964286585365859,41.40320738596074,4.81594126869275,40.7,0.6096988825578841,0.6,98.77469601705832,0.010419999999996321,0.04831288789469273,0.009199999999998454,0.9078700000000026,39.097450142964725,2.596347535119236,-0.5409380896727962,0.1527523856862402,-0.033333333333333326,-0.15873034615314519,0.12386833854087916,0.15089780553905702,0.14863872468101177,-0.005764243048589512,-0.5979900825822375,0.06359317559489193,data/Split/Healthy,-0.33937819229460936,0.9482648382142624,0.12608521028039726,-0.21108474216334858,0.5717201631149946,0.6322716853718721,0.6646350320768146,-0.014415321341574031,-0.45151117402096386,0.38947891093100273,0.9514468884460405,0.005419515155872422,0.19796348405259656,0.905706237103246,-0.514707953620124,-0.5269193874373305,-0.4247007478589276,-0.09138810103335158,0.9608992440908719,-0.0014824557762637787,0.7074090145677219,-0.4109166838829951,0.5748015186425135,1.0523341341353865,-0.5555768703926087,0.16264053747113438,-0.02350773362801973,-0.0030865113573202625,-0.0033126943301735197,0.0015415094526765505,1
data/Split/Healthy/d1_msns/pre_processed_data/Naive_D1-MSNs_cell_body_stim/Neuron_0092,AG8019,7,061422,1.1,6,Naive,92,12cell1,left,raw_data/D1-MSN_DIO-ChR2_rec_SNr/Naive/D1-MSNs cell body stim/Mouse#7_recorded_061422_AG8019/Trajectory6_1.1mm_left_rec21_1mW_10s_STR_neurons_recorded_together/Ch12cell1.txt,11.657114590450087,0.953431563197527,0.8717494389380065,73.95789612432564,0.049125108208433924,0.24869565217391304,0.05635232558139611,1.0524470238095232,9.210508081048214,8.0297303333899,24.666666666666668,0.7803720292659532,0.6666666666666666,66.93581255818032,0.0171444444444412,0.09416282642089094,0.011745833333330482,0.8330055555555558,22.680181247140993,3.2515711946989896,-0.46734975234975235,0.02112208811310101,-0.2222222222222222,-0.2222222222222222,-0.2222222222222222,-0.2222222222222222,-0.2222222222222222,0.08112553765596377,-0.465410608447234,-0.2222222222222222,data/Split/Healthy,-0.18024566492734204,0.6623768300206777,-0.4024824259628216,-0.3889916738064988,-0.4110256991397844,-0.4237789718771626,-0.41097838805611947,0.541621678855818,-0.16161592533936625,-0.42301396227738053,-0.08907301183471827,1.0734392375262922,0.3518553295235055,0.2819125479732136,0.01919499208116402,0.21281524544442817,-0.16092699621153875,-0.7637556193199924,-0.12055495217861142,0.2951598904120817,-0.9882021765788354,0.6698806316497015,0.4133749739849394,0.6999784051424195,0.1132888727581448,-0.09276285555846864,0.03417594234378376,0.003049617797909961,0.000310223603197678,-0.0003973672277373208,1
data/Split/Healthy/d1_msns/pre_processed_data/Naive_D1-MSNs_cell_body_stim/Neuron_0116,AG7499,1,011322,1.4,2,Naive,116,4,right,raw_data/D1-MSN_DIO-ChR2_rec_SNr/Naive/D1-MSNs cell body stim/Mouse#1_recorded_011322_AG7499/011322_D1-cre#1_trajectory2_1.4mm_right_+250more_caudal_1mW_STR_10s_cont_stim_neurons_recorded_together/Neuron_recorded_in_Ch4.txt,22.56928713312859,0.3335405965009103,0.025705338420419808,71.26948775055935,0.0014427121188460097,0.004555808656036446,0.05612499999999798,38.902425,22.498925251568362,3.167684098403379,22.2,0.4298474903735192,0.2,5.570477918936038,0.014387499999997999,0.047058823529411764,0.0071937499999989996,0.9529375000000015,21.55124835742442,0.5298917120388029,0.26375790242228414,0.39929448377227467,0.9333333333333332,0.9570174918712642,0.8684571428571953,0.8948207171314742,0.8412961047914894,-0.4930730862832487,0.1593033337745225,0.9303101200352077,data/Split/Healthy,1.4007522637348866,1.4837299298928732,2.831107819289811,2.91528805763297,2.6860267911538025,2.7378147312477816,2.6735593467616505,-3.132868897409374,1.204369305910114,2.853311670904638,-0.24915299649329667,-1.1200348263946103,-0.7253875887728573,-0.9203692006551071,-0.1996990403082342,-0.5471522355649489,-0.6325682788216909,0.31336910187180056,-0.19492111007233973,-0.9370382689566248,7.552926366502938,-1.411590290856525,-1.0154234717114592,0.0721157100447407,0.14070381280437652,-0.01963699558064673,-0.12712845532259753,0.03493913989914905,0.01206444050428984,-0.00968489132938458,0
data/Split/Healthy/d1_msns/pre_processed_data/Naive_D1-MSNs_cell_body_stim/Neuron_0033,AG7499,2,011122,1.7,5,Naive,33,2cell1,left,raw_data/D1-MSN_DIO-ChR2_rec_SNr/Naive/D1-MSNs cell body stim/Mouse#2_recorded_011122_AG7499/011122_D1-cre#2_trajectory5_1.7mm_left_1mW_STR_10s_cont_stim_neurons_recorded_together/Neuron_recorded_in_Ch2cell1.txt,1.0741467381117467,1.4299367216780985,0.10741467381117467,8.640378497300535,0.05403548873408044,0.36,0.5030549999999997,10.025556250000001,0.7267227302972976,11.889511827661991,11.3,0.6571405303266529,0.2,14.779436630956663,0.00958249999999623,0.06142857142857143,0.00958249999999623,1.0,10.687088984816057,1.9208092161904304,0.44391430688294803,-0.12911175229218708,0.4,0.4335280780254046,0.3664719219745954,0.3371794871794872,0.3664719219745954,-0.19322194834462048,0.44085572089096337,0.35548626788582666,data/Split/Healthy,1.7903349748834312,0.3360837638451197,1.3386815522501345,1.4484485006530632,1.2606082600974007,1.1595092435114591,1.296419835291964,-1.2140203758313675,1.820005322062245,1.2192489619374727,-0.9565334692413383,0.3022946619266924,-0.7253875887728573,-0.7399454638919482,-0.581203218874976,-0.315313316506976,-0.38506992887185415,0.7360436647324773,-0.9105755113617354,-0.3073219488063228,3.9230336459311284,0.6093512131793967,-0.49994940284317524,-1.1234224414014153,-0.04819121776104296,-0.04853479314602935,-0.05922419363529583,-0.004847908241595278,0.01684834018783831,0.006580818326559756,0
data/Split/Healthy/d1_msns/pre_processed_data/Naive_D1-MSNs_cell_body_stim/Neuron_0087,AG8019,7,061422,1.1,3,Naive,87,5,right,raw_data/D1-MSN_DIO-ChR2_rec_SNr/Naive/D1-MSNs cell body stim/Mouse#7_recorded_061422_AG8019/Trajectory3_1.1mm_right_rec9_1mW_10s_STR_neurons_recorded_together/Ch5.txt,14.498661564383246,0.86284774166138,0.9340874397221699,66.46351881254523,0.057542324567972,0.23249299719887956,0.06160271739130449,0.9257505555555555,11.807240337669839,5.629047678524838,19.2,0.5811178626058507,0.3,40.91301276373285,0.009067500000001871,0.047904411764705876,0.009067500000001871,1.0,18.356478197295456,1.9538336538014551,-0.9848484848484848,-1.0,-0.3,-0.3,-0.3,-0.3,-0.3,0.0,-0.9843283346231739,-0.3,data/Split/Healthy,-1.2993208364503823,-1.5553995123211926,-0.6201279232394411,-0.6069283083991327,-0.6318805791976171,-0.6439153012894844,-0.6365584127647426,0.022472013246651306,-1.2962695680433718,-0.6441143320302584,-0.4438448697267027,-0.17343166080824246,-0.4945498205664938,-0.2279312820165042,-0.6220928446730295,-0.5335096675940668,-0.4384290707757442,0.7360436647324773,-0.4053700963021315,-0.2923706470466027,-2.555667310576751,-1.317187445286423,-0.41877598466966287,-0.24517625991665123,-0.017086740274166227,-0.002703453844533189,-0.024006549103303805,-0.0012042178949684453,0.0006125918127866752,-0.00026521294399458803,2
data/Split/Healthy/d1_msns/pre_processed_data/Naive_D1-MSNs_cell_body_stim/Neuron_0007,AG8019,8,060922,1.4,1,Naive,7,14,right,raw_data/D1-MSN_DIO-ChR2_rec_SNr/Naive/D1-MSNs cell body stim/Mouse#8_recorded_060922_AG8019/Trajectory1_1.4mm_right_rec1_1mW_10s_STR_neurons_recorded_together/Ch14.txt,29.431964113836955,0.5811327010988485,0.6331650850304966,115.68432886066124,0.024746542484611302,0.09090909090909091,0.03908387096774197,1.3547608333333334,27.43525881030456,4.216629763201312,27.0,0.5605513757010736,0.4444444444444444,35.32315188920066,0.015158333333330474,0.0576095410941146,0.011122222222218802,0.8951916666666635,25.70675837566734,1.4996903227962486,-0.7496690060742349,-0.3396640750292328,-0.2222222222222222,-0.2222222222222222,-0.2222222222222222,-0.2222222222222222,-0.2222222222222222,0.09918222180164118,-0.7575983280286847,-0.2222222222222222,data/Split/Healthy,-0.7907524110221376,-0.12121508966830001,-0.4024824259628216,-0.3889916738064988,-0.4110256991397844,-0.4237789718771626,-0.41097838805611947,0.657172488219849,-0.8005069164404548,-0.42301396227738053,0.06235400068015298,-0.3021303697606595,-0.16111748871285775,-0.33744893960495737,-0.13849693049662945,-0.37692886263926817,-0.22553933363098577,-0.20525389650684397,0.07881466019404598,-0.4979769942007641,-1.5774869028706502,-0.3221098043534213,0.48754342876467655,0.43363813207829105,0.11587789504557004,-0.0727065808633979,0.039517570195212286,0.012595679059709895,0.00012460245853685602,-0.0008504248166720897,2
data/Split/Healthy/d1_msns/pre_processed_data/Naive_D1-MSNs_cell_body_stim/Neuron_0001,AG8019,8,060922,1.7,5,Naive,1,1,left,raw_data/D1-MSN_DIO-ChR2_rec_SNr/Naive/D1-MSNs cell body stim/Mouse#8_recorded_060922_AG8019/Trajectory5_1.7mm_left_rec18_1mW_10s_STR_neurons_recorded_together/Ch1.txt,13.377243833105748,0.8330865295464143,0.9901585314534466,64.38283321913723,0.054933591178697984,0.24924471299093656,0.055479591836734836,0.9439937499999999,10.626805100224992,6.058531478833098,16.9,0.8185030412028598,1.0,68.54192648978848,0.039167500000003484,0.1824657287157287,0.030782500000002246,0.850302499999998,14.249320360359985,4.906191342933997,-0.9904761904761905,-1.0,-0.8,-0.8,-0.8,-0.8,-0.8,0.11965348299422747,-0.9904761904761905,-0.8,data/Split/Healthy,-1.3114905776402732,-1.5553995123211926,-2.0192775485891383,-2.007949530780351,-2.0516619509979703,-2.059077418940124,-2.086715714463034,0.7881749901422237,-1.3097123291720971,-2.0654738518701876,-0.5931086392056473,1.312051307251686,1.1213145568780505,0.3133798491383124,1.7677668379191271,1.6374783335779486,1.8114617378760731,-0.6084094640609166,-0.6759207649718061,1.044263491368355,-5.681408996407041,0.33211291260964915,-0.6472670943408734,0.07474456744909058,-0.008044986992021276,0.0026325341544983375,-0.0007316287629821642,0.054653361300268335,0.0025085669621673287,-0.002745988858633336,2
data/Split/Healthy/d1_msns/pre_processed_data/Naive_D1-MSNs_cell_body_stim/Neuron_0072,AG7960,1,062122,1.7,5,Naive,72,16,left,raw_data/D1-MSN_DIO-ChR2_rec_SNr/Naive/D1-MSNs cell body stim/Mouse#1_recorded_062122_AG7960/Trajectory5_1.7mm_left_rec17_1mW_10s_STR_neurons_recorded_together/Ch16.txt,9.289850990586386,0.928919128178955,0.7537817689730182,62.40801266416826,0.046891337774194235,0.26973684210526316,0.06220810810810778,1.2728069444444448,7.1177990397383715,8.767880677123218,13.6,0.7368460449023361,0.4,23.981234317667564,0.01628499999999917,0.08787878787878786,0.013156250000000114,0.9316075000000013,12.577087277717581,2.425497160657469,-0.30977774399513525,0.062395251240974614,0.1,0.1,0.1,0.1,0.1,-0.0377547972248901,-0.37719800888026384,0.1,data/Split/Healthy,0.1604989808136116,0.7520180647213772,0.4991917770403164,0.5138886695058418,0.5039445182426653,0.4882143928310274,0.5235674285938904,-0.21913366260803085,0.031267729201886654,0.49297328384168476,-0.8072696997623938,0.8010671003004907,-0.2637120523601303,-0.5596620273501107,-0.04904260350686622,0.11142970179094386,-0.014793747548896116,0.12180153903900044,-0.7860757180178829,-0.07883231209861023,1.2586874177692995,-0.11400606337868933,0.28389490729691624,0.45292024894679117,0.06720614303138392,-0.0691309652041049,0.0004499688568744332,0.07324014743106755,0.008092938005774042,-0.004222129773497106,1
data/Split/Healthy/d1_msns/pre_processed_data/Naive_D1-MSNs_cell_body_stim/Neuron_0082,AG8019,7,061422,1.4,4,Naive,82,13,left,raw_data/D1-MSN_DIO-ChR2_rec_SNr/Naive/D1-MSNs cell body stim/Mouse#7_recorded_061422_AG8019/Trajectory4_1.4mm_left_rec13_1mW_10s_STR_neurons_recorded_together/Ch13.txt,19.558513228372018,0.8797911019888537,0.8927122220418764,88.27677938625386,0.04376775279987009,0.17634854771784234,0.04902784090909084,1.0895488372093023,16.846741858159557,5.239991217856636,19.6,0.5913898976763686,0.2,21.82641399203782,0.007215000000000771,0.03363636363636364,0.007215000000000771,1.0,18.94648678058854,1.0752990277752552,0.08308892246840384,-0.04018381051064661,0.1,0.1,0.1,0.1,0.1,-0.06799311228239929,0.06890786088074194,0.1,data/Split/Healthy,1.0100611237690962,0.5292264720012975,0.4991917770403164,0.5138886695058418,0.5039445182426653,0.4882143928310274,0.5235674285938904,-0.41263883501457094,1.0067126304314589,0.49297328384168476,-0.4178859532955817,-0.10915244491636691,-0.7253875887728573,-0.6018796924913218,-0.7691764015502508,-0.763707780905118,-0.6303665666555459,0.7360436647324773,-0.3665044809378347,-0.690113568660976,1.732527789733729,0.7777382190033842,-0.08971695639898387,-0.3024048762487076,-0.06401297875932722,0.02157869902294667,-0.023083189844886325,0.006640894238899162,0.0021257167484656225,0.0005657696419380929,1
data/Split/Healthy/d1_msns/pre_processed_data/Naive_D1-MSNs_cell_body_stim/Neuron_0145,AG8020,1,062822,1.4,5,Naive,145,9,left,raw_data/D1-MSN_DIO-ChR2_rec_SNr/Naive/D1-MSNs cell body stim/Mouse#1_recorded_062822_AG8020/Trajectory5_1.4mm_left_rec13_1mW_10s_STR_neurons_recorded_together/Ch9.txt,17.216489279304238,0.7375010454109338,0.7467879288795507,75.35269597032246,0.03920232957466942,0.15943728018757328,0.05249459459459522,1.2699145833333327,15.062004727620879,5.002833111062554,18.1,0.6470854712008303,0.3,15.939248957306305,0.011025000000000774,0.05142857142857142,0.007776250000000573,0.9069324999999993,17.34945040459373,1.1971037061458978,0.15099915273828318,0.10413606985467756,0.6,0.6094177176950388,0.6049343832020991,0.5941176470588235,0.6049343832020991,-0.1630311422257068,0.05788314280943867,0.5874987947329976,data/Split/Healthy,1.156914918406401,0.8426750009575857,1.8983414023900134,1.941298736601349,1.937737380746348,1.8867275443916596,1.9880359939519847,-1.020819229139762,0.9826062338133028,1.87879538945016,-0.5152318899122847,0.2393732143345417,-0.4945498205664938,-0.7172221918687143,-0.46667256797298723,-0.4766515116408871,-0.5722154629781173,-0.09980791304255893,-0.4717060038813949,-0.6349683903080471,4.936863933584582,-0.6688290242696352,0.3321871858569125,-0.423373506354664,-0.04079677183395339,-0.034663294072508115,-0.025175494415554542,0.08073016974737722,-0.0012304327946387143,-0.0005974565368178569,0
data/Split/Healthy/d1_msns/pre_processed_data/Naive_D1-MSNs_cell_body_stim/Neuron_0089,AG8019,7,061422,1.7,5,Naive,89,1,left,raw_data/D1-MSN_DIO-ChR2_rec_SNr/Naive/D1-MSNs cell body stim/Mouse#7_recorded_061422_AG8019/Trajectory5_1.7mm_left_rec17_1mW_10s_STR_neurons_recorded_together/Ch1.txt,24.83197487923393,0.7447499511804209,0.9761955726480168,116.93183562745526,0.035545721289046095,0.14905814905814907,0.03641250000000019,0.961882978723404,21.90935032661064,5.33707453139002,29.6,0.7092078349321701,1.6,126.0364696116432,0.04122250000001415,0.18114063564595317,0.024623333333339777,0.6296074999999973,25.19130500384806,4.908345095757747,0.05901868814852547,0.05025023444863114,-0.1866666666666667,-0.12741275803448754,-0.2683655465625178,-0.22674273654804744,-0.2885647035695535,-0.007869563094723798,0.08717107339885045,-0.16533837629388162,data/Split/Healthy,0.958009978696613,0.7256402875359123,-0.3029873414935099,-0.12333153098728208,-0.5420525638023714,-0.43657349312957244,-0.6033924555333497,-0.027887974091019844,1.0466465536062537,-0.2613091704066712,0.23108695748243827,0.6281157373679147,2.506341166116232,1.4398242863356512,1.930928354455742,1.616099521151745,1.1733105763619907,-2.5905005695172862,0.04486021774247491,1.04523856954419,-0.1315531836357009,1.880071529954974,-0.32036792456946095,0.044339504713194866,0.33916718668123574,0.05276478277349185,-0.03312682241699479,-0.026670870361347153,-0.023829483641713854,-0.00016088394982361875,1
data/Split/Healthy/d1_msns/pre_processed_data/Naive_D1-MSNs_cell_body_stim/Neuron_0019,AG8017,4,070722,1.4,4,Naive,19,1,left,raw_data/D1-MSN_DIO-ChR2_rec_SNr/Naive/D1-MSNs cell body stim/Mouse#4_recorded_070722_AG8017/Trajectory4_1.4mm_left_rec9_1mW_10s_STR_neurons_recorded_together/Ch1.txt,17.019953603686194,0.8176063014589048,1.0164140910866464,76.33577819527336,0.04973354007063063,0.20960187353629978,0.04893039215686257,0.8680885000000003,14.156597131558827,5.392240627170252,11.0,0.5636557696144994,0.3,26.538641745781206,0.010994999999997646,0.06427272727272727,0.010994999999997646,1.0,10.23744424770683,2.2820447071320467,-0.23107892107892108,-0.16611724400495673,0.0,-0.027231520223150653,0.027231520223150653,0.010000000000000009,0.027231520223150653,0.0,-0.2564188061507383,-0.015529122164919373,data/Split/Healthy,0.33068277687506276,0.25571149003703564,0.21936185197037703,0.15738054952892336,0.29731385415986245,0.23348521165391226,0.31251594403012534,0.022472013246651306,0.29536077406633826,0.16455644862596816,-0.976002656564679,-0.2827040335765815,-0.4945498205664938,-0.5095567962338253,-0.46905448792266285,-0.2694262194494092,-0.23872082607545428,0.7360436647324773,-0.9401949438546127,-0.14377818479122514,0.6082741063774901,0.25851072048065055,0.21426514739428087,-0.05622199662374721,-0.1281814139861059,-0.030314089296192878,0.03333945887409893,0.027468223513655184,0.012715840979645532,0.000874362710763689,1
data/Split/Healthy/d1_msns/pre_processed_data/Naive_D1-MSNs_cell_body_stim/Neuron_0037,AG7499,2,011122,1.7,5,Naive,37,9,left,raw_data/D1-MSN_DIO-ChR2_rec_SNr/Naive/D1-MSNs cell body stim/Mouse#2_recorded_011122_AG7499/011122_D1-cre#2_trajectory5_1.7mm_left_1mW_STR_10s_cont_stim_neurons_recorded_together/Neuron_recorded_in_Ch9.txt,29.261117862900768,0.7947595594045629,1.0895097076611988,128.67699978000533,0.03715682065502894,0.14893617021276595,0.034104166666666796,0.8581347560975608,25.864107018131147,4.975118595426501,15.2,0.6558499710006124,0.3,27.57517248088984,0.012997500000000172,0.06340718105423988,0.012997500000000172,1.0,14.297672668719098,1.8072201010744045,-0.9217325017325017,-0.9795245161668718,-0.3,-0.3,-0.3,-0.3,-0.3,0.0,-0.91255860099609,-0.3,data/Split/Healthy,-1.1628344545604767,-1.5109287833341944,-0.6201279232394411,-0.6069283083991327,-0.6318805791976171,-0.6439153012894844,-0.6365584127647426,0.022472013246651306,-1.1393395084441809,-0.6441143320302584,-0.7034340340379106,0.29421874114075913,-0.4945498205664938,-0.4892488814796795,-0.3100613312981919,-0.2833907859189829,-0.031241832553424744,0.7360436647324773,-0.672735655005825,-0.358747658358825,-2.464220121611977,-1.1364375240627786,-0.4356714378530429,-0.3052265932060839,-0.02847671526466091,0.0049382885305548335,-0.024712165793478853,-0.012089060474560908,-0.0003676275572056715,0.0004657082287632155,2
data/Split/Healthy/d1_msns/pre_processed_data/Naive_D1-MSNs_cell_body_stim/Neuron_0060,AG7960,1,062122,1.7,2,Naive,60,12,right,raw_data/D1-MSN_DIO-ChR2_rec_SNr/Naive/D1-MSNs cell body stim/Mouse#1_recorded_062122_AG7960/Trajectory2_1.7mm_right_rec5_1mW_10s_STR_neurons_recorded_together/Ch12.txt,53.29342447488278,0.4416639557723922,0.1224198111980462,180.5331580567199,0.0031206850204568365,0.009954058192955589,0.025491666666666468,5.884379999999999,52.92811058823168,3.4109125765177155,60.5,0.3565454655521648,0.0,0.0,0.0,0.0,0.0,1.0,60.5,0.0,-0.38399814481372,0.3428927362345286,0.4,0.4,0.4,0.4,0.4,-0.29396372229263673,-0.4470547540950271,0.4,data/Split/Healthy,-3.645191231418544e-07,1.361230903760655,1.3386815522501345,1.3545014029345728,1.355813341322877,1.3373116634214113,1.3936618096128652,-1.8587009507667274,-0.1214794336470125,1.3457889957456421,2.2364132517865203,-1.5787362080056357,-1.1870631251855843,-1.0295071035516852,-1.3420281493875708,-1.3063908009010003,-1.377912603239673,0.7360436647324773,2.370748683765064,-1.1769385204001805,3.5159257430971693,-1.2203198606854972,-0.540868870347966,1.106812069248603,0.04894189681404624,-0.174338317873672,-0.09540278586904918,0.01561614464461335,0.012078511153028824,-0.003920934112607223,0
data/Split/Diseased/gpe_pv/pre_processed_data/6-OHDA_mice_PV-DIO-ChR2_in_GPe/Neuron_0079,AG6926,1,050621,1.4,1,6-OHDA mice,79,12,right,raw_data/Spike times files GPe to SNr project/6-OHDA mice/PV-DIO-ChR2 in GPe/AG6926_mouse#1_6-OHDA_recorded_050621/Trajectory1_1.4mm_right_in_SNr_1mW_10s_GPe_stim_neurons_recorded_together/Neuron_recorded_in_Ch12.txt,16.401004561529394,0.8699733890201191,0.6943973705486235,87.1216554688003,0.02973839405728126,0.13911290322580644,0.04282619047619061,1.04006375,14.552171408902385,5.986849180150741,14.2,0.6276714394373294,0.2,22.15060179092452,0.00882750000000243,0.042279411764705885,0.00882750000000243,1.0,13.622053070022607,1.6500462916095784,-0.7674794160088279,-0.8148287912523647,-0.2,-0.2,-0.2,-0.2,-0.2,0.0,-0.7652008154381262,-0.2,data/Split/Diseased,-0.8292668774367951,-1.153225932076528,-0.34029799816950174,-0.32672406392288916,-0.34792430483754655,-0.3608828777593565,-0.34652695242508436,0.022472013246651306,-0.8171303416918972,-0.3598424280622727,-0.6120921360867727,-0.34451847951962034,-0.8859809843292243,-0.7766303628386875,-0.923517577882906,-0.9623439558868633,-0.8493844194211472,0.8520727053046208,-0.5172022225436331,-0.7841904851435592,-1.5998321678470488,-0.937619804348474,-0.23916627668927137,-0.31308434803169505,-0.020833916129436733,0.00614743767081973,-0.016285314956645883,-0.0074061408387168185,-0.00018326487802007726,0.0004660053877715159,2
data/Split/Diseased/gpe_pv/pre_processed_data/6-OHDA_mice_PV-DIO-ChR2_in_GPe/Neuron_0090,AG6927,1,052521,1.7,5,6-OHDA mice,90,12,left,raw_data/Spike times files GPe to SNr project/6-OHDA mice/PV-DIO-ChR2 in GPe/AG6927_mouse#1_6-OHDA_recorded_052521/Trajectory5_1.7mm_left_in_SNr_1mW_10s_GPe_stim_neurons_recorded_together/Neuron_recorded_in_Ch12.txt,8.321918435213034,0.7801894848172339,0.5658904535944863,35.31198554105947,0.06681834750001221,0.264,0.11807647058823481,1.5525890625000005,6.563493776274038,5.380059270979513,8.4,0.5664360588661925,0.0,0.0,0.0,0.0,0.0,1.0,8.4,0.0,0.11259140744838687,0.09944137312162198,0.3,0.3,0.3,0.3,0.3,0.0,0.06467495967743246,0.3,data/Split/Diseased,1.0738593446457265,0.8324785832419727,1.058851627180195,1.074297158458329,1.0718570669628065,1.0542792398912832,1.1036303492732067,0.022472013246651306,0.997457065382766,1.0615170917776562,-0.937819533857544,-0.6112410152826496,-1.145038795264098,-1.0833122898576288,-1.332885837770064,-1.3885218676263587,-1.5842369436876027,0.8520727053046208,-0.8360208445390783,-1.3249604605406522,2.896812532891027,0.378843660443159,0.74114929615938,-0.33112452341981424,0.011887893453197983,0.018228896587304155,0.026837250626664644,0.042410392850276264,0.0027155014304446304,-0.0007468698658257288,0
data/Split/Diseased/gpe_pv/pre_processed_data/6-OHDA_mice_PV-DIO-ChR2_in_GPe/Neuron_0123,AG7518,4,022222,1.4,4,6-OHDA mice,123,2,left,raw_data/Spike times files GPe to SNr project/6-OHDA mice/PV-DIO-ChR2 in GPe/AG7518_mouse#4_6-OHDA_recorded_022222/Trajectory4_1.4mm_left_rec19_1mW_10s_GPe_cont_neurons_recorded_together/Ch2.txt,21.127522318534606,0.9520344320521705,1.4422564255208807,94.89160088317337,0.06639519513806193,0.2657952069716776,0.04603563829787261,0.6430669354838706,16.615090314766398,5.711169730978829,21.9,0.8266495021177797,1.1,65.81860978123423,0.042702499999990096,0.21568587758990238,0.02591624999999359,0.762087500000004,18.71139436485335,5.529389277840409,-0.4858855037950474,-0.20499106430538422,-0.3666666666666667,-0.4196085323075163,-0.3348078844891447,-0.3571993224167137,-0.3617969161175963,0.18466384746747613,-0.4682267894145876,-0.40479089038482846,data/Split/Diseased,-0.22032866016057737,0.17128139102894516,-0.8066812066194008,-0.9420764926805326,-0.7307197511765493,-0.8058079297683209,-0.8157889110254808,1.2041982295880338,-0.16777372229240017,-0.9420053913122153,-0.1796609355979903,0.5221689313259977,0.27977916487770754,-0.17203329744276152,0.6474084831387433,0.7855991304263786,0.573182680442737,-0.3567687716505007,-0.20648596655670814,0.4871873070361679,-2.1962831551945348,1.0132083138303187,0.6690795909517764,0.3307197782205517,-0.06299081603864892,-0.048852742492306124,0.17682583911088728,-0.0009163831832615692,0.002041386444321112,0.005915128991934028,2
data/Split/Diseased/gpe_pv/pre_processed_data/6-OHDA_mice_PV-DIO-ChR2_in_GPe/Neuron_0058,AG7518,1,012722,1.4,1,6-OHDA mice,58,15,right,raw_data/Spike times files GPe to SNr project/6-OHDA mice/PV-DIO-ChR2 in GPe/AG7518_mouse#1_6-OHDA_recorded_012722/Trajectory1_1.4mm_right_rec1_1mW_10s_GPe_cont_neurons_recorded_together/Ch15.txt,21.83116462490832,1.1165280195614407,1.0835906529151575,82.40033006033366,0.07678673940003353,0.25401459854014596,0.07086323529411777,0.8443589552238805,17.640268832864063,4.671149336841212,17.1,0.8725302740110876,0.5,30.548770638689774,0.02447500000000389,0.08866626794258373,0.018968750000001932,0.9026149999999973,15.69495859596564,1.83171837738599,0.3096708703827619,-0.04802520214787329,0.2,0.2511666842929597,0.16737986848049757,0.1717435755733628,0.16406386260611355,0.07048841789248597,0.30965830898273977,0.19679646720745234,data/Split/Diseased,1.500037651831232,0.5121957436814215,0.7790217021102558,0.9374641351287178,0.6952738824486017,0.691271973503485,0.7093727848603938,0.47355116335830755,1.5331320590653832,0.7681384441460565,-0.449228437201387,0.7220115012261236,-0.4973942679269137,-0.6603551198464929,-0.1978772667434964,-0.49476286445476475,-0.005167691954166319,0.35725621927181545,-0.3906464647897121,-0.7246510589739967,2.31517090904297,1.1923969284922826,0.7998619808605437,-0.9325175554562449,0.1485379998119767,0.038551704144949996,0.0234166833624654,0.008814817395886396,-0.03171246042657561,0.0061715410208432395,1
data/Split/Diseased/gpe_pv/pre_processed_data/6-OHDA_mice_PV-DIO-ChR2_in_GPe/Neuron_0059,AG7518,1,012722,1.4,1,6-OHDA mice,59,4,right,raw_data/Spike times files GPe to SNr project/6-OHDA mice/PV-DIO-ChR2 in GPe/AG7518_mouse#1_6-OHDA_recorded_012722/Trajectory1_1.4mm_right_rec1_1mW_10s_GPe_cont_neurons_recorded_together/Ch4.txt,7.449755051550543,1.2885416042695397,0.7802108331015771,58.57258518904708,0.070537980537515,0.44932432432432434,0.09040887096774203,1.1913075,4.413734838786981,13.270526510637527,35.8,0.7457520837869688,1.5,195.67464121214567,0.039507499999996296,0.20148328275052846,0.026922083333337333,0.796654166666669,30.268390733217,9.622633463875681,-0.7390572452602665,-0.34744564636648134,-0.7333333333333333,-0.7680025401004065,-0.7276588816674445,-0.6674768842813112,-0.6933558459070477,0.1627218072270637,-0.7122360860915236,-0.6375708245311877,data/Split/Diseased,-0.767804803023731,-0.1381158942037161,-1.8327242652091782,-1.9182912900171059,-1.8462448065504355,-1.6839940327838832,-1.7774141169803688,1.06378371668951,-0.7013188747550777,-1.6037333421654942,0.600961621128513,0.16980458978638163,0.7978947867474548,1.6258635872631386,0.49924291074151067,0.6424364903307256,0.6569141065541829,-0.18113436662030116,0.4990958433485886,1.8286669788685093,-4.474134301324809,1.2874531638966014,-0.036561790902663066,0.7796639887502994,-0.006569423049053055,0.17559079109003528,-0.07619528658203199,-0.03403767577203338,0.03671756497311414,-0.01944020175436868,2
data/Split/Diseased/gpe_pv/pre_processed_data/6-OHDA_mice_PV-DIO-ChR2_in_GPe/Neuron_0014,AG6927,3,060121,1.4,1,6-OHDA mice,14,7,right,raw_data/Spike times files GPe to SNr project/6-OHDA mice/PV-DIO-ChR2 in GPe/AG6927_mouse#3_6-OHDA_recorded_060121/Trajectory1_1.4mm_right_in_SNr_1mW_10s_GPe_stim_neurons_recorded_together/Neuron_recorded_in_Ch7.txt,16.20402836701697,0.8315400518916723,1.139123259544251,78.6788176948617,0.057644620597199915,0.2548330404217926,0.05060437500000027,0.8361365384615382,12.813325858893254,6.140389978473361,15.4,0.8618469162974938,0.5,40.432051444401516,0.029622499999999264,0.1913688371125442,0.029622499999999264,1.0,13.634302619517953,6.760203341354616,-0.08548598954764536,-0.08959189301922918,-0.1,-0.11769286000233199,-0.09668396629378062,-0.09694506233097026,-0.09668396629378062,-0.08755128355409544,-0.033452807906962076,-0.12846199281594053,data/Split/Diseased,0.6455230355926119,0.4219169957069479,-0.06046807309956236,-0.09609596414241936,-0.05455194470877119,-0.06920399010723884,-0.04687795110192273,-0.5377981666998316,0.7828931310177738,-0.15647997297939234,-0.5447002606859235,0.6754780718058062,-0.4973942679269137,-0.5235180428508307,0.04083393323007166,0.5404825335352067,0.881712521061935,0.8520727053046208,-0.516454358736467,0.8905622270183889,0.367698180101818,1.027221859529907,-0.5608561945474543,0.014416240929907877,-0.1323648496044012,-0.04948473642841104,-0.003935781521555031,-0.07737376262797517,-0.010353805057106896,-0.024776277777131858,1
data/Split/Diseased/gpe_pv/pre_processed_data/6-OHDA_mice_PV-DIO-ChR2_in_GPe/Neuron_0074,AG6926,1,050621,1.7,2,6-OHDA mice,74,4,right,raw_data/Spike times files GPe to SNr project/6-OHDA mice/PV-DIO-ChR2 in GPe/AG6926_mouse#1_6-OHDA_recorded_050621/Trajectory2_1.7mm_right_in_SNr_1mW_10s_GPe_stim_neurons_recorded_together/Neuron_recorded_in_Ch4.txt,4.499656091783022,0.7027967688218097,0.11622727912354669,26.128718163496554,0.020800116891434885,0.1070110701107011,0.17896071428571325,7.027704166666667,4.1034962805706225,6.367428255561415,5.7,0.4238986229161978,0.0,0.0,0.0,0.0,0.0,1.0,5.7,0.0,-1.0,-0.9,0.0,0.0,0.0,0.0,0.0,0.0,-1.0,0.0,data/Split/Diseased,-1.3320855242693184,-1.3382093870502731,0.21936185197037703,0.23368442502959813,0.21998824388259466,0.20518196930089944,0.23353596825423217,0.022472013246651306,-1.3305368734563014,0.20870137987369894,-1.0894512535094547,-1.2320903674570465,-1.145038795264098,-1.0833122898576288,-1.332885837770064,-1.3885218676263587,-1.5842369436876027,0.8520727053046208,-1.0008621948365726,-1.3249604605406522,-0.7549204562123784,-2.1933851410119014,0.19110673063216083,-0.31578341255078757,0.03570527779965759,-0.019648590872307588,-0.0012490616288292778,-0.030237405686494422,-0.0019238862423005855,0.0012778626801278027,2
data/Split/Diseased/gpe_pv/pre_processed_data/6-OHDA_mice_PV-DIO-ChR2_in_GPe/Neuron_0088,AG6927,1,052521,1.0,6,6-OHDA mice,88,2,left,raw_data/Spike times files GPe to SNr project/6-OHDA mice/PV-DIO-ChR2 in GPe/AG6927_mouse#1_6-OHDA_recorded_052521/Trajectory6_1.0mm_left_in_SNr_1mW_10s_GPe_stim_neurons_recorded_together/Neuron_recorded_in_Ch2.txt,0.6321780279871867,0.9018557614834013,0.0332725277887993,3.753577628677334,0.035456869238133966,0.21052631578947367,1.0656499999999998,30.054825,0.5174345251287764,7.2542079169208185,3.7,0.4000632992893271,0.1,5.7915057915041945,0.005180000000001428,0.0375,0.005180000000001428,1.0,3.4273149124657323,1.0983011583008389,0.31693362193362196,0.275435004094767,0.3,0.2668171557562188,0.33318284424378125,0.30666666666666664,0.33318284424378125,0.0,0.2576840302880187,0.274457873367938,data/Split/Diseased,1.5157431297910797,1.2147193708213855,1.058851627180195,0.9813174204493131,1.1660818352041529,1.073148068126625,1.1998710370156798,0.022472013246651306,1.4194862888920134,0.9889080020867795,-1.2017710458442035,-1.3359097264484714,-1.0155098897966612,-1.0031271024191735,-1.0926674762616553,-1.0105205893878497,-1.1530235677940608,0.8520727053046208,-1.1396149646995828,-0.9650140194177299,3.25361006371424,1.0007963955168018,0.7546034152997566,-0.2863368859175279,-0.1655709161912574,-0.01988148613818833,0.06780199455256733,0.06776795937814055,0.020199234102388983,0.0013578307209112025,0
data/Split/Diseased/gpe_pv/pre_processed_data/6-OHDA_mice_PV-DIO-ChR2_in_GPe/Neuron_0032,AG6926,2,051121,1.0,3,6-OHDA mice,32,4,right,raw_data/Spike times files GPe to SNr project/6-OHDA mice/PV-DIO-ChR2 in GPe/AG6926_mouse#2_6-OHDA_recorded_051121/Trajectory3_1.0mm_right_in_SNr_1mW_10s_GPe_stim_neurons_recorded_together/Neuron_recorded_in_Ch4.txt,1.8460098639891416,1.0195462959099448,0.2575827717194151,30.8172016406658,0.03720031854402792,0.46511627906976744,0.14442083333333422,1.6347014705882343,1.0255514661484415,30.049395528049708,8.9,0.6790646524496268,0.3,21.383476234175095,0.014537500000002979,0.0925,0.014537500000002979,1.0,8.09804018013297,2.8471120429023604,0.041838469905318844,0.07843055680476951,0.3333333333333333,0.2837523502776649,0.3701273111974486,0.3169028871391076,0.33660457597200305,-0.03467560014814306,-0.03260730662045283,0.24849338786743322,data/Split/Diseased,0.9208582825282232,0.786845164962958,1.1521282688701748,1.0287705543087133,1.2709879671479742,1.1021198910076617,1.2097951355159469,-0.19942884241297562,0.7847418848110166,0.9150982647990031,-0.9097395857738568,-0.1206654068711167,-0.7564520788617873,-0.7872514532374948,-0.6587208898109431,-0.45611871463803677,-0.37405075603279164,0.8520727053046208,-0.8544562017399929,-0.3918759057484323,2.9288857023998207,0.07389025497098702,0.5918885536944819,-0.21455731462948094,-0.17101391617551862,-0.12210055121926515,0.16788142474735213,0.09172333442336549,0.008020104691752204,0.0028879878109742308,0
data/Split/Diseased/gpe_pv/pre_processed_data/6-OHDA_mice_PV-DIO-ChR2_in_GPe/Neuron_0111,AG6926,3,051321,1.4,1,6-OHDA mice,111,11,right,raw_data/Spike times files GPe to SNr project/6-OHDA mice/PV-DIO-ChR2 in GPe/AG6926_mouse#3_6-OHDA_recorded_051321/Trajectory1_1.4mm_right_in_SNr_1mW_10s_GPe_stim_neurons_recorded_together/Neuron_recorded_in_Ch11.txt,24.828423848036625,0.7793278697378835,1.2414211924018312,92.21074000383395,0.06120374238161592,0.21081081081081082,0.049301351351351094,0.7560597222222225,20.87175308430186,4.417968132882322,27.9,0.5097992786957118,0.0,0.0,0.0,0.0,0.0,1.0,27.9,0.0,0.14862697407435582,0.019836016603498634,0.3,0.3,0.3,0.3,0.3,0.0,0.12815739168995605,0.3,data/Split/Diseased,1.151785154643696,0.6595836096978988,1.058851627180195,1.074297158458329,1.0718570669628065,1.0542792398912832,1.1036303492732067,0.022472013246651306,1.136266300637715,1.0615170917776562,0.1572984414062558,-0.8579334581747933,-1.145038795264098,-1.0833122898576288,-1.332885837770064,-1.3885218676263587,-1.5842369436876027,0.8520727053046208,0.3545000187206023,-1.3249604605406522,2.904986542596199,0.4295971884799836,0.6922732207699399,-0.549137551213255,-0.015144577879154885,0.03827850975700105,0.02379050367489599,0.003516141857026796,-0.0006919465434275274,0.0015820425689804232,0
data/Split/Diseased/gpe_pv/pre_processed_data/6-OHDA_mice_PV-DIO-ChR2_in_GPe/Neuron_0097,AG6926,3,051321,1.7,2,6-OHDA mice,97,15,right,raw_data/Spike times files GPe to SNr project/6-OHDA mice/PV-DIO-ChR2 in GPe/AG6926_mouse#3_6-OHDA_recorded_051321/Trajectory2_1.7mm_right_in_SNr_1mW_10s_GPe_stim_neurons_recorded_together/Neuron_recorded_in_Ch15.txt,17.96268978735788,1.0187267209768707,1.6725037045957059,129.7125072212921,0.06025696346917412,0.3649906890130354,0.03602800000000002,0.5102270408163265,12.137866227188109,10.686598846405449,15.9,0.9747034382741558,1.1,106.98568427823525,0.03154750000000135,0.23033580274214946,0.020032500000000654,0.6881,12.198382287250253,8.847247427466584,-0.5460739794149406,-0.18107597821827218,-0.16666666666666669,-0.3010931278971115,0.009819690517591994,0.07502185415228894,0.07133981092864675,0.26538131870901605,-0.6312353679271164,0.08585076557951263,data/Split/Diseased,-0.3504843966834824,0.22322259646019196,-0.24702135647952198,-0.6099912991643931,0.247871871230038,0.41751814128536074,0.4404438636941374,1.7207365406383823,-0.5242045552960357,0.4527509857576717,-0.5166203126022363,1.1670464663884563,0.27977916487770754,0.3979375708722179,0.13010427027718774,0.9332708753236554,0.08338505488098379,-0.7327017670846346,-0.6041206722515168,1.5745495701846746,-0.4632139041525516,-0.2215116222451738,1.9264225169565163,0.2567148814875969,-0.5439669168704594,0.5633213113420747,-0.11514793773088644,0.021029922989047673,0.07017868241588102,0.06681555229357798,1
data/Split/Diseased/gpe_pv/pre_processed_data/6-OHDA_mice_PV-DIO-ChR2_in_GPe/Neuron_0015,AG7518,2,020122,1.1,6,6-OHDA mice,15,13,left,raw_data/Spike times files GPe to SNr project/6-OHDA mice/PV-DIO-ChR2 in GPe/AG7518_mouse#2_6-OHDA_recorded_020122/Trajectory6_1.1mm_left_rec26_1mW_10s_GPe_neurons_recorded_together/Ch13.txt,72.34366657641633,0.5600975010999145,1.1386726113811592,221.27970314806092,0.03196507058504996,0.09059111577474642,0.028072222222222196,0.8112534090909093,67.96239588356995,3.2559138074994753,71.7,0.5636704756078099,0.9,116.60203033660966,0.026255000000004004,0.07565624609969138,0.0169904166666709,0.8128562500000023,68.65306281556589,2.117395660627288,-0.2631156301242873,0.23484192742403492,0.31666666666666665,0.14602942069056205,0.3430352057800974,0.4218202869686782,0.24387861256309282,-0.3183257522264686,-0.3283179802196924,0.33370527166935826,data/Split/Diseased,0.26140437401430844,1.1265552167489024,1.105489948025185,0.6428650599886229,1.1940582339591606,1.3990701504500898,0.9408606697270675,-2.0146017935734015,0.1381476829546886,1.1573317092897233,2.6171018935372525,-0.6232870477014842,0.020721353942833736,0.5310788537998711,-0.11533118885066292,-0.6259043280954109,-0.16985568332639847,-0.09881103200603375,2.8425703532674484,-0.6310259902620103,3.0488945419600424,-0.7578944678679472,-0.9503468665626654,0.9389449449407562,-0.28875897503007203,0.3114904614881211,0.1553945945196136,-0.05194163467084613,-0.003956468123472446,-0.03300553388274934,0
data/Split/Diseased/gpe_pv/pre_processed_data/6-OHDA_mice_PV-DIO-ChR2_in_GPe/Neuron_0117,AG7518,4,022222,1.1,3,6-OHDA mice,117,12,right,raw_data/Spike times files GPe to SNr project/6-OHDA mice/PV-DIO-ChR2 in GPe/AG7518_mouse#4_6-OHDA_recorded_022222/Trajectory3_1.1mm_right_rec13_1mW_10s_GPe_cont_neurons_recorded_together/Ch12.txt,15.727954969458358,0.967512557326184,1.1508259733750017,77.43293235533643,0.0682107341374619,0.28780487804878047,0.05927111111111074,0.7975397727272729,12.021358495848096,6.44127969248068,27.4,0.6045380733964538,0.2,28.8527196767594,0.005577500000003966,0.020595533498759304,0.005577500000003966,1.0,26.870338091693007,0.8713157525704478,-0.6446912468336616,-0.20375565749792274,0.0,-0.0416020040324697,0.02904231625831344,0.05371900826446282,0.02904231625831344,0.0,-0.6671626228221452,0.045788419407814286,data/Split/Diseased,-0.5637412193985198,0.1739645726216762,0.21936185197037703,0.11711384394344,0.3024557231175706,0.3572241802881582,0.31776782221468064,0.022472013246651306,-0.602762269906036,0.3388649915211393,0.12921849332256863,-0.44528032656960803,-0.8859809843292243,-0.6838374695468179,-1.0742337313388415,-1.1809181879320907,-1.1199333521726844,0.8520727053046208,0.2916367374927433,-1.039403988291019,0.19589335861115548,-0.8181086192777943,0.3862014736684633,0.4747607556665036,-0.05006208421547023,0.07087152207911487,-0.0019357776577573755,-0.021564125163628833,0.009955750574656854,0.0025826312832408884,1
data/Split/Diseased/gpe_pv/pre_processed_data/6-OHDA_mice_PV-DIO-ChR2_in_GPe/Neuron_0101,AG6926,3,051321,1.4,4,6-OHDA mice,101,4,left,raw_data/Spike times files GPe to SNr project/6-OHDA mice/PV-DIO-ChR2 in GPe/AG6926_mouse#3_6-OHDA_recorded_051321/Trajectory4_1.4mm_left_in_SNr_1mW_10s_GPe_stim_neurons_recorded_together/Neuron_recorded_in_Ch4.txt,18.180534032414197,0.9052079882080544,1.3627091322284863,109.7102438344989,0.05888980751733487,0.2696526508226691,0.04321524390243888,0.6903212962962965,14.108979950768662,7.775916063196465,13.3,0.7791964582604838,0.7,55.21518352406497,0.031110000000000325,0.18338032581453634,0.025913750000000135,0.9362774999999999,11.099420018721492,5.743042598612858,-0.03532586367880486,0.02633703707082414,-0.06666666666666668,-0.08543863550381023,-0.08312640395860864,-0.07254901960784313,-0.11440891329031677,-0.024745153763298937,-0.014916884971758745,-0.07948804518545283,data/Split/Diseased,0.7539927726859824,0.673703184194771,0.032808568590417406,-0.005718258074664976,-0.016054395807772646,-0.00015527914252668772,-0.09828587372040692,-0.13588056810871774,0.8234233565591119,-0.01726079960192066,-0.6626360426374096,0.31547802699514527,-0.23833645699204006,-0.31884101076115356,0.10981555731190844,0.4599580673520135,0.5729745658796266,0.5282965228204125,-0.6712149034627309,0.5572079492479213,0.5107957203415556,1.2050255383563095,-0.1269022759427208,0.0791045672364739,0.02733787260000898,0.03274512206478203,0.06274300162232438,-0.038602407049642365,-0.005915792079551794,0.0008811479925218667,1
data/Split/Diseased/gpe_pv/pre_processed_data/6-OHDA_mice_PV-DIO-ChR2_in_GPe/Neuron_0051,AG7518,1,012722,1.4,4,6-OHDA mice,51,7,left,raw_data/Spike times files GPe to SNr project/6-OHDA mice/PV-DIO-ChR2 in GPe/AG7518_mouse#1_6-OHDA_recorded_012722/Trajectory4_1.4mm_left_rec19_1mW_10s_GPe_cont_neurons_recorded_together/Ch7.txt,12.587271536553512,1.5847142067092725,1.3021315382641565,69.99422909712234,0.11733162609420542,0.5679513184584178,0.0901073529411765,0.25512999999999997,6.161220037271042,11.360449500862906,13.4,0.42874605216540196,0.3,25.5087613191356,0.011895000000004074,0.06952380952380952,0.011895000000004074,1.0,12.64964866055104,2.1800681108741973,-0.18401291477029602,0.06230932666704146,-0.2,-0.2332070707070546,-0.16679292929294542,-0.15365853658536585,-0.16679292929294542,0.0,-0.163626600900469,-0.17556917036645872,data/Split/Diseased,0.43246157511174854,0.7518314450316134,-0.34029799816950174,-0.4197716855102835,-0.25363074403367997,-0.22972151075758981,-0.25021600031739105,0.022472013246651306,0.4982580897499773,-0.29039244350782994,-0.6570200530206721,-1.2109764524422189,-0.7564520788617873,-0.7301356063950609,-0.7812647161208913,-0.6877194978127422,-0.5940278498161696,0.8520727053046208,-0.5765697988001259,-0.6104863365865753,-0.2583708275066746,1.2037001577389892,-0.07024646532657881,0.4430740076992069,-0.13431408604542464,0.03684366234540779,-0.0028905126550591294,-0.04171140462093187,-0.0068897077789580536,-2.233468864848712e-05,1
data/Split/Diseased/gpe_pv/pre_processed_data/6-OHDA_mice_PV-DIO-ChR2_in_GPe/Neuron_0115,AG6926,3,051321,1.4,1,6-OHDA mice,115,5,right,raw_data/Spike times files GPe to SNr project/6-OHDA mice/PV-DIO-ChR2 in GPe/AG6926_mouse#3_6-OHDA_recorded_051321/Trajectory1_1.4mm_right_in_SNr_1mW_10s_GPe_stim_neurons_recorded_together/Neuron_recorded_in_Ch5.txt,15.802956260034122,0.8239371716218816,0.6374865582603999,67.92391879832529,0.03895294510401956,0.15711252653927812,0.061103947368421375,1.5163805555555552,13.860001763048087,4.900715018624029,23.3,0.6671231806991668,0.8,53.00381603791097,0.03595250000000476,0.13150559947299076,0.024390833333339402,0.9114000000000004,21.060041508186877,3.1815943785184784,-0.09370250126804056,0.07668997453253282,0.21666666666666665,0.1636988370931723,0.278074733214981,0.286889361814092,0.2663471236341836,-0.02346136746979808,-0.13509401297448803,0.22180199254070745,data/Split/Diseased,0.6277550804549734,0.7830647921454438,0.8256600229552455,0.6923755147229184,1.0095988962565603,1.0171718828934415,1.0060264205031297,-0.12766518680904623,0.5606467945347701,0.8392221271080978,-0.10103708096366609,-0.17267879514956797,-0.10880755152460309,-0.34945807698815806,0.3343826259615637,-0.0629409423913751,0.4461981108535391,0.4018931020545811,-0.06309553452728185,-0.2822559482226053,2.327018792937347,0.02795572730966432,0.5764701944977704,0.04043111569234133,-0.2339082660134881,0.05803841426550357,0.07008672015587723,0.012743456291030823,-0.03485996254377594,-0.011189711297888077,0
data/Split/Diseased/gpe_pv/pre_processed_data/6-OHDA_mice_PV-DIO-ChR2_in_GPe/Neuron_0124,AG7518,4,022222,1.4,4,6-OHDA mice,124,4,left,raw_data/Spike times files GPe to SNr project/6-OHDA mice/PV-DIO-ChR2 in GPe/AG7518_mouse#4_6-OHDA_recorded_022222/Trajectory4_1.4mm_left_rec19_1mW_10s_GPe_cont_neurons_recorded_together/Ch4.txt,22.654033701386886,1.0165479372685053,2.0432048434170813,113.90044920026602,0.07071595813217899,0.31679819616685456,0.034610312500000115,0.42409873417721505,16.655054850372473,6.838791599519635,24.7,0.883768669632483,1.0,79.97142301189149,0.034627500000001275,0.17223390739695088,0.02089750000000201,0.7630200000000003,21.691111628947077,8.576692486727607,-0.3297266168647902,-0.20149736258469372,-0.06666666666666662,-0.0666323966383852,-0.0426374873803713,0.005626646690325377,0.024085534910507245,0.008535035104164567,-0.3288499407203712,0.04933062805680073,data/Split/Diseased,0.11736015374729576,0.1788693661727051,0.032808568590417565,0.04697762145259691,0.09891642323654708,0.2211072037920051,0.30339159688579453,0.07709058032574176,0.13698451027928604,0.3489344954901318,-0.022413226329342083,0.7709625055326043,0.15025025941027056,0.023916775394333,0.2729368095524149,0.3476017897619186,0.15539269390577073,-0.35203070754182164,-0.024567219401906284,1.4858805495693446,0.35773852433024633,0.08955589264986684,0.26413065618337533,0.030261327345472957,-0.10028334301838325,0.16440884237141234,-0.2000859043122727,-0.04479701210254965,0.03034823972425943,-0.00725309224784215,1
data/Split/Diseased/gpe_pv/pre_processed_data/6-OHDA_mice_PV-DIO-ChR2_in_GPe/Neuron_0075,AG6926,1,050621,1.7,2,6-OHDA mice,75,5,right,raw_data/Spike times files GPe to SNr project/6-OHDA mice/PV-DIO-ChR2 in GPe/AG6926_mouse#1_6-OHDA_recorded_050621/Trajectory2_1.7mm_right_in_SNr_1mW_10s_GPe_stim_neurons_recorded_together/Neuron_recorded_in_Ch5.txt,5.346454839683148,0.5038296823988324,0.11622727912354669,28.052671503120738,0.028006623294520354,0.12422360248447205,0.24096428571428583,6.707804166666667,4.817212823864677,5.823423736677484,8.5,0.38640556447641033,0.0,0.0,0.0,0.0,0.0,1.0,8.5,0.0,-1.0,-1.0,0.0,0.0,0.0,0.0,0.0,0.0,-1.0,0.0,data/Split/Diseased,-1.3320855242693184,-1.5553995123211926,0.21936185197037703,0.23368442502959813,0.21998824388259466,0.20518196930089944,0.23353596825423217,0.022472013246651306,-1.3305368734563014,0.20870137987369894,-0.9322035442408065,-1.3953986302178913,-1.145038795264098,-1.0833122898576288,-1.332885837770064,-1.3885218676263587,-1.5842369436876027,0.8520727053046208,-0.8299156093428748,-1.3249604605406522,-0.8172704314268635,-2.2815015306404276,0.15260004324350931,-0.49799677902623685,0.015637895903756104,0.001018808168615931,-0.0032761422754144943,-0.029247846409829314,-0.002228985490532107,0.0014636595772029549,2
data/Split/Diseased/gpe_pv/pre_processed_data/6-OHDA_mice_PV-DIO-ChR2_in_GPe/Neuron_0095,AG6926,3,051321,1.7,2,6-OHDA mice,95,1,right,raw_data/Spike times files GPe to SNr project/6-OHDA mice/PV-DIO-ChR2 in GPe/AG6926_mouse#3_6-OHDA_recorded_051321/Trajectory2_1.7mm_right_in_SNr_1mW_10s_GPe_stim_neurons_recorded_together/Neuron_recorded_in_Ch1.txt,21.809448307928005,1.0985430163464793,0.869701926389767,84.22849020775968,0.05121791719768664,0.17024539877300612,0.058891346153846204,1.0073429999999999,19.073389360680086,4.416021117955954,19.0,0.7619306478133729,0.7,38.31473070605561,0.024120000000003472,0.11341189931350115,0.013747083333331744,0.8539687499999971,17.152309507463023,2.7627317388823216,0.13377606387042568,0.03329600465387383,0.3333333333333333,0.3762001151065179,0.2691507127482168,0.30652232203611357,0.2221118428113603,-0.13365726541673756,0.09047859302716413,0.34221531745821576,data/Split/Diseased,1.1196705158242142,0.6888173746059594,1.1521282688701748,1.2878131152825756,0.9842585802160065,1.072739526020535,0.8777301895473466,-0.8328458885168514,1.0538787004481767,1.1815233784822559,-0.34252463448337583,0.2402734524255892,-0.23833645699204006,-0.5528330027910674,-0.21434010812101803,-0.24532605674741195,-0.43984964390880116,0.11008297407314224,-0.30167176400878143,-0.4195298783435917,3.143000791100905,0.22709516418496234,-0.11192179971498274,-0.35240203296581324,0.26678870188603926,0.09254423694465844,0.008503537190523582,0.022779686912599538,-0.04320885031602374,0.008116802480389696,0
data/Split/Diseased/gpe_pv/pre_processed_data/6-OHDA_mice_PV-DIO-ChR2_in_GPe/Neuron_0132,AG7518,4,022222,1.1,6,6-OHDA mice,132,2,left,raw_data/Spike times files GPe to SNr project/6-OHDA mice/PV-DIO-ChR2 in GPe/AG7518_mouse#4_6-OHDA_recorded_022222/Trajectory6_1.1mm_left_rec31_1mW_10s_GPe_cont_neurons_recorded_together/Ch2.txt,1.2639734729723076,0.7247068249047816,0.0984914394523876,5.849329871523871,0.05106781135606294,0.23376623376623376,0.5184999999999996,2.8207450000000005,1.020619983393302,5.7311535798822355,1.4,0.07765905362874852,0.0,0.0,0.0,0.0,0.0,1.0,1.4,0.0,-0.0033333333333333327,0.0,0.0,0.0,0.0,0.0,0.0,0.0,-0.0033333333333333327,0.0,data/Split/Diseased,0.8231756404602573,0.6165017403879997,0.21936185197037703,0.23368442502959813,0.21998824388259466,0.20518196930089944,0.23353596825423217,0.022472013246651306,0.8487516858857017,0.20870137987369894,-1.3309388070291646,-2.74020373330059,-1.145038795264098,-1.0833122898576288,-1.332885837770064,-1.3885218676263587,-1.5842369436876027,0.8520727053046208,-1.2633873082733227,-1.3249604605406522,0.9704398792925619,0.998961518456901,0.17110823702949424,-0.10777269546425813,-0.01502009971030103,0.0011588128471726688,0.00411449850105612,-0.003918266441810532,-4.321178640597967e-05,0.0011715633693503114,1
data/Split/Diseased/gpe_pv/pre_processed_data/6-OHDA_mice_PV-DIO-ChR2_in_GPe/Neuron_0096,AG6926,3,051321,1.7,2,6-OHDA mice,96,13,right,raw_data/Spike times files GPe to SNr project/6-OHDA mice/PV-DIO-ChR2 in GPe/AG6926_mouse#3_6-OHDA_recorded_051321/Trajectory2_1.7mm_right_in_SNr_1mW_10s_GPe_stim_neurons_recorded_together/Neuron_recorded_in_Ch13.txt,38.5907370547022,0.6641285901661537,0.7010428011667356,139.85404553998217,0.021790747069599426,0.07179930795847751,0.031083333333333425,1.22239625,36.61787979745842,3.819282992722292,41.6,0.6076616433208122,0.3,27.348290490462386,0.00727250000000339,0.030818181818181817,0.004558750000003187,0.9424425,40.886107567083954,0.9411838242437396,-0.021446743713385744,-0.02232150944320164,0.2,0.20423728813574943,0.22098501070648852,0.2229050279329609,0.22098501070648852,0.04040753286413822,-0.022876034781899618,0.20373636740795828,data/Split/Diseased,0.7840059448553043,0.56802162606595,0.7790217021102558,0.8059659751891436,0.8474890471789427,0.8360754720300673,0.8744620219380108,0.28105343878333194,0.8060200614520928,0.7878666305795128,0.9266890188992846,-0.4316750140348038,-0.7564520788617873,-0.7046667565464217,-0.9956294605364276,-1.0778735444194387,-1.2047400368622134,0.559621096793737,1.1473324285230568,-1.016506112278733,2.112192541152437,0.3167763007245551,0.8159970677230414,-0.35986323600944875,-0.03285700558945457,0.011486637601220838,0.03592062912756364,-0.01767351091434487,-0.035679545753959,0.001406799958276322,1
data/Split/Diseased/gpe_pv/pre_processed_data/6-OHDA_mice_PV-DIO-ChR2_in_GPe/Neuron_0118,AG7518,4,022222,1.1,3,6-OHDA mice,118,2,right,raw_data/Spike times files GPe to SNr project/6-OHDA mice/PV-DIO-ChR2 in GPe/AG7518_mouse#4_6-OHDA_recorded_022222/Trajectory3_1.1mm_right_rec13_1mW_10s_GPe_cont_neurons_recorded_together/Ch2.txt,7.034382326910023,1.143568914174311,0.6694185989727167,59.30736679907445,0.05485556196319638,0.34789391575663026,0.08194508196721333,1.4142554166666663,4.85339946960936,12.219757959434562,15.5,0.859010886103937,0.5,67.62145080804163,0.011897500000000606,0.1122077922077922,0.010096250000000851,0.9289050000000032,14.118155415392915,5.739014076823846,-0.771979882862236,-0.6429043630879617,-0.4,-0.4,-0.4,-0.4,-0.4,0.05515301966564144,-0.7324833912942446,-0.4,data/Split/Diseased,-0.8389989992752264,-0.7798230511749497,-0.8999578483093805,-0.8871325528753764,-0.9158368535576878,-0.9269477248196124,-0.9265898731044008,0.3754147800259441,-0.7455911696572138,-0.9283862359982442,-0.5390842710691861,0.6631251941447093,-0.4973942679269137,-0.14707240629276883,-0.7811487806183938,-0.25746349741658675,-0.7437662783663017,0.49083660041680716,-0.48691400754489417,0.5558876810591994,-2.7358062363410545,-0.07805385764855612,-0.22690838795642349,0.09354086409728654,0.01756215891092027,-0.03192659947804387,-0.0012837709755475122,-0.042194030524618904,-0.00335521851816491,0.0020814222119583587,2
data/Split/Diseased/gpe_pv/pre_processed_data/6-OHDA_mice_PV-DIO-ChR2_in_GPe/Neuron_0066,AG7518,1,012722,1.7,5,6-OHDA mice,66,8,left,raw_data/Spike times files GPe to SNr project/6-OHDA mice/PV-DIO-ChR2 in GPe/AG7518_mouse#1_6-OHDA_recorded_012722/Trajectory5_1.7mm_left_rec25_1mW_10s_GPe_cont_neurons_recorded_together/Ch8.txt,38.66009036029056,0.7963411427846339,1.50856172702192,166.75095983491798,0.03675201546403604,0.1421957671957672,0.02436228813559315,0.6333758620689655,34.42809088007304,4.843456479064697,22.5,0.7616435028121794,0.9,79.65597266153797,0.03150249999999488,0.14448689810598642,0.026727499999994818,0.8875375000000005,19.792278258125556,3.9242052958993434,-0.1869899853515869,-0.03637746306927637,-0.15,-0.17903862820809605,-0.15998095985188782,-0.12723964350575104,-0.21000410224723157,-0.09810405747287136,-0.19575960795807884,-0.10904373903264694,data/Split/Diseased,0.426023751089827,0.537493482777456,-0.20038303563453203,-0.2679894104615282,-0.23428772939830628,-0.15494747740452275,-0.3755419962666026,-0.6053289247012723,0.4279967907621128,-0.1012793332322882,-0.14596499789756562,0.23902273687298403,0.020721353942833736,0.01954926780973756,0.12801743122903528,0.06791099031444266,0.6407158563489278,0.2806469306939256,-0.14049546267455892,-0.03887993534121493,-0.02756510896526096,0.8974840102930967,-0.6626599128573734,0.3781948191377608,0.02669606520632723,0.16053433893406033,0.00846813455100116,-0.021452844347358335,-0.00017034350946840485,0.03301964441995126,1
data/Split/Diseased/gpe_pv/pre_processed_data/6-OHDA_mice_PV-DIO-ChR2_in_GPe/Neuron_0026,AG7518,2,020122,1.4,1,6-OHDA mice,26,8,right,raw_data/Spike times files GPe to SNr project/6-OHDA mice/PV-DIO-ChR2 in GPe/AG7518_mouse#2_6-OHDA_recorded_020122/Trajectory1_1.4mm_right_rec1_1mW_10s_GPe_neurons_recorded_together/Ch8.txt,9.381520076131677,0.973695241783627,0.8481922260612201,68.21782661309553,0.05199482602742092,0.30684931506849317,0.06130075757575745,1.11286171875,6.8594636875446495,9.945067095692163,16.2,0.6925826027005061,0.6,24.338142536913157,0.03655000000000115,0.15564468211527033,0.02543124999999975,0.8375324999999976,14.353967008597635,2.7217236492176076,-0.6443241436925647,-0.26360925410825875,-0.4,-0.4,-0.4,-0.4,-0.4,0.14129854815523135,-0.5883035640695053,-0.4,data/Split/Diseased,-0.5629473700907042,0.043968471164536775,-0.8999578483093805,-0.8871325528753764,-0.9158368535576878,-0.9269477248196124,-0.9265898731044008,0.9266890593873195,-0.43033085397950727,-0.9283862359982442,-0.49977234375202406,-0.06178536177946469,-0.3678653624594769,-0.7463431851924749,0.3620912110967699,0.18038183345626965,0.5328084550941551,0.026569830688060212,-0.4725171551598314,-0.43296946713078693,-2.4786464306808367,0.669116263286693,0.3819539680030676,0.48275798577015344,0.10294413101443022,-0.073383522497792,0.04548222769399055,-0.06023216867976728,-0.006373149498334635,0.0032569277992202856,2
data/Split/Diseased/gpe_pv/pre_processed_data/6-OHDA_mice_PV-DIO-ChR2_in_GPe/Neuron_0036,AG6926,2,051121,1.7,2,6-OHDA mice,36,2cell1,right,raw_data/Spike times files GPe to SNr project/6-OHDA mice/PV-DIO-ChR2 in GPe/AG6926_mouse#2_6-OHDA_recorded_051121/Trajectory2_1.7mm_right_in_SNr_1mW_10s_GPe_stim_neurons_recorded_together/Neuron_recorded_in_Ch2cell1.txt,14.548867379539008,0.840439162134079,1.1523855350129908,75.32498821958175,0.056198462950388835,0.26961157654226964,0.04876706730769171,0.777205339805826,11.259066542374704,6.690162806666795,12.9,0.8308935786984246,0.6,33.8128358928643,0.025769999999991456,0.14578947368421052,0.01666999999999632,0.8567900000000066,11.124874502922372,3.7213087142764265,-0.05951650797977635,0.029640156533185292,0.16666666666666669,0.1286852400856207,0.22794429407153122,0.21006289308176102,0.2607646898400525,0.05878977453175206,-0.09311923357299874,0.1625467112434539,data/Split/Diseased,0.7016812447144065,0.6808772334929214,0.685745060420276,0.5942659297639519,0.867250368944478,0.799728066527709,0.989835606247517,0.3986876004866297,0.6524278880437032,0.6707760107628093,-0.6851000011043593,0.5406548271758175,-0.3678653624594769,-0.6151631277049542,-0.13782267636698733,0.08104099654300205,-0.1965290332355227,0.12441784095433274,-0.6696608473342868,-0.10537526944808391,1.9405889574296584,0.303167421320908,0.9564713248492914,-0.1704624751272323,-0.25017411337304957,-0.0321470598551101,0.024727082789106722,0.02933885609691805,0.010285138549473861,-0.017957245439138583,1
data/Split/Diseased/gpe_pv/pre_processed_data/6-OHDA_mice_PV-DIO-ChR2_in_GPe/Neuron_0134,AG7518,4,022222,1.7,5,6-OHDA mice,134,4,left,raw_data/Spike times files GPe to SNr project/6-OHDA mice/PV-DIO-ChR2 in GPe/AG7518_mouse#4_6-OHDA_recorded_022222/Trajectory5_1.7mm_left_rec25_1mW_10s_GPe_cont_neurons_recorded_together/Ch4.txt,32.22940143196129,0.765337540679454,1.463805483363979,129.47110101206172,0.044603693925977815,0.16812749003984065,0.030471052631579048,0.627702232142857,28.06244162057913,4.61367912181655,56.9,0.410593683550716,0.1,10.899182561309036,0.0027524999999997135,0.011538461538461539,0.0027524999999997135,1.0,56.665099359880706,0.46083402440474075,-0.7801539128300872,0.006065203086502246,0.5,0.4904219279334736,0.5235416666666699,0.5625,0.5235416666666699,-0.10135920470901463,-0.8574858698419086,0.564677414916546,data/Split/Diseased,-0.8566750889230981,0.6296747625695096,1.6185114773200737,1.607867482941416,1.70661765527189,1.797239351657869,1.7519715095741608,-0.6261597092850235,-1.018918732923085,1.8139206185341674,1.785935430260112,-1.290042602466219,-1.0155098897966612,-0.9324097391105423,-1.2052408493431057,-1.2722137820145099,-1.3551028091033317,0.8520727053046208,2.110676989062944,-1.1739312407504598,3.273715008795616,-2.696239767591171,0.875731689283358,0.7463987006769872,0.10991049759750061,0.016555455104694805,-0.040722169269942966,0.0013091045103995284,-0.022318667501384365,0.0034652492587954496,0
data/Split/Diseased/gpe_pv/pre_processed_data/6-OHDA_mice_PV-DIO-ChR2_in_GPe/Neuron_0077,AG6926,1,050621,1.4,4,6-OHDA mice,77,15,left,raw_data/Spike times files GPe to SNr project/6-OHDA mice/PV-DIO-ChR2 in GPe/AG6926_mouse#1_6-OHDA_recorded_050621/Trajectory4_1.4mm_left_in_SNr_1mW_10s_GPe_stim_neurons_recorded_together/Neuron_recorded_in_Ch15.txt,2.704345560779546,1.1004845557741334,0.24810509731922442,15.586432806735761,0.06457369341653127,0.3486238532110092,0.26026750000000015,1.3622138888888886,1.8831480134446157,8.27679645755799,2.1818181818181817,0.12895048667137327,0.0,0.0,0.0,0.0,0.0,1.0,2.1818181818181817,0.0,-0.38614718614718613,-0.2727272727272727,0.0,0.0,0.0,0.0,0.0,0.0,-0.38614718614718613,0.0,data/Split/Diseased,-0.004647600633589524,0.024165035103674622,0.21936185197037703,0.23368442502959813,0.21998824388259466,0.20518196930089944,0.23353596825423217,0.022472013246651306,0.01169966268015359,0.20870137987369894,-1.28703197911649,-2.516793982982213,-1.145038795264098,-1.0833122898576288,-1.332885837770064,-1.3885218676263587,-1.5842369436876027,0.8520727053046208,-1.215655469466641,-1.3249604605406522,0.3532280079815911,-0.16291271657295026,0.2068830494777225,-0.05473012301531836,0.019103877487545523,-0.02191160251058933,0.0035332932450996956,-0.014749251783029419,-0.0005429751595950221,0.0010768395855268976,1
data/Split/Diseased/gpe_pv/pre_processed_data/6-OHDA_mice_PV-DIO-ChR2_in_GPe/Neuron_0062,AG7518,1,012722,1.1,6,6-OHDA mice,62,7,left,raw_data/Spike times files GPe to SNr project/6-OHDA mice/PV-DIO-ChR2 in GPe/AG7518_mouse#1_6-OHDA_recorded_012722/Trajectory6_1.1mm_left_rec31_1mW_10s_GPe_cont_neurons_recorded_together/Ch7.txt,17.424910191082024,0.8781232328342415,0.7675452474047376,71.85253666886695,0.0524645755413543,0.19681349578256796,0.06835372340425551,1.2111576086956517,14.770374110998416,4.864638913605013,25.4,0.7079168513152426,0.9,129.84201482577342,0.01915000000000191,0.10048223972361903,0.012356249999999135,0.8089424999999949,23.032175036572898,5.134426383172412,-0.3488153273893328,0.14676343867785327,0.23333333333333334,0.1347345621636808,0.3476938083190303,0.4478009861973864,0.42139589635388797,0.0905380963884894,-0.42810901736532064,0.3880137940478462,data/Split/Diseased,0.07608140142791982,0.9352574367043379,0.8722983438002356,0.6112163869887147,1.2072866281659582,1.472603953127176,1.4557166402608062,0.6018558154755352,-0.080053118626924,1.3117155798719304,0.016898700987819922,0.005005921893410096,0.020721353942833736,0.7143905306185694,-0.444819887406122,-0.3756574661384583,-0.5556307128222098,-0.11869692841938784,0.057307855763871235,0.35774604474041066,2.398465165464973,-0.749441192282471,1.6054905161420798,0.41061871699969454,-0.41907878262424175,0.3472445310338521,-0.08417847269617701,-0.0014411630731926222,-0.018107374646109144,-0.06911799852382292,0
data/Split/Diseased/gpe_pv/pre_processed_data/6-OHDA_mice_PV-DIO-ChR2_in_GPe/Neuron_0099,AG6926,3,051321,1.7,2,6-OHDA mice,99,8,right,raw_data/Spike times files GPe to SNr project/6-OHDA mice/PV-DIO-ChR2 in GPe/AG6926_mouse#3_6-OHDA_recorded_051321/Trajectory2_1.7mm_right_in_SNr_1mW_10s_GPe_stim_neurons_recorded_together/Neuron_recorded_in_Ch8.txt,10.823945770197124,0.9560511201712454,1.08406236527398,69.45042112531101,0.06481358713734964,0.34514637904468415,0.0597876923076921,0.8497210937500002,7.5793445917809565,9.163116979880169,9.7,0.7815500581324475,0.5,30.418216373107743,0.03005250000000359,0.15974358974358974,0.03005250000000359,1.0,8.256329087865684,4.0692984040630265,-0.07953457619092294,0.03279960729951399,-0.2,-0.17605304212166445,-0.22394695787833552,-0.18888888888888888,-0.22394695787833552,-0.03091789811314683,-0.07460470084495092,-0.1603203517676794,data/Split/Diseased,0.6583927848397659,0.6877392485701836,-0.34029799816950174,-0.2596236715248547,-0.4159231942514434,-0.3294348307004533,-0.41598066406654366,-0.17538204024323037,0.6929113422468447,-0.24704433654445562,-0.8648116688399573,0.32572958614553604,-0.4973942679269137,-0.6621626839987971,0.06077483968752853,0.22169896206657128,0.9175082260109769,0.8520727053046208,-0.8447922916334092,0.008671455750622229,-0.19106732366223939,1.4262622005426755,-0.3513128530241331,0.27295343727450594,0.10150355346472402,0.05974557746041383,-0.06730091824534003,-0.008932294414298922,-0.017244563825601356,-0.0026667376536922173,1
data/Split/Diseased/gpe_pv/pre_processed_data/6-OHDA_mice_PV-DIO-ChR2_in_GPe/Neuron_0012,AG6927,3,060121,1.5,5,6-OHDA mice,12,7,left,raw_data/Spike times files GPe to SNr project/6-OHDA mice/PV-DIO-ChR2 in GPe/AG6927_mouse#3_6-OHDA_recorded_060121/Trajectory5_1.5mm_left_in_SNr_1mW_10s_GPe_stim_neurons_recorded_together/Neuron_recorded_in_Ch7.txt,9.832996846630994,1.0673389841699665,1.1626854379462324,84.4123360627249,0.06263054258376942,0.4155405405405405,0.053867142857142856,0.7156029411764706,6.13097426674168,13.76817653935221,9.4,0.7658061407480038,0.5,37.141008254584186,0.020175000000000408,0.1436904761904762,0.01730125000000271,0.9235524999999996,7.787360243146876,4.683019169357408,-0.10609422156790578,0.033578970410786245,-5.551115123125783e-18,0.0025925647516637507,0.012021054923202611,0.0340080971659919,0.012236813727157837,-0.02748805149955046,-0.12439496048704175,0.045438634635129024,data/Split/Diseased,0.6009583645421065,0.6894319482878711,0.21936185197037703,0.24094890150455495,0.25412278358129864,0.3014359109062871,0.2690265778061518,-0.15343329544611786,0.5840410982287747,0.33787065168803687,-0.8816596376901695,0.25715391096467877,-0.4973942679269137,-0.5690835528483636,-0.39728633131622026,0.05988303025897538,-0.1439801059120712,0.4636403664845556,-0.8734239426004108,0.20980627532297833,1.0090036817961054,0.6747612832347044,0.10001496510888021,0.14582686275040868,-0.007921795683860049,0.07363877032949857,-0.04620314802971698,0.0013633462488119173,-0.013651260811843915,0.01266642591606998,1
data/Split/Diseased/gpe_pv/pre_processed_data/6-OHDA_mice_PV-DIO-ChR2_in_GPe/Neuron_0131,AG7518,4,022222,1.1,6,6-OHDA mice,131,12,left,raw_data/Spike times files GPe to SNr project/6-OHDA mice/PV-DIO-ChR2 in GPe/AG7518_mouse#4_6-OHDA_recorded_022222/Trajectory6_1.1mm_left_rec31_1mW_10s_GPe_cont_neurons_recorded_together/Ch12.txt,11.359346016842037,1.461529159382588,1.1490667936111887,64.39478781659083,0.08584883205568046,0.40173410404624277,0.07471178571428568,0.7912373188405798,7.434119826698815,8.662059439144915,14.7,1.0560519487009663,1.1,137.6211465017571,0.043255000000003464,0.2605320512820513,0.03238125000000167,0.715972499999998,11.125590873317389,11.187186522295468,-0.5195638947812862,-0.4212497104820009,-0.4333333333333333,-0.5229484250960686,-0.34044695977116474,-0.3856960279823765,-0.2857056094764031,0.1747281074305888,-0.49485615989613096,-0.4843221486652786,data/Split/Diseased,-0.29315714997651615,-0.2984110335112425,-0.9932344899993601,-1.2316392585112559,-0.7467322592557329,-0.8864628461570613,-0.5951001831825008,1.1406160794196833,-0.22600089530200593,-1.1680904134757473,-0.5840121880030856,1.5213756267400973,0.27977916487770754,0.8220950126657447,0.6730302292268844,1.2376500898860716,1.111366942055568,-0.5910806497981123,-0.669617111236795,2.3414182411884297,-2.5504968021105867,0.8396044907156618,0.5194247599449475,0.04674555330778213,-0.4859575731132032,-0.12382436183334923,0.0746277501171765,5.834628119980468e-05,0.04273327232703217,-0.051617231490284896,2
data/Split/Diseased/gpe_pv/pre_processed_data/6-OHDA_mice_PV-DIO-ChR2_in_GPe/Neuron_0065,AG7518,1,012722,1.7,5,6-OHDA mice,65,5,left,raw_data/Spike times files GPe to SNr project/6-OHDA mice/PV-DIO-ChR2 in GPe/AG7518_mouse#1_6-OHDA_recorded_012722/Trajectory5_1.7mm_left_rec25_1mW_10s_GPe_cont_neurons_recorded_together/Ch5.txt,54.51873218376034,0.7535657825161617,2.42930560856343,268.854740704611,0.04024336527870223,0.18151969981238275,0.01656578947368427,0.39391462765957436,46.49356583668769,5.78262251703783,53.44444444444444,0.6117766576620483,2.111111111111111,213.472994382239,0.0379611111111081,0.1709117875765617,0.01593148148148113,0.4884902777777782,46.40319294713166,5.064565783668336,-0.9967320261437909,-1.0,-0.8888888888888888,-0.8888888888888888,-0.8888888888888888,-0.8888888888888888,-0.8888888888888888,0.38620093949438605,-0.995986667864676,-0.8888888888888888,data/Split/Diseased,-1.3250186308181755,-1.5553995123211926,-2.2680152597624175,-2.2570199703147895,-2.3040675282069216,-2.3106617954113484,-2.344521456987174,2.4939020264037666,-1.3217614131144777,-2.318159988730619,1.5918717890595184,-0.4137512737141133,1.589460320159569,1.8722872871467382,0.42753036148602247,0.33427477690614316,-0.2580076169283305,-1.746925531812071,1.4841634669503263,0.3348506175835196,-6.635406768244863,0.8559574030116796,0.7738080096733193,-0.16257037260429413,0.11006584539886263,0.0387606658712444,0.12106200564321606,0.07983340740323676,-0.0034466387956735467,-0.001989553755164017,2
data/Split/Diseased/gpe_pv/pre_processed_data/6-OHDA_mice_PV-DIO-ChR2_in_GPe/Neuron_0078,AG6926,1,050621,1.4,4,6-OHDA mice,78,7,left,raw_data/Spike times files GPe to SNr project/6-OHDA mice/PV-DIO-ChR2 in GPe/AG6926_mouse#1_6-OHDA_recorded_050621/Trajectory4_1.4mm_left_in_SNr_1mW_10s_GPe_stim_neurons_recorded_together/Neuron_recorded_in_Ch7.txt,2.9293656702754824,0.6882582981280335,0.19529104468503217,15.31005056826313,0.054698580478218954,0.23333333333333334,0.28008750000000004,2.55795,2.375799895671396,6.444166697775084,3.0,0.12732086227692255,0.0,0.0,0.0,0.0,0.0,1.0,3.0,0.0,-1.0,-0.6,0.0,0.0,0.0,0.0,0.0,0.0,-1.0,0.0,data/Split/Diseased,-1.3320855242693184,-0.6866390112375155,0.21936185197037703,0.23368442502959813,0.21998824388259466,0.20518196930089944,0.23353596825423217,0.022472013246651306,-1.3305368734563014,0.20870137987369894,-1.2410829731613655,-2.523892127009002,-1.145038795264098,-1.0833122898576288,-1.332885837770064,-1.3885218676263587,-1.5842369436876027,0.8520727053046208,-1.1657035451340667,-1.3249604605406522,-0.5678705305689229,-1.9290359721263226,0.3066267927981152,0.2308566868755599,0.09590742348736202,-0.08165078799507808,0.004832180310926316,-0.03320608351648986,-0.00100858849760602,0.0007204719889023182,2
data/Split/Diseased/gpe_pv/pre_processed_data/6-OHDA_mice_PV-DIO-ChR2_in_GPe/Neuron_0104,AG6926,3,051321,1.0,6,6-OHDA mice,104,12,left,raw_data/Spike times files GPe to SNr project/6-OHDA mice/PV-DIO-ChR2 in GPe/AG6926_mouse#3_6-OHDA_recorded_051321/Trajectory6_1.0mm_left_in_SNr_1mW_10s_GPe_stim_neurons_recorded_together/Neuron_recorded_in_Ch12.txt,6.520582450199879,0.9015280463650335,0.529590452808112,41.92813062013552,0.04490596045779764,0.26903553299492383,0.08479374999999961,1.2451483333333337,4.99041338123899,8.401734970044878,5.8,0.796888624680584,0.4,24.878126919841797,0.026140000000000895,0.1975,0.026140000000000895,1.0,4.583575027579997,6.56833373324267,0.08605975723622783,-0.13033181165242547,-0.2,-0.2,-0.2,-0.2,-0.2,0.0,0.18054775575673146,-0.2,data/Split/Diseased,1.016485463035236,0.3334339153922383,-0.34029799816950174,-0.32672406392288916,-0.34792430483754655,-0.3608828777593565,-0.34652695242508436,0.022472013246651306,1.2508218735780021,-0.3598424280622727,-1.0838352638927171,0.3925396774119123,-0.6269231733943506,-0.7388669345388903,-0.12066422197309656,0.602284864429788,0.591808933890479,0.8520727053046208,-1.0690225651919638,0.8276807649735064,-0.1232314922460733,1.8350069105461364,-0.30620262404668114,-0.36330420181568013,-0.0906341011340751,0.028757745893186325,-0.016690494278166337,-0.12160582167947616,-0.00936231329632248,0.007672258992132434,1
data/Split/Diseased/gpe_pv/pre_processed_data/6-OHDA_mice_PV-DIO-ChR2_in_GPe/Neuron_0114,AG6926,3,051321,1.4,1,6-OHDA mice,114,4,right,raw_data/Spike times files GPe to SNr project/6-OHDA mice/PV-DIO-ChR2 in GPe/AG6926_mouse#3_6-OHDA_recorded_051321/Trajectory1_1.4mm_right_in_SNr_1mW_10s_GPe_stim_neurons_recorded_together/Neuron_recorded_in_Ch4.txt,41.97503128709928,0.7850056113271598,2.2215197617127753,207.659937264057,0.047189756622488255,0.20095503382411462,0.021242105263157913,0.4267299242424242,35.20106725148121,5.899251172713207,47.1,0.6087353777322779,1.0,165.41647312290883,0.018442499999994765,0.08623919574577468,0.015289999999995274,0.8667124999999984,44.000125082732175,4.1408565021073995,-0.6650279309919702,0.13494236953662306,-0.4,-0.5830321588376962,-0.2249798216983659,-0.2131692677070828,-0.2249798216983659,0.10005211213452295,-0.6773891621920056,-0.3499046801806731,data/Split/Diseased,-0.6077186765079918,0.909583241828138,-0.8999578483093805,-1.3999964306951012,-0.4188560758740148,-0.39815617531188335,-0.41897629408709774,0.6627392097292627,-0.625123387214127,-0.7859793165489919,1.2355684478198434,-0.4269981562723299,0.15025025941027056,1.2069298993543878,-0.47762963465879926,-0.5192278349286572,-0.3114082723732398,0.17483439979456825,1.3374505219043535,0.03212320441712235,-1.8273725180159086,0.6112753880382956,0.5211217614447904,1.397782346011942,-0.667212703362913,0.13338557059717138,0.12006269923954739,-0.03564089454788094,0.004567942550363692,-0.010004361012010115,2
data/Split/Diseased/gpe_pv/pre_processed_data/6-OHDA_mice_PV-DIO-ChR2_in_GPe/Neuron_0006,AG6927,3,060121,1.7,2,6-OHDA mice,6,5,right,raw_data/Spike times files GPe to SNr project/6-OHDA mice/PV-DIO-ChR2 in GPe/AG6927_mouse#3_6-OHDA_recorded_060121/Trajectory2_1.7mm_right_in_SNr_1mW_10s_GPe_stim_neurons_recorded_together/Neuron_recorded_in_Ch5.txt,42.837893491697656,0.5355165771080268,1.4702553148476574,175.54659473036943,0.05263346952686996,0.2059282371294852,0.03579886363636349,0.628250581395349,35.90623112431826,4.889028707094707,44.3,0.5647716741844788,1.7,149.4476101233935,0.05482499999999675,0.21055146832915836,0.029073749999998687,0.56777333333333,36.43230120535908,4.258933527902687,-0.5645457573106697,0.1577929218799516,-0.16666666666666666,-0.2299747533460405,-0.1109358744269712,0.049477249865555815,-0.04409977570196009,0.08413540031473696,-0.6150475277718777,0.12666392343733326,data/Split/Diseased,-0.39042905107362463,0.9592123850877102,-0.24702135647952192,-0.4107145950697795,-0.09502113206899904,0.345218628691439,0.10563274477932355,0.5608828047352933,-0.48880859390730436,0.568771326669558,1.078320738551195,-0.6184905644591443,1.0569525976823284,0.9858360562516978,1.2095797355299562,0.7338441100647553,0.8360313743395866,-1.3440856390981961,0.8754170749562796,0.07082060985293767,-0.11242110547779081,-0.015908725336171284,0.8870736108049201,1.0877798889199832,-0.08834755995005285,0.586270142979608,-0.26153001092044476,-0.058012502724581624,0.03350884255881818,-0.00014916282876415013,1
data/Split/Diseased/gpe_pv/pre_processed_data/6-OHDA_mice_PV-DIO-ChR2_in_GPe/Neuron_0094,AG6926,3,051321,1.0,3,6-OHDA mice,94,7,right,raw_data/Spike times files GPe to SNr project/6-OHDA mice/PV-DIO-ChR2 in GPe/AG6926_mouse#3_6-OHDA_recorded_051321/Trajectory3_1.0mm_right_in_SNr_1mW_10s_GPe_stim_neurons_recorded_together/Neuron_recorded_in_Ch7.txt,6.377810534183154,0.9813304640144622,0.5480930927813649,37.989068416671365,0.06554362945585186,0.3333333333333333,0.11958484848484911,1.7123757812499993,4.550104021421038,8.349054931013871,4.5,0.5744571484239965,0.2,8.401203035570498,0.018182500000000344,0.08441558441558442,0.018182500000000344,1.0,3.89166702221923,1.5524457483207486,0.18875152625152625,0.27837708009200657,0.1,0.1096221959858408,0.07641627152482348,0.0736842105263158,0.07641627152482348,0.0,0.18731783864024204,0.07798708166038801,data/Split/Diseased,1.238553270757028,1.221109269365356,0.4991917770403164,0.5408504710699904,0.4369770415093589,0.4137321761125726,0.4551671964947961,0.022472013246651306,1.265625182113619,0.4303967417587518,-1.1568431289103038,-0.5763036093828936,-0.8859809843292243,-0.9669950375976123,-0.4896869269350211,-0.5376098992972478,-0.0706197222238359,0.8520727053046208,-1.1112651762605987,-0.8161771291919261,1.868579604872401,1.4426634779934753,0.359978638949349,0.032843324833391,0.08230734288878831,-0.06286142474797597,0.028180844398991635,0.002055888196801981,0.006160705529057316,-0.012200082318991164,1
data/Split/Diseased/gpe_pv/pre_processed_data/6-OHDA_mice_PV-DIO-ChR2_in_GPe/Neuron_0130,AG7518,4,022222,1.4,1,6-OHDA mice,130,8,right,raw_data/Spike times files GPe to SNr project/6-OHDA mice/PV-DIO-ChR2 in GPe/AG7518_mouse#4_6-OHDA_recorded_022222/Trajectory1_1.4mm_right_rec1_1mW_10s_GPe_cont_neurons_recorded_together/Ch8.txt,12.167958818504008,1.043059553416693,0.9990534608876975,66.39585505825546,0.06074757377305343,0.2926315789473684,0.06080512820512816,0.925820394736842,9.163915446515873,7.245358760211959,9.7,0.9231440955997918,0.5,24.95285886083636,0.0327725000000072,0.16240981240981242,0.02658375000000319,0.9724324999999965,7.950331133605495,3.680237005691177,-0.5814154127083189,-0.6292625050941032,-0.3,-0.3,-0.3,-0.3,-0.3,0.015987415365435218,-0.5433347607577208,-0.3,data/Split/Diseased,-0.4269091645929463,-0.7501942827088074,-0.6201279232394411,-0.6069283083991327,-0.6318805791976171,-0.6439153012894844,-0.6365584127647426,0.12478087406577466,-0.3320030962022435,-0.6441143320302584,-0.8648116688399573,0.9424697838869789,-0.4973942679269137,-0.7378322477213309,0.18691266658010744,0.2485745774239222,0.6287492689394552,0.7120013033565721,-0.8634741864365649,-0.11883570807583684,-1.857349083450674,0.04320992217692378,-0.3360349362936083,-0.19787737498245278,-0.032495045072384675,0.0014511009551155239,-0.015362441055076068,-0.04557369632561369,-0.003298564138374252,0.002661359077903245,2
data/Split/Diseased/gpe_pv/pre_processed_data/6-OHDA_mice_PV-DIO-ChR2_in_GPe/Neuron_0046,AG6926,2,051121,1.4,1,6-OHDA mice,46,13,right,raw_data/Spike times files GPe to SNr project/6-OHDA mice/PV-DIO-ChR2 in GPe/AG6926_mouse#2_6-OHDA_recorded_051121/Trajectory1_1.4mm_right_in_SNr_1mW_10s_GPe_stim_neurons_recorded_together/Neuron_recorded_in_Ch13.txt,5.070499118917382,0.882582105142168,0.5670952961947071,28.148658018709426,0.07785301056715382,0.3815789473684211,0.13728382352941204,1.5749218749999996,3.4004377159187515,8.277951361065893,15.6,0.6542231831484384,0.3,20.227767098841053,0.014402499999997076,0.06408333333333333,0.014402499999997076,1.0,14.879830080487192,1.5997920305190765,-0.1035121168140036,-0.13517100812060853,0.1,0.11037088579063825,0.08962911420936177,0.08433962264150943,0.08962911420936177,-0.028006144294924613,-0.12182220999552695,0.09006017099927431,data/Split/Diseased,0.6065420870498145,0.3229236585208856,0.4991917770403164,0.5429483316809938,0.47449573733343103,0.44389044725932814,0.4934885970851443,-0.15674874591023244,0.5896666156657644,0.4647171426901598,-0.5334682814524486,-0.22886722781669352,-0.7564520788617873,-0.803252603366195,-0.664981406954774,-0.7425596832587735,-0.3852889424706599,0.8520727053046208,-0.4404119778109933,-0.8006603233970061,1.3534731909034339,0.29937366379204056,0.16459299134959132,-0.2564776356504395,0.025995794809181884,-0.025793729435399745,-0.002435406321346556,0.016773283995705948,0.0035839023167182514,3.098821638042893e-05,1
data/Split/Diseased/gpe_pv/pre_processed_data/6-OHDA_mice_PV-DIO-ChR2_in_GPe/Neuron_0110,AG6926,3,051321,1.4,1,6-OHDA mice,110,10,right,raw_data/Spike times files GPe to SNr project/6-OHDA mice/PV-DIO-ChR2 in GPe/AG6926_mouse#3_6-OHDA_recorded_051321/Trajectory1_1.4mm_right_in_SNr_1mW_10s_GPe_stim_neurons_recorded_together/Neuron_recorded_in_Ch10.txt,17.34492116934235,0.7348192990838524,0.6027192684327457,69.63990670134461,0.03083076480052518,0.11776061776061776,0.05115277777777802,1.4002558823529412,15.789164556262289,4.410613775871003,21.9,0.6385065793256006,0.5,33.502721399082546,0.02269250000000227,0.09145299145299143,0.019915000000003145,0.9136374999999987,20.4811355312612,2.191585053859378,-0.02980381544993118,0.10971474345443341,0.19999999999999998,0.18804770060595535,0.19345114292905424,0.1930237612286294,0.20001881547445186,-0.12807552090868365,-0.05799226273385748,0.19465565374918686,data/Split/Diseased,0.7659340329844325,0.8547913291373511,0.7790217021102558,0.7606020637674639,0.7693049020509123,0.7515017986952967,0.8136534597288712,-0.7971264236159126,0.7292357198237173,0.7620527129678423,-0.1796609355979903,-0.2973239335007616,-0.4973942679269137,-0.6194567587063683,-0.28053928013905816,-0.4666725964805936,0.07360367038940023,0.4132619153984995,-0.09843910598347405,-0.6067118867384618,2.3378122390211784,0.26773641591544606,-0.16519217452816076,0.1317604408288224,-0.039393427493614006,-0.03809168893881749,-0.03894995386097299,0.006626169153995477,0.027861444011873467,-0.010795650732092526,1
data/Split/Diseased/gpe_pv/pre_processed_data/6-OHDA_mice_PV-DIO-ChR2_in_GPe/Neuron_0017,AG7518,2,020122,1.7,5,6-OHDA mice,17,12,left,raw_data/Spike times files GPe to SNr project/6-OHDA mice/PV-DIO-ChR2 in GPe/AG7518_mouse#2_6-OHDA_recorded_020122/Trajectory5_1.7mm_left_rec21_1mW_10s_GPe_neurons_recorded_together/Ch12.txt,21.577357590067884,0.954607970925948,1.7583411307389427,117.63591745803029,0.0633216319917609,0.30151338766006985,0.036012142857142854,0.5260543478260871,16.090363481311044,7.310954634099124,22.3,0.8693009776613627,1.5,124.36929316080011,0.03878999999999806,0.21543049932523614,0.026312916666666554,0.7559050000000056,17.97697797086745,6.910018574827612,-0.6525319779188143,-0.3686783120559221,-0.82,-0.7969338212146131,-0.8095461658841765,-0.8052631578947368,-0.7893426930440157,0.14793848026387144,-0.6067109822598244,-0.7841059320914183,data/Split/Diseased,-0.5806965604128185,-0.18423114741296795,-2.0752435336031256,-1.9993579676804667,-2.07876888798691,-2.0739738622838146,-2.0558061714657128,0.969180223495058,-0.4705800939820353,-2.0202914824084974,-0.15719697713104044,0.70794567681064,0.7978947867474548,0.6386190079261256,0.4659694214786127,0.7830249088136274,0.606203524543208,-0.3881822637170095,-0.251323814729024,0.939661201108548,-4.9168530428159585,1.7894115317183064,-0.3635023159095143,0.6715810716432655,0.04889285898974502,-0.04434377061845439,-0.0619310089252083,-0.006056455174636667,-0.005793586723546635,0.01392521875698282,2
data/Split/Diseased/gpe_pv/pre_processed_data/6-OHDA_mice_PV-DIO-ChR2_in_GPe/Neuron_0073,AG6926,1,050621,1.7,2,6-OHDA mice,73,3,right,raw_data/Spike times files GPe to SNr project/6-OHDA mice/PV-DIO-ChR2 in GPe/AG6926_mouse#1_6-OHDA_recorded_050621/Trajectory2_1.7mm_right_in_SNr_1mW_10s_GPe_stim_neurons_recorded_together/Neuron_recorded_in_Ch3.txt,4.300409327571228,0.6104168956050254,0.06641558807059811,17.840572598653694,0.012877982526888957,0.05019305019305019,0.19389999999999974,13.903791666666669,4.137845771891159,4.311560551591039,4.2,0.23506790701571462,0.0,0.0,0.0,0.0,0.0,1.0,4.2,0.0,-1.0,-0.7,0.0,0.0,0.0,0.0,0.0,0.0,-1.0,0.0,data/Split/Diseased,-1.3320855242693184,-0.9038291365084347,0.21936185197037703,0.23368442502959813,0.21998824388259466,0.20518196930089944,0.23353596825423217,0.022472013246651306,-1.3305368734563014,0.20870137987369894,-1.1736910977605162,-2.054579048104924,-1.145038795264098,-1.0833122898576288,-1.332885837770064,-1.3885218676263587,-1.5842369436876027,0.8520727053046208,-1.092440722779625,-1.3249604605406522,-0.630220505783408,-2.0171523617548486,0.2681201054094638,0.04864332040011081,0.07584004159146054,-0.06098338895415456,0.0028050996643411274,-0.032216524239824754,-0.001313687745837542,0.0009062688859774704,2
data/Split/Diseased/gpe_pv/pre_processed_data/6-OHDA_mice_PV-DIO-ChR2_in_GPe/Neuron_0040,AG6926,2,051121,1.4,4,6-OHDA mice,40,1,left,raw_data/Spike times files GPe to SNr project/6-OHDA mice/PV-DIO-ChR2 in GPe/AG6926_mouse#2_6-OHDA_recorded_051121/Trajectory4_1.4mm_left_in_SNr_1mW_10s_GPe_stim_neurons_recorded_together/Neuron_recorded_in_Ch1.txt,16.31084625270854,1.0194415763675417,1.6896363810498078,133.621301865768,0.05746980297752428,0.3630769230769231,0.03401311881188131,0.5400294999999999,11.0221979256614,12.12292709375838,27.8,0.9456289282428466,1.9,162.8235500001801,0.04561999999999813,0.2619848022070453,0.024441249999997673,0.525860000000003,21.843819134481336,9.054892228017781,-0.31553659530639544,0.12709677374924327,-0.3833333333333333,-0.1610843142201548,-0.3626198629903502,-0.12834124560103524,-0.19930132953934657,0.33539239220315076,-0.3640705123773101,0.08189426992496263,data/Split/Diseased,0.1480456410966105,0.8925433825092779,-0.8533195274643905,-0.21768066060072488,-0.8096936091543963,-0.1580653685124643,-0.34450058828508934,2.1687610030161295,0.0599720130898692,0.44150378023007175,0.15168245178951847,1.0404068183730466,1.3160104086172022,1.1710300774264695,0.7827052147415462,1.2522938687290022,0.45039508788655197,-1.5570487064896623,-0.015244067026784295,1.642601038956421,-1.0027960088661336,1.2224245014651869,2.013084236760742,0.42030405551843925,0.5019513321726612,0.6242069332511252,-0.6251203093975225,0.020203289448750026,-0.16672085115795196,0.02435103368724868,1
data/Split/Diseased/gpe_pv/pre_processed_data/6-OHDA_mice_PV-DIO-ChR2_in_GPe/Neuron_0054,AG7518,1,012722,1.7,2,6-OHDA mice,54,13,right,raw_data/Spike times files GPe to SNr project/6-OHDA mice/PV-DIO-ChR2 in GPe/AG7518_mouse#1_6-OHDA_recorded_012722/Trajectory2_1.7mm_right_rec7_1mW_10s_GPe_cont_neurons_recorded_together/Ch13.txt,24.45368685414493,0.9199371809711178,1.680273346215429,135.1719166169301,0.052128441399651226,0.25083388925950634,0.031023786407766898,0.5500465686274512,19.3273796513499,6.99380459510398,11.9,0.9160916877215974,0.5,28.10574707234813,0.024860000000003168,0.12080213903743316,0.021858750000003015,0.9172224999999997,10.46796333936619,2.6949950846502055,-0.19644837428018208,-0.1427231385354948,-0.2333333333333333,-0.22854108790832908,-0.2068203701837367,-0.19523809523809524,-0.17277477078764197,0.0706157094414472,-0.1690675274008329,-0.18750292399994953,data/Split/Diseased,0.40557027449580424,0.30652117701217096,-0.43357463985948147,-0.4066974036617232,-0.3672911739088503,-0.3474051433055408,-0.2675652225596631,0.474365744894375,0.48636108419031465,-0.32431675217660294,-0.7412598972717337,0.9117516582713149,-0.4973942679269137,-0.6941795360926156,-0.18002319933412603,-0.1708321884238039,0.23541274363125053,0.4314774219182724,-0.7097668188995087,-0.4417292245248744,-0.6349813870776926,1.1396141883649271,0.23640357933001221,0.0034889055288427023,-0.08953991562819555,0.03899781716502539,-0.07468577254895913,-0.03377296399726723,-0.0018807775103029684,0.0011787786943060305,1
data/Split/Diseased/gpe_pv/pre_processed_data/6-OHDA_mice_PV-DIO-ChR2_in_GPe/Neuron_0103,AG6926,3,051321,1.0,6,6-OHDA mice,103,10,left,raw_data/Spike times files GPe to SNr project/6-OHDA mice/PV-DIO-ChR2 in GPe/AG6926_mouse#3_6-OHDA_recorded_051321/Trajectory6_1.0mm_left_in_SNr_1mW_10s_GPe_stim_neurons_recorded_together/Neuron_recorded_in_Ch10.txt,38.16361200548457,0.7420447429119831,0.860584485813182,150.80737974492442,0.023205164168903038,0.08673026886383348,0.026964423076923184,1.1269369999999999,35.68167070189201,4.226466327904537,37.2,0.6147325268676683,0.4,66.07222380753255,0.010330000000005057,0.04089600186424315,0.010330000000005057,1.0,36.11769369548612,2.0106478652649113,0.08591918684233704,-0.03460334435612842,0.03333333333333333,0.03224713665166808,0.04782427438416046,0.04778635924098005,0.015402331790008389,-0.09779459031794634,0.07744485099370729,0.0055077523764567315,data/Split/Diseased,1.0161814838604566,0.5413466934329968,0.3126384936603568,0.32404227064962654,0.3557882716635943,0.34043285997745854,0.27820757607115293,-0.6033485400451154,1.0253794179408915,0.2243583724200945,0.6795854757628375,-0.4008764140732728,-0.6269231733943506,-0.16852193287405398,-0.8538403407850459,-0.9762887748389358,-0.7243075666641972,0.8520727053046208,0.8562095465336161,-0.6660104649190796,1.3822222436052714,0.9821533262616238,-0.40363639612215657,-0.19966341146999342,-0.10293254383261388,-0.0023890981020969334,0.043096515173189485,0.008097610071021612,-0.0596147394200406,-0.002294728388550873,1
data/Split/Diseased/gpe_pv/pre_processed_data/6-OHDA_mice_PV-DIO-ChR2_in_GPe/Neuron_0093,AG6926,3,051321,1.0,3,6-OHDA mice,93,14,right,raw_data/Spike times files GPe to SNr project/6-OHDA mice/PV-DIO-ChR2 in GPe/AG6926_mouse#3_6-OHDA_recorded_051321/Trajectory3_1.0mm_right_in_SNr_1mW_10s_GPe_stim_neurons_recorded_together/Neuron_recorded_in_Ch14.txt,7.663127584439539,0.8768718383095492,0.49760568730126875,46.8129686124789,0.0428231161063351,0.23376623376623376,0.0860583333333335,1.806844642857143,6.134443078346717,7.631168471954488,13.0,0.7116145549892002,0.6,36.140538324982344,0.027965000000003216,0.1324561403508772,0.02341375000000312,0.9435524999999985,11.346671245473079,3.3827541282980933,-0.09741161816801416,0.005986521485032204,-0.1,-0.12634788824005883,-0.0879669033051449,-0.07219132369299222,-0.0879669033051449,0.03932185089079062,-0.08916160182494273,-0.07635567089828688,data/Split/Diseased,0.6197342286724095,0.6295038739007116,-0.06046807309956236,-0.12034772062514738,-0.02979929741262056,0.0008571162741441013,-0.021595726017254673,0.27410579381595374,0.6610815551914896,-0.008356339576390388,-0.6794840114876219,0.021111984944206495,-0.3678653624594769,-0.5829353681999677,-0.03603130503230835,-0.05335945794180111,0.3648600022247482,0.5652610444190967,-0.6561196345440481,-0.21632982633599174,0.26929266609786523,1.107390728991346,0.27617571101860433,0.08607115784217823,-0.060144977591867876,0.0747886501501579,0.015207147296700155,-0.025532473995599072,0.00758980622771807,-0.0009096127279722714,1
data/Split/Diseased/gpe_pv/pre_processed_data/6-OHDA_mice_PV-DIO-ChR2_in_GPe/Neuron_0030,AG6926,2,051121,1.0,3,6-OHDA mice,30,10,right,raw_data/Spike times files GPe to SNr project/6-OHDA mice/PV-DIO-ChR2 in GPe/AG6926_mouse#2_6-OHDA_recorded_051121/Trajectory3_1.0mm_right_in_SNr_1mW_10s_GPe_stim_neurons_recorded_together/Neuron_recorded_in_Ch10.txt,10.481168374453532,0.8175587392360055,0.6519387027172052,55.86279414401464,0.04021458813145586,0.20095693779904306,0.0616846153846153,1.5366437500000003,8.725809717260251,6.402018374697559,9.5,0.6806742208512812,0.3,18.73447066287645,0.015022499999998473,0.07932692307692309,0.015022499999998473,1.0,8.736943571944071,2.0568578092991396,0.07610693827492858,-0.03786355039423326,0.2,0.20596157740477655,0.1940384225952235,0.18700653594771238,0.1940384225952235,-0.024637771476646593,0.03073135228201887,0.1885154023663103,data/Split/Diseased,0.9949627966270028,0.5342658478547468,0.7790217021102558,0.810797506908006,0.7709725195110407,0.7344711001534496,0.7963084389271963,-0.1351933926542471,0.9232367490687645,0.7445977034533185,-0.8760436480734322,-0.11365462059741047,-0.7564520788617873,-0.8239277539970812,-0.6362294022954096,-0.5889037790448974,-0.3336765306840721,0.8520727053046208,-0.8154496469934037,-0.6508660714402066,2.1940621646221707,0.47471447157032914,0.3532383801629625,-0.4108822386831845,-0.003972452818675456,-0.0025691122674365557,0.010742792815919616,0.052858903033910845,0.006514772960864223,-0.0015166576452926282,1
data/Split/Diseased/gpe_pv/pre_processed_data/6-OHDA_mice_PV-DIO-ChR2_in_GPe/Neuron_0003,AG6927,3,060121,1.0,3,6-OHDA mice,3,5,right,raw_data/Spike times files GPe to SNr project/6-OHDA mice/PV-DIO-ChR2 in GPe/AG6927_mouse#3_6-OHDA_recorded_060121/Trajectory3_1.0mm_right_in_SNr_1mW_10s_GPe_stim_neurons_recorded_together/Neuron_recorded_in_Ch5.txt,26.820821606309696,0.9626507923047944,2.2836569121314416,178.7087691163636,0.053930744460006175,0.3079710144927536,0.023615957446808482,0.4097989130434782,19.618844876310114,9.109036247702619,32.7,0.7975282219440435,2.4,193.27183121903485,0.05554249999999108,0.2669158049693307,0.022897708333330158,0.46645166666666993,25.061647389806875,8.143743831856574,-0.045283968667797846,-0.008058869129833581,-0.17,-0.08558844589927703,-0.1860612830556863,-0.16194683007739172,-0.1240371469381872,0.0797287272866414,-0.030708677215330375,-0.057870323143924915,data/Split/Diseased,0.7324586754046349,0.5989986724294948,-0.25634902064851994,-0.006138033161429591,-0.30834444350887746,-0.2531800686973605,-0.12621078037423986,0.5326830183907455,0.7888933844842744,0.044192310440037665,0.4268659430096529,0.3953255669154296,1.9636549359543864,1.5925959403656393,1.242853224792673,1.3019985446527758,0.32190168770974503,-1.858904461904404,0.18121191617073126,1.343990207078147,0.030516871577795895,1.3959806301117905,0.41165060038793655,-0.06276513744379127,0.1878487741327513,0.0615587520109149,-0.22922237304546847,-0.011224140340060052,0.01727449950684387,0.038493795176262134,1
data/Split/Diseased/gpe_pv/pre_processed_data/6-OHDA_mice_PV-DIO-ChR2_in_GPe/Neuron_0106,AG6926,3,051321,1.0,6,6-OHDA mice,106,7,left,raw_data/Spike times files GPe to SNr project/6-OHDA mice/PV-DIO-ChR2 in GPe/AG6926_mouse#3_6-OHDA_recorded_051321/Trajectory6_1.0mm_left_in_SNr_1mW_10s_GPe_stim_neurons_recorded_together/Neuron_recorded_in_Ch7.txt,16.474095604502256,0.7346443548343026,0.6304286334049202,69.54517811735701,0.03593194357000117,0.13997985901309165,0.05699605263157887,1.3903472972972974,14.696113961996607,4.732215488883473,17.7,0.5807520659381991,0.1,7.848266841070282,0.003822500000001128,0.023076923076923078,0.003822500000001128,1.0,17.43974422292117,0.7548266841070281,0.009298652079131836,0.011231356325808125,0.0,0.0,0.0,0.0,0.0,0.0,0.013514778883448425,0.0,data/Split/Diseased,0.85049192232606,0.6408951372616457,0.21936185197037703,0.23368442502959813,0.21998824388259466,0.20518196930089944,0.23353596825423217,0.022472013246651306,0.8855913830768818,0.20870137987369894,-0.41553249950096255,-0.5488848794567079,-1.0155098897966612,-0.9746506100849172,-1.1556204542052164,-1.1559056964026608,-1.2660297758588197,0.8520727053046208,-0.2841231985945233,-1.077580972177662,0.9946120353612284,1.0445132014599028,0.17002386401770525,-0.10871089914388195,-0.01611199555318025,0.0008627331659515291,0.004030320314912612,-0.00987416528486971,-0.0005012171952117372,0.0014968710672841857,1
data/Split/Diseased/gpe_pv/pre_processed_data/6-OHDA_mice_PV-DIO-ChR2_in_GPe/Neuron_0057,AG7518,1,012722,1.4,1,6-OHDA mice,57,13,right,raw_data/Spike times files GPe to SNr project/6-OHDA mice/PV-DIO-ChR2 in GPe/AG7518_mouse#1_6-OHDA_recorded_012722/Trajectory1_1.4mm_right_rec1_1mW_10s_GPe_cont_neurons_recorded_together/Ch13.txt,39.564239665667074,0.5421746532080064,1.0570598383956853,181.59712850327185,0.03260840840765234,0.13231552162849872,0.030848214285714028,0.8750701219512198,35.48643274846193,5.117367806183413,46.6,0.5270703963771982,1.6,167.76088358030952,0.04333499999999475,0.1673837204885048,0.024879791666665575,0.5908512500000029,39.79548253508647,3.951269240598125,-0.7124315347062925,-0.014679919963489904,-0.8,-0.8,-0.8,-0.8,-0.8,0.35691370401724665,-0.6725669196286332,-0.8,data/Split/Diseased,-0.7102275188026835,0.5846184038296253,-2.0192775485891383,-2.007949530780351,-2.0516619509979703,-2.059077418940124,-2.086715714463034,2.3064831328729434,-0.6145791818140639,-2.0654738518701876,1.2074884997361564,-0.7827057669201227,0.9274236922148918,1.239388986632711,0.6767401653115513,0.298711740399564,0.486901850927825,-1.2268259622489823,1.0807472052109408,-0.030010263754830575,-5.0992722295425486,2.1536127397998026,1.0348740525470084,1.1486336163971698,0.23283057858155598,-0.11374823645470493,0.12801710203855854,0.01138533424527751,-0.005276015755721293,4.927143604280249e-05,2
data/Split/Diseased/gpe_pv/pre_processed_data/6-OHDA_mice_PV-DIO-ChR2_in_GPe/Neuron_0044,AG6926,2,051121,1.7,5,6-OHDA mice,44,3,left,raw_data/Spike times files GPe to SNr project/6-OHDA mice/PV-DIO-ChR2 in GPe/AG6926_mouse#2_6-OHDA_recorded_051121/Trajectory5_1.7mm_left_in_SNr_1mW_10s_GPe_stim_neurons_recorded_together/Neuron_recorded_in_Ch3.txt,14.469898277281926,1.0284600527257246,1.2336088393074454,109.36626910442024,0.04892175919288634,0.3064516129032258,0.03965743243243238,0.7801194444444445,10.55178657346506,10.364715808358685,18.2,0.9555049093106799,1.6,106.00063641637321,0.053832500000016735,0.31428424001179417,0.03051541666667591,0.5839537499999949,12.684688242739565,8.864739939340732,-0.04896012792239207,-0.02358293225198424,-0.35333333333333333,-0.29083890740061963,-0.3056073915916072,-0.3038006796502961,-0.15381154536009878,0.3017304720183721,0.01625422210820599,-0.2781641009878345,data/Split/Diseased,0.7245090935215698,0.5652819402873591,-0.7693705499434088,-0.58125853809527,-0.6478031194499247,-0.6546724570143339,-0.21256590292465818,1.9533470271876978,0.8915813870354247,-0.582041006159849,-0.38745255141727536,1.083423562761531,0.9274236922148918,0.38429927881436904,1.1635533409754717,1.779473984498348,0.9560441060482551,-1.2618723935516996,-0.5744305498957496,1.5802823943265891,-1.1857004253060142,2.11218639735709,1.4833893657829964,-0.243522685279389,-0.12047426668085157,-0.09274149111440767,-0.21698654302545167,-0.0370248412510284,0.012455503686569726,-0.04455252525358309,1
data/Split/Diseased/gpe_pv/pre_processed_data/6-OHDA_mice_PV-DIO-ChR2_in_GPe/Neuron_0120,AG7518,4,022222,1.4,4,6-OHDA mice,120,13,left,raw_data/Spike times files GPe to SNr project/6-OHDA mice/PV-DIO-ChR2 in GPe/AG7518_mouse#4_6-OHDA_recorded_022222/Trajectory4_1.4mm_left_rec19_1mW_10s_GPe_cont_neurons_recorded_together/Ch13.txt,29.04458950543646,0.7837488702114047,1.0279912820202022,118.67027180329923,0.03606600010893598,0.13312202852614896,0.0350839552238802,0.8489071969696973,26.120164695517417,4.543243627543616,32.1,0.5889700595772992,0.3,27.628410401939185,0.016774999999995543,0.05587301587301587,0.016774999999995543,1.0,31.13969608319153,1.1558503004547949,-0.7375739658625121,-0.3273306775959597,0.2,0.21388101983001578,0.17238095238096415,0.2337579617834395,0.17238095238096415,-0.05158261726336549,-0.8072505686948261,0.2612705579592749,data/Split/Diseased,-0.764597256720296,-0.09442816833281382,0.7790217021102558,0.8329881207223787,0.7094747739699879,0.8667927937311984,0.7334949617921533,-0.3076225448576822,-0.9090753713194695,0.9514201694923096,0.39317000530922824,-0.5130898197728886,-0.7564520788617873,-0.7007884098062769,-0.5549586149319603,-0.825319963118612,-0.187788221562072,0.8520727053046208,0.5522910842416376,-0.9461534284482723,1.1743535431671404,-1.839810895376105,0.40666532158024943,0.2849253431948307,0.2129871481128618,0.0994652935479288,-0.05165654439582481,0.02884613296140013,-0.020825724459464935,-0.020894500440092265,1
data/Split/Diseased/gpe_pv/pre_processed_data/6-OHDA_mice_PV-DIO-ChR2_in_GPe/Neuron_0121,AG7518,4,022222,1.4,4,6-OHDA mice,121,14,left,raw_data/Spike times files GPe to SNr project/6-OHDA mice/PV-DIO-ChR2 in GPe/AG7518_mouse#4_6-OHDA_recorded_022222/Trajectory4_1.4mm_left_rec19_1mW_10s_GPe_cont_neurons_recorded_together/Ch14.txt,8.121739252582898,0.9752744412283251,0.740661755738692,51.40226648056141,0.06563540158871918,0.330188679245283,0.08861724137930996,1.281521428571429,5.8221735978094395,8.82870728895841,14.7,0.7869047001073861,0.9,65.81665837569498,0.03451249999999817,0.20699646971386101,0.023891249999999788,0.7942750000000046,12.00839033000731,6.141698069747311,0.06794338027608704,-0.11817528329454337,-0.06666666666666667,0.03119059261086572,-0.04957012719935831,-0.06672059647669401,0.01445808230522887,0.09036033002706322,0.1171196031505795,-0.07439749085581542,data/Split/Diseased,0.977309352291631,0.35983669456131734,0.03280856859041745,0.3210817894025375,0.07923075749174881,0.01634104809915523,0.27546895550119715,0.6007182285977467,1.1121313244327322,-0.002789783886535654,-0.5840121880030856,0.34905276422229586,0.020721353942833736,-0.17206031525549725,0.26760377642998145,0.6980096028455945,0.40460988388260005,-0.19322299309958665,-0.6157201280950687,0.6878593803098952,0.656597797362027,1.3299503840207865,0.5695904840920025,-0.5726091852274848,0.004760148875618463,-0.1850979890433216,-0.10841336637666461,-0.01828472026855669,-0.07972698263389463,-0.022486974119991624,1
data/Split/Diseased/gpe_pv/pre_processed_data/6-OHDA_mice_PV-DIO-ChR2_in_GPe/Neuron_0024,AG7518,2,020122,1.4,1,6-OHDA mice,24,16,right,raw_data/Spike times files GPe to SNr project/6-OHDA mice/PV-DIO-ChR2 in GPe/AG7518_mouse#2_6-OHDA_recorded_020122/Trajectory1_1.4mm_right_rec1_1mW_10s_GPe_neurons_recorded_together/Ch16.txt,32.56609530462654,0.9612831665561803,2.5169379651840704,182.09150859615872,0.0686507671524189,0.35331230283911674,0.02727551020408176,0.3402247422680411,22.612455602373768,8.052708286005146,20.2,0.6917367126659528,0.9,122.00937968754326,0.03178999999999519,0.1664257362864174,0.02841749999999621,0.9069950000000006,17.722382796685558,7.186502367508732,0.0814018621428562,0.039584424645193614,0.16666666666666666,0.06767486005473729,0.21442199938534948,0.1559686106892987,0.17019837843935734,-0.1059201828292565,0.06217365426648898,0.03174507538270832,data/Split/Diseased,1.0064129074458097,0.7024752018626683,0.6857450604202759,0.4233122553463299,0.8288529647456065,0.6466237080810918,0.7271648107163183,-0.6553469459356546,0.9919877681264221,0.29894371008019627,-0.27513275908252666,-0.06546979932012183,0.020721353942833736,0.6059452766023606,0.1413500140347732,0.2890552269883284,0.7814013013799095,0.3795111477394978,-0.26686744891101233,1.0302732854640826,2.0407604677594255,0.687692777103937,-0.2054835974184322,-0.12071744438859643,-0.3827996530375486,-0.15298169659774158,0.2197027450799653,0.021118797446424337,0.006994688409733947,-0.03282088201370287,1
data/Split/Diseased/gpe_pv/pre_processed_data/6-OHDA_mice_PV-DIO-ChR2_in_GPe/Neuron_0005,AG6927,3,060121,1.7,2,6-OHDA mice,5,10,right,raw_data/Spike times files GPe to SNr project/6-OHDA mice/PV-DIO-ChR2 in GPe/AG6927_mouse#3_6-OHDA_recorded_060121/Trajectory2_1.7mm_right_in_SNr_1mW_10s_GPe_stim_neurons_recorded_together/Neuron_recorded_in_Ch10.txt,29.904610294087007,4.071454686243205,2.7504240237036544,146.1858420567243,0.12439292724294995,0.5596432552954292,0.04522681818181818,0.315959756097561,15.039504876654645,9.72012331892947,27.9,1.0486940998801102,2.0,138.14277525067624,0.06997749999999811,0.3365490746575939,0.042743958333333804,0.5520591666666663,19.625500840200708,7.42214079410631,-0.7666119027476971,-0.5773328725800626,-0.6666666666666666,-0.5957551985190251,-0.680557256772832,-0.5642124185454274,-0.6185599677259194,0.33401908619987164,-0.7977544267957846,-0.4649826136414452,data/Split/Diseased,-0.8273909065589324,-0.6374082487988346,-1.6461709818292185,-1.4356469279085817,-1.7124967873366381,-1.3917221127661727,-1.5604825392177704,2.1599727549134804,-0.888311324431373,-1.1131135490449404,0.1572984414062558,1.4893270940624905,1.445539314084639,0.829317123894007,1.9122648171429848,2.003904276655184,1.9740191512862735,-1.423929852590337,-0.15067761629302615,1.1074991104616838,-4.3367630209331365,0.7926822154513198,1.1046562699309093,0.12409663141678842,0.29988931143156117,0.35527989940623234,-0.1862974381324975,0.05313166682002993,-0.04249438756253224,-0.0036565450057068206,2
data/Split/Diseased/gpe_pv/pre_processed_data/6-OHDA_mice_PV-DIO-ChR2_in_GPe/Neuron_0009,AG6927,3,060121,1.4,4,6-OHDA mice,9,7,left,raw_data/Spike times files GPe to SNr project/6-OHDA mice/PV-DIO-ChR2 in GPe/AG6927_mouse#3_6-OHDA_recorded_060121/Trajectory4_1.4mm_left_in_SNr_1mW_10s_GPe_stim_neurons_recorded_together/Neuron_recorded_in_Ch7.txt,17.639833468012853,0.944708871883434,1.5613411920840001,97.27758521072877,0.058949765508146186,0.2975517890772128,0.03775585106382993,0.5993722826086956,13.167277374169547,7.387828360140702,14.5,0.8601619285172418,0.7,49.701298980460265,0.026835000000003006,0.15416666666666665,0.023388750000004066,0.9746350000000007,12.59435061867571,4.592408263611328,0.10086491408494544,0.004303211125084927,0.15,0.23709792024287218,0.05418823034584186,0.11226551226551226,0.0042115605245268695,-0.17224204774547877,0.015475548120293637,0.1799740260118531,data/Split/Diseased,1.048501161624304,0.6258478900212437,0.6391067395752861,0.8980428611150248,0.37385912391430043,0.5229297694544919,0.245750818746606,-1.0797629188669846,0.8898787562862795,0.7203169702654318,-0.5952441672365604,0.668138781851424,-0.23833645699204006,-0.3951824462288564,-0.08843415223394499,0.16548338735417753,0.36277885658827574,0.7231922805141354,-0.57994587431551,0.18011034647529858,2.038185253914827,0.608959222481946,-0.6989853503175072,-0.12427679965577156,0.42255055087137344,0.10722889417731367,-0.060123373473760705,0.10221122336314326,-0.06255250735348888,0.007189749165117274,1
data/Split/Diseased/gpe_pv/pre_processed_data/6-OHDA_mice_PV-DIO-ChR2_in_GPe/Neuron_0102,AG6926,3,051321,1.4,4,6-OHDA mice,102,5,left,raw_data/Spike times files GPe to SNr project/6-OHDA mice/PV-DIO-ChR2 in GPe/AG6926_mouse#3_6-OHDA_recorded_051321/Trajectory4_1.4mm_left_in_SNr_1mW_10s_GPe_stim_neurons_recorded_together/Neuron_recorded_in_Ch5.txt,6.614124812523629,0.9222335536612641,0.49855212154700723,39.313302016803405,0.055722339705106046,0.2889447236180904,0.11176833333333258,1.8218974137931043,4.980535433957746,7.893388680414101,6.6,0.5361308926441761,0.2,15.735483914619232,0.008722499999998945,0.08035714285714286,0.008722499999998945,1.0,6.042978131421047,3.544956463208372,0.11567099567099567,0.07360757990789005,0.1,0.08071733561057988,0.11928266438942012,0.08888888888888888,0.11928266438942012,0.0,0.12641973079385782,0.06383911514823629,data/Split/Diseased,1.0805188599295532,0.776370135398838,0.4991917770403164,0.4598578254385774,0.5586988536402187,0.45676634577212427,0.5794932217149208,0.022472013246651306,1.1324667710281333,0.3901780479819051,-1.0389073469588177,-0.7432410242001455,-0.8859809843292243,-0.8654496523067073,-0.9283868689947232,-0.5785191285438396,-0.8581252310949526,0.8520727053046208,-0.9799225732417737,-0.16317122520776545,1.7200544578046693,1.0675640359449898,0.3409668874104812,-0.23979018517024206,-0.123098242465511,-0.07210548791527932,0.04996285070166132,-0.015091470645576636,0.013603197622960637,0.003636986471589454,1
data/Split/Diseased/gpe_pv/pre_processed_data/6-OHDA_mice_PV-DIO-ChR2_in_GPe/Neuron_0029,AG7518,2,020122,1.1,3,6-OHDA mice,29,8,right,raw_data/Spike times files GPe to SNr project/6-OHDA mice/PV-DIO-ChR2 in GPe/AG7518_mouse#2_6-OHDA_recorded_020122/Trajectory3_1.1mm_right_rec11_1mW_10s_GPe_neurons_recorded_together/Ch8.txt,21.153943826502108,0.8600509691998409,1.650667885621413,137.50490205830627,0.05081009700848127,0.27611044417767105,0.030781538461538083,0.5534976562500004,16.132829639459338,8.523297222576664,16.8,0.8923481540474418,1.1,127.14996275067077,0.033857499999999874,0.22176901701669505,0.026466249999998227,0.7741274999999959,13.59806157819248,10.767156716739574,-0.9302294197031038,-0.9265658001906983,-0.8,-0.8,-0.8,-0.8,-0.8,0.1827548528110814,-0.8941821995647835,-0.8,data/Split/Diseased,-1.1812087796326491,-1.3959076817636729,-2.0192775485891383,-2.007949530780351,-2.0516619509979703,-2.059077418940124,-2.086715714463034,1.1919819291954268,-1.0991580889781722,-2.0654738518701876,-0.4660764060515994,0.808332108160269,0.27977916487770754,0.6771182377111106,0.23722867473354223,0.8469173832005306,0.6189678844472509,-0.2955931235339451,-0.5186669595469404,2.2037617955653572,-5.645625782250643,0.6490257301450862,-0.2720863770251711,0.0167049330285823,0.018849791597026155,0.004222487190649286,0.028966952915155497,0.006559824284732667,-0.0030301398500005086,0.0002957967228016388,2
data/Split/Diseased/gpe_pv/pre_processed_data/6-OHDA_mice_PV-DIO-ChR2_in_GPe/Neuron_0063,AG7518,1,012722,1.7,5,6-OHDA mice,63,11,left,raw_data/Spike times files GPe to SNr project/6-OHDA mice/PV-DIO-ChR2 in GPe/AG7518_mouse#1_6-OHDA_recorded_012722/Trajectory5_1.7mm_left_rec25_1mW_10s_GPe_cont_neurons_recorded_together/Ch11.txt,3.75861989613936,1.0433808621547946,0.3835326424632,28.16650888447394,0.05337559863053284,0.36054421768707484,0.1391683333333335,2.564223214285714,2.5389914126718627,11.09358178365535,12.0,0.5956200497005053,0.7,53.9720866624114,0.021392500000000324,0.12754159239453358,0.01527875000000023,0.8397799999999961,10.176352834695596,4.041341102006593,-0.19414614121510673,0.0013833141245950282,-0.3,-0.3364376596512864,-0.2542336330954783,-0.24025974025974026,-0.2542336330954783,0.09608852751893249,-0.17900437264608088,-0.26440870513769,data/Split/Diseased,0.41054878304160347,0.6195061620680979,-0.6201279232394411,-0.7090281773298449,-0.5019241088255769,-0.47483099632343384,-0.5038215504871523,0.6373748955163491,0.46463340543554454,-0.5429382804783098,-0.7356439076549963,-0.48412450246910976,-0.23833645699204006,-0.33605207096626794,-0.340825741521551,-0.1028982688607967,-0.31234478790927533,0.03798945437094735,-0.7275703260664844,-0.0004909960073094609,-1.0048469658024903,1.4978870315867812,0.313681588326954,0.32350857419452156,-0.14545549079327208,0.08191774409272246,0.027255619395652027,-0.02169634226167481,-0.01294934237270986,0.007241259247225832,1
data/Split/Diseased/gpe_pv/pre_processed_data/6-OHDA_mice_PV-DIO-ChR2_in_GPe/Neuron_0023,AG7518,2,020122,1.7,2,6-OHDA mice,23,4,right,raw_data/Spike times files GPe to SNr project/6-OHDA mice/PV-DIO-ChR2 in GPe/AG7518_mouse#2_6-OHDA_recorded_020122/Trajectory2_1.7mm_right_rec6_1mW_10s_GPe_neurons_recorded_together/Ch4.txt,45.84075204442711,0.456828648488236,0.3073123042084499,206.76808539199132,0.006185300356162183,0.025139664804469275,0.020127083333333424,2.4742386363636366,44.96646197692667,4.59827338646498,35.6,0.5177087163009921,0.3,45.726846041915095,0.007290000000001839,0.029569892473118274,0.007290000000001839,1.0,34.82467941097752,1.426210834310425,-0.5496040606372762,0.04074929830919878,-0.06666666666666668,-0.1472981987992058,-0.03029001074113443,-0.03058823529411765,-0.05261194029850123,-0.041633028822321845,-0.5668937873913824,-0.07764910615632273,data/Split/Diseased,-0.35811808929235295,0.705005192432769,0.032808568590417406,-0.17905138004283186,0.13397785787880415,0.1186073456328603,0.0809447894934599,-0.2439517740823723,-0.38351672551191474,-0.012033212611002134,0.5897296418950384,-0.8234823739345463,-0.7564520788617873,-0.45020997539235424,-0.9948179120178904,-1.0904563435673194,-0.9773748760690993,0.8520727053046208,0.7772679833438583,-0.8575481208366678,0.02066031603988891,-0.14135141990955719,0.03281929391238885,0.9121288468709259,-0.13586132741025872,-0.02998232654154452,0.08547611267292864,-0.017708591029337008,0.025416122719795455,-0.006595140041175827,1
data/Split/Diseased/gpe_pv/pre_processed_data/6-OHDA_mice_PV-DIO-ChR2_in_GPe/Neuron_0133,AG7518,4,022222,1.7,5,6-OHDA mice,133,15,left,raw_data/Spike times files GPe to SNr project/6-OHDA mice/PV-DIO-ChR2 in GPe/AG7518_mouse#4_6-OHDA_recorded_022222/Trajectory5_1.7mm_left_rec25_1mW_10s_GPe_cont_neurons_recorded_together/Ch15.txt,44.47914205590196,0.734388011145261,1.6178902710865033,157.93241303679977,0.06132060935397426,0.1997690531177829,0.037901587301587554,0.568963709677419,37.918789225154455,4.1650172978632725,47.9,0.7498489472072849,1.7,134.1200695992765,0.04765500000000102,0.18674866384852704,0.021804999999999807,0.6050462499999991,41.86386757040279,3.942689351298457,0.22432959781457704,-0.10018572058617078,-0.016666666666666673,0.2398746633370012,-0.14941219816777915,-0.1811609677567308,-0.08116913688143108,0.17946963880529698,0.27437820662264156,0.0028301106200113134,data/Split/Diseased,1.315489761682593,0.3989082483433223,0.1727235311253871,0.9058234131229753,-0.20427706747411664,-0.30756230823160935,-0.0018800647880785463,1.170958737216222,1.4559893934007242,0.21674658921760528,1.2804963647537428,0.18764927026276243,1.0569525976823284,0.7736215210094514,0.8770767139056723,0.4939110295490234,0.2309382805123983,-1.1547006860849571,1.2070269763800787,-0.03282215245703492,0.7289756202962021,1.8193009426834825,0.9882009353982913,-0.9715112088411867,0.7903684335720239,-0.2788295954740766,-0.227571193967786,0.028439110250559098,-0.017085939998241175,0.05420245794467395,1
data/Split/Diseased/gpe_pv/pre_processed_data/6-OHDA_mice_PV-DIO-ChR2_in_GPe/Neuron_0127,AG7518,4,022222,1.7,2,6-OHDA mice,127,9,right,raw_data/Spike times files GPe to SNr project/6-OHDA mice/PV-DIO-ChR2 in GPe/AG7518_mouse#4_6-OHDA_recorded_022222/Trajectory2_1.7mm_right_rec7_1mW_10s_GPe_cont_neurons_recorded_together/Ch9.txt,14.804829789050288,0.9622326879099764,1.2740817374397837,77.08359010976784,0.06519221434131899,0.306368330464716,0.0511680000000001,0.7446193877551021,10.985251686290654,7.0170071939240515,16.6,0.7674438987094842,0.6,54.941225777326714,0.01212500000000034,0.09107744107744106,0.00606250000000017,0.7643074999999996,14.801034346138698,3.496793455718911,-0.024311554078995944,0.0350102682811622,0.16666666666666669,0.22325496822322818,0.15023923444974602,0.1847058823529412,0.18030592734223738,0.1014722781465139,-0.10681492059549713,0.23223334922464317,data/Split/Diseased,0.7778108801141861,0.6925405859255408,0.685745060420276,0.8592543219951725,0.6466019766531852,0.7279595045271359,0.7564798824038864,0.6718273308257446,0.6224812117489278,0.8688755433632136,-0.4773083852850742,0.26428748231473626,-0.3678653624594769,-0.32263404042619315,-0.7705986498764856,-0.4704581570672868,-1.0795591268239058,-0.3454888763997886,-0.4452226427175446,-0.1789556965329424,1.8675779725579051,0.3935981877773612,1.1657773850111575,-0.2552048261930222,0.20424545791681767,0.08138982211516464,-0.06825814336856173,0.10369050863987779,-0.019484586652990826,-0.002451460445901369,1
data/Split/Diseased/gpe_pv/pre_processed_data/6-OHDA_mice_PV-DIO-ChR2_in_GPe/Neuron_0010,AG6927,3,060121,1.5,5,6-OHDA mice,10,13,left,raw_data/Spike times files GPe to SNr project/6-OHDA mice/PV-DIO-ChR2 in GPe/AG6927_mouse#3_6-OHDA_recorded_060121/Trajectory5_1.5mm_left_in_SNr_1mW_10s_GPe_stim_neurons_recorded_together/Neuron_recorded_in_Ch13.txt,11.194999788225152,0.942597651134697,1.1626854379462324,80.81395750926787,0.06680541379559483,0.37091988130563797,0.05745785714285707,0.7763102941176472,7.546713086071686,10.708497406429718,12.5,0.8940138208386026,0.8,49.86848971158561,0.03689999999999678,0.2284965034965035,0.029198749999997275,0.8573325000000012,9.904159554579767,6.10164129714818,-0.3054750512645249,-0.005371725496899844,-0.3333333333333333,-0.3268174583829574,-0.3179728607033986,-0.30103092783505153,-0.2836606441476749,0.11143268162497828,-0.2562537132417862,-0.2861824202604123,data/Split/Diseased,0.16980342216416217,0.604834883052073,-0.7134045649294208,-0.6820719650488296,-0.6829156448469129,-0.6468331613258774,-0.5891691403761506,0.735567310671623,0.29572176244865384,-0.6048348350222378,-0.7075639595713091,0.8155872418122687,-0.10880755152460309,-0.3928676388892998,0.3783221814687526,0.9147306762325274,0.8464371025222254,0.12717430184327969,-0.7441883660058167,0.6747315668400145,-1.3393863529042398,1.3882631121820301,0.3684785375992089,0.43646872531104797,0.006065856513399381,-0.0018775779096742318,-0.060719030564536314,-0.060594982534205165,0.001501211531789943,-0.0024112219557616333,1
data/Split/Diseased/gpe_pv/pre_processed_data/6-OHDA_mice_PV-DIO-ChR2_in_GPe/Neuron_0098,AG6926,3,051321,1.7,2,6-OHDA mice,98,7,right,raw_data/Spike times files GPe to SNr project/6-OHDA mice/PV-DIO-ChR2 in GPe/AG6926_mouse#3_6-OHDA_recorded_051321/Trajectory2_1.7mm_right_in_SNr_1mW_10s_GPe_stim_neurons_recorded_together/Neuron_recorded_in_Ch7.txt,19.479766809846286,0.9051095565542494,1.5510430764689254,130.83823874305654,0.05585881505312304,0.3082191780821918,0.03601370967741924,0.6113225543478261,14.27300207779934,9.166833860871238,10.1,0.7484311547534568,0.9,55.906589554790834,0.025762500000003997,0.18630308880308882,0.01850450000000407,0.9052693749999999,7.499907900524261,6.840621770743755,-0.39374536431207885,-0.282470283851341,-0.4,-0.42273170731707455,-0.37726829268292544,-0.38235294117647056,-0.37726829268292544,0.08998877878775294,-0.33082957267479224,-0.39638463252429235,data/Split/Diseased,-0.02107842838090342,0.0030041770381511335,-0.8999578483093805,-0.9508277616197361,-0.8512887443616871,-0.8770008265495897,-0.8606607704125526,0.5983405469549745,0.132655892282653,-0.9181087620396107,-0.8423477103730076,0.1814738011966166,0.020721353942833736,-0.30926828059982664,-0.13817048287438113,0.48941961790297467,-0.043814566424745426,0.37074318862145456,-0.8909735841945181,0.9169177737102433,-2.0679552743923764,1.1879640350441245,0.0003131937388467995,0.15245368997875253,-0.08977608181996576,-0.0032985664062544547,0.026921423580321673,-0.07160293407819636,0.0011020513112671984,0.009074726839299071,2
data/Split/Diseased/gpe_pv/pre_processed_data/6-OHDA_mice_PV-DIO-ChR2_in_GPe/Neuron_0048,AG7518,1,012722,1.1,3,6-OHDA mice,48,15,right,raw_data/Spike times files GPe to SNr project/6-OHDA mice/PV-DIO-ChR2 in GPe/AG7518_mouse#1_6-OHDA_recorded_012722/Trajectory3_1.1mm_right_rec13_1mW_10s_GPe_cont_neurons_recorded_together/Ch15.txt,17.208045917230585,0.7805399281135772,0.5907239643228409,79.9421861890874,0.026441960407368743,0.11194029850746269,0.04476195652173974,1.6645818181818177,15.696826998542445,5.092888275860501,19.9,0.6844159824720845,0.5,30.904917410371855,0.026015000000002432,0.10186090225563908,0.023213750000000744,0.9218975,18.446102331415243,2.158958939093133,0.015470738590929924,-0.11827824960706854,-0.033333333333333326,0.012076526886190283,-0.03135600309628638,-0.038207707785172566,0.00021982355267730625,0.06407227383662498,0.0290773804197827,-0.01692331855119527,data/Split/Diseased,0.8638388705175947,0.359613061898157,0.12608521028039726,0.267523365950018,0.13095090570215148,0.09704176798121615,0.23417352571423267,0.43249209444678566,0.9196202119883181,0.1605931400136488,-0.291980727932739,-0.09735665464352775,-0.4973942679269137,-0.6554241577321459,-0.12646099710594863,-0.3617605008221084,0.3482108371321403,0.45523125538547426,-0.22268266915489543,-0.6174044493466505,0.7188165176185857,1.0777111437415487,0.4666677741464822,-0.4360814645587146,0.025456034963110323,-0.03431743603293038,-0.06528132916634312,-0.001073984117835452,-0.012644557813045859,0.006558419023711728,1
data/Split/Diseased/gpe_pv/pre_processed_data/6-OHDA_mice_PV-DIO-ChR2_in_GPe/Neuron_0105,AG6926,3,051321,1.0,6,6-OHDA mice,105,2,left,raw_data/Spike times files GPe to SNr project/6-OHDA mice/PV-DIO-ChR2 in GPe/AG6926_mouse#3_6-OHDA_recorded_051321/Trajectory6_1.0mm_left_in_SNr_1mW_10s_GPe_stim_neurons_recorded_together/Neuron_recorded_in_Ch2.txt,36.4984998287059,1.021879386479679,2.5051243064248143,166.93526563339256,0.06317641466941015,0.26227272727272727,0.025218874172185213,0.3753811666666669,28.741738742376253,5.808112972207437,37.2,0.8483921357113552,2.1,149.46838614808806,0.04765249999998176,0.20166446813204245,0.02120854166666047,0.3139716666666679,31.390792704297432,4.934686124247756,-0.10628240594138767,0.03111672857651801,-0.18,-0.1543698105933305,-0.1015125082549218,-0.04919057774106563,-0.017098033120226862,0.18977257870654451,-0.15177457029321262,0.0048430451288448365,data/Split/Diseased,0.6005514215936371,0.684084202163551,-0.2843320131555138,-0.19886633644285187,-0.06826289256754035,0.06595668497188972,0.18394629310627975,1.2368907231120443,0.5241734690550259,0.22246879647149498,0.6795854757628375,0.6168731743984799,1.575068219552076,0.9861237067340305,0.8769607784021204,0.6442628451523367,0.18128561419984618,-2.633660510477398,0.5676211235298728,0.29228513285342905,0.0574899722937641,1.156533154142887,1.2529338908946945,0.02480966037908563,-0.12958699467904658,0.25674593982133104,-0.22455883623639816,0.04375080084450638,-0.006714681609649975,0.03169409421187772,1
data/Split/Diseased/gpe_pv/pre_processed_data/6-OHDA_mice_PV-DIO-ChR2_in_GPe/Neuron_0081,AG6926,1,050621,1.4,1,6-OHDA mice,81,4,right,raw_data/Spike times files GPe to SNr project/6-OHDA mice/PV-DIO-ChR2 in GPe/AG6926_mouse#1_6-OHDA_recorded_050621/Trajectory1_1.4mm_right_in_SNr_1mW_10s_GPe_stim_neurons_recorded_together/Neuron_recorded_in_Ch4.txt,22.617840982814833,1.0346286955465063,0.9120097170489853,122.04884188565345,0.027960974275107964,0.1348973607038123,0.03065863636363662,1.0409513888888886,20.129597075408373,6.063153744629904,15.9,0.7021954120266053,0.7,56.28759291430784,0.034149999999998924,0.15648391812865498,0.029546249999997796,0.9053024999999991,13.95058164514838,4.248283068807139,-0.8625030525030525,-0.7835173439004057,-0.6,-0.6,-0.6,-0.6,-0.6,0.08992901403100753,-0.8512435534530998,-0.6,data/Split/Diseased,-1.034752583256911,-1.0852205603486704,-1.459617698449259,-1.4475410418278636,-1.4837494022778288,-1.493012571879868,-1.506652793783717,0.5979580921278501,-1.0052694265452349,-1.4969300439342157,-0.5166203126022363,-0.019914912778414656,-0.23833645699204006,-0.3039931713454479,0.2507931285445388,0.18884136107768798,0.8753650268703314,0.3709114978692795,-0.49714478034546866,0.06733013292974255,-4.171986114850698,0.19746620853661423,-0.41279644809526844,0.1298157245041299,0.010046047352426004,-0.017026815543918758,0.0010296580044954296,0.01935461601312033,0.0005813617037354035,-0.0010186283123079084,2
data/Split/Diseased/gpe_pv/pre_processed_data/6-OHDA_mice_PV-DIO-ChR2_in_GPe/Neuron_0086,AG6927,1,052521,1.0,6,6-OHDA mice,86,1,left,raw_data/Spike times files GPe to SNr project/6-OHDA mice/PV-DIO-ChR2 in GPe/AG6927_mouse#1_6-OHDA_recorded_052521/Trajectory6_1.0mm_left_in_SNr_1mW_10s_GPe_stim_neurons_recorded_together/Neuron_recorded_in_Ch1.txt,6.0888725853502725,1.2138375968284847,0.7985406669311832,63.663822847795565,0.05446879161665408,0.45901639344262296,0.0682104166666669,1.1270347826086955,3.4837350918571217,18.274587811399126,8.9,0.7583162799407926,0.5,37.48926074882309,0.023319999999999654,0.14829280196927255,0.023319999999999654,1.0,7.512162656585933,5.296148185836375,0.09777843071960719,0.14303426491452395,-0.2,-0.20028382213810927,-0.19971617786189072,-0.16923076923076924,-0.19971617786189072,0.0,0.11541038690892233,-0.16024854436342753,data/Split/Diseased,1.0418267358053435,0.9271580395361926,-0.34029799816950174,-0.32751934560063456,-0.34711837406836227,-0.27379597821162477,-0.34570377893315873,0.022472013246651306,1.1083939912545866,-0.24684020826919886,-0.9097395857738568,0.22453037456498656,-0.4973942679269137,-0.5642618894447942,-0.2514394689719044,0.10627463098577701,0.3570557060873924,0.8520727053046208,-0.890225402514232,0.4107471609469477,0.08622221760836668,1.970747316168112,-0.1673316784820693,0.17827893917402704,-0.020399420995818866,0.09520912825864968,-0.03750898559511369,-0.02674066969713659,-0.01610810763653972,-0.0007565849779534629,1
data/Split/Diseased/gpe_pv/pre_processed_data/6-OHDA_mice_PV-DIO-ChR2_in_GPe/Neuron_0031,AG6926,2,051121,1.0,3,6-OHDA mice,31,3,right,raw_data/Spike times files GPe to SNr project/6-OHDA mice/PV-DIO-ChR2 in GPe/AG6926_mouse#2_6-OHDA_recorded_051121/Trajectory3_1.0mm_right_in_SNr_1mW_10s_GPe_stim_neurons_recorded_together/Neuron_recorded_in_Ch3.txt,26.302063023349163,0.8245417344764563,1.4739458603944309,205.5878757326043,0.03303821025766141,0.2295973884657236,0.022414805825242676,0.31897426470588236,20.955510607432323,9.81068319374132,55.0,0.6827805976885739,2.0,231.75564629028958,0.03966750000000019,0.1481442972693967,0.01943937500000222,0.6190700000000011,48.9199084344946,4.891112202836132,-0.09560790026684358,0.18567030687865796,0.02999999999999998,-0.255937407757605,0.22157783277124077,0.16731692435133952,0.1461588159691562,-0.25114523125693644,-0.1540357710599916,-0.12378266227874046,data/Split/Diseased,0.623634713432798,1.019759312488657,0.3033108294913588,-0.48346305470968187,0.8491724026275974,0.6787431152685665,0.6574425166247295,-1.5846909910750915,0.5192291791271829,-0.1431779509683383,1.6792316275421006,-0.10447988915824563,1.445539314084639,2.1254162527207003,0.5066627829118331,0.1047776985490438,0.0340098746539352,-1.083445536975717,1.637814866673113,0.27800464355471155,1.5335404819580862,0.4963445927621311,-1.0725052504646568,0.8021821922216177,-1.140949282747339,-0.035142926959472964,0.3498474887350714,0.021656796183749615,-0.001794246556013289,-0.0727650692165286,1
data/Split/Diseased/gpe_pv/pre_processed_data/6-OHDA_mice_PV-DIO-ChR2_in_GPe/Neuron_0107,AG6926,3,051321,1.7,5,6-OHDA mice,107,10,left,raw_data/Spike times files GPe to SNr project/6-OHDA mice/PV-DIO-ChR2 in GPe/AG6926_mouse#3_6-OHDA_recorded_051321/Trajectory5_1.7mm_left_in_SNr_1mW_10s_GPe_stim_neurons_recorded_together/Neuron_recorded_in_Ch10.txt,66.38229027240924,0.9900217701521143,4.0363101120409635,272.92846507441044,0.11117032144539968,0.40904522613065325,0.027542561983471162,0.16425291666666658,44.13548769057122,6.1838778578335925,48.4,0.4698858605749618,0.8,130.16029905559986,0.02473749999999484,0.07866559389857113,0.021288749999996526,0.8475450000000023,45.399566203661536,2.5211123577261514,-0.36679581045170456,0.2676710429957408,0.2333333333333333,0.215106669207753,0.21397155822028716,0.3612038109721604,0.18256243728274799,-0.11456316443050381,-0.4644940395525259,0.39430226897221476,data/Split/Diseased,0.03719915707935014,1.197856813984425,0.8722983438002356,0.836422442301195,0.8275739087951114,1.2275058693785872,0.7630244711370588,-0.710656299041974,-0.15961177673794208,1.3295919472699824,1.30857631283743,-1.0317840653375807,-0.10880755152460309,0.7187972741402243,-0.18570403896477708,-0.5955699997049898,0.1879626231173414,0.0774436825790668,1.4228896937694775,-0.4987158426814934,2.402407562715672,-0.7039281291847577,0.24147750566041437,0.9258814985654774,0.21176382166975685,0.4068566404185473,-0.07262121216315476,0.012284855663429087,-0.06561448000112606,-0.02019577956999415,0
data/Split/Diseased/gpe_pv/pre_processed_data/6-OHDA_mice_PV-DIO-ChR2_in_GPe/Neuron_0100,AG6926,3,051321,1.4,4,6-OHDA mice,100,12,left,raw_data/Spike times files GPe to SNr project/6-OHDA mice/PV-DIO-ChR2 in GPe/AG6926_mouse#3_6-OHDA_recorded_051321/Trajectory4_1.4mm_left_in_SNr_1mW_10s_GPe_stim_neurons_recorded_together/Neuron_recorded_in_Ch12.txt,8.15963638931935,0.9458904590159412,0.8143017985267784,58.898796818534365,0.06295300730794326,0.34623217922606925,0.07730918367346948,1.1138869791666666,5.692892397239746,10.346023200279005,8.5,0.8558307056621908,0.5,33.247294854430045,0.033547499999993846,0.20547619047619045,0.033547499999993846,1.0,6.963788000794534,6.031306261438977,-0.054271545448016045,-0.11031191392332344,-0.4,-0.4,-0.4,-0.4,-0.4,0.0,0.03793791330282481,-0.4,data/Split/Diseased,0.7130233156727658,0.3769151563491849,-0.8999578483093805,-0.8871325528753764,-0.9158368535576878,-0.9269477248196124,-0.9265898731044008,0.022472013246651306,0.938994450725797,-0.9283862359982442,-0.9322035442408065,0.6492733035596385,-0.4973942679269137,-0.6229932181518139,0.22285267240361287,0.6826851363090896,1.2084523860000331,0.8520727053046208,-0.9237049650066682,0.651680652618137,-1.4469040785235445,2.1301180980918963,-0.6236089622229498,0.059874386028006946,-0.0732592343469498,-0.008705758360209023,-0.028068341725408084,-0.10450748104704795,-0.006976554952458985,0.006042936080073743,1
data/Split/Diseased/gpe_pv/pre_processed_data/6-OHDA_mice_PV-DIO-ChR2_in_GPe/Neuron_0128,AG7518,4,022222,1.4,1,6-OHDA mice,128,1,right,raw_data/Spike times files GPe to SNr project/6-OHDA mice/PV-DIO-ChR2 in GPe/AG7518_mouse#4_6-OHDA_recorded_022222/Trajectory1_1.4mm_right_rec1_1mW_10s_GPe_cont_neurons_recorded_together/Ch1.txt,54.691772794749596,0.39054104303353926,0.48671835274016034,208.0185623254438,0.011722867693300611,0.040749414519906324,0.024085526315789016,1.830440277777778,53.08542852940013,3.918562364251003,43.2,0.4595123616726136,0.3,35.80347336821829,0.005907500000002841,0.023951048951048954,0.003615000000001345,0.9521374999999977,42.49541474994389,0.9204393093635745,-0.5969680027426221,-0.09889680909854932,-0.1,-0.1,-0.1,-0.1,-0.1,0.03146002793525786,-0.5971136349591833,-0.1,data/Split/Diseased,-0.4605411645714352,0.4017076368179186,-0.06046807309956236,-0.04651981944664552,-0.06396803047747593,-0.07785045422922851,-0.0564954920854261,0.2237953382384274,-0.4495947536753607,-0.07557052409428686,1.0165448527670835,-1.0769678448154443,-0.7564520788617873,-0.5876021366899015,-1.0589302449879758,-1.1470944777957026,-1.2833032846421772,0.6088817204224972,1.2455844170660524,-1.0233047159654385,-0.42056021715012876,-0.17729937743778618,0.3500670198318911,0.6180546163142963,0.10801239407764299,-0.09916068755634823,0.018033923346679255,-0.012134860957339599,0.00036300326758662526,-3.993974331582817e-05,1
data/Split/Diseased/gpe_pv/pre_processed_data/6-OHDA_mice_PV-DIO-ChR2_in_GPe/Neuron_0020,AG7518,2,020122,1.7,5,6-OHDA mice,20,5,left,raw_data/Spike times files GPe to SNr project/6-OHDA mice/PV-DIO-ChR2 in GPe/AG7518_mouse#2_6-OHDA_recorded_020122/Trajectory5_1.7mm_left_rec21_1mW_10s_GPe_neurons_recorded_together/Ch5.txt,11.755766416940359,1.1660947691531711,1.2810771095383726,67.33460781855935,0.09154237916114556,0.4700854700854701,0.07145735294117637,0.6841590000000001,6.857283478854749,9.81942893657432,22.8,0.7390149868612539,0.7,50.04545165438272,0.03204250000000073,0.13160076960076958,0.021771249999999753,0.8328524999999971,20.775052165800332,3.371837634804738,-0.35547318610002804,-0.13300175345238865,-0.4,-0.4,-0.4,-0.4,-0.4,0.14493469952400848,-0.3096792995990696,-0.4,data/Split/Diseased,0.06168398572281817,0.32763506545223764,-0.8999578483093805,-0.8871325528753764,-0.9158368535576878,-0.9269477248196124,-0.9265898731044008,0.9499580178651088,0.17890259610293552,-0.9283862359982442,-0.12911702904735325,0.140459861968115,-0.23833645699204006,-0.39041754610454,0.15305949980353525,-0.06198162425936133,0.22812873390304952,0.0027905920513739443,-0.08049480416409409,-0.2199074907614339,-2.071480881699735,1.470427668348769,0.3495060996960742,0.3091819987633246,0.06482368533592069,-0.03845322212370959,0.04650095335423974,-0.03580834865006264,-0.005149890411753027,0.0026934449168504377,2
data/Split/Diseased/gpe_pv/pre_processed_data/6-OHDA_mice_PV-DIO-ChR2_in_GPe/Neuron_0126,AG7518,4,022222,1.7,2,6-OHDA mice,126,16,right,raw_data/Spike times files GPe to SNr project/6-OHDA mice/PV-DIO-ChR2 in GPe/AG7518_mouse#4_6-OHDA_recorded_022222/Trajectory2_1.7mm_right_rec7_1mW_10s_GPe_cont_neurons_recorded_together/Ch16.txt,15.543797196765363,1.235708326388135,1.3505266416861708,103.88994460096441,0.05399176178748567,0.30491803278688523,0.039978301886792425,0.7091317307692309,11.420844657657486,9.096520241286001,22.1,0.6961289484560185,0.7,55.88103464932105,0.025377500000001874,0.11941768817068976,0.01837500000000105,0.8197649999999974,19.873769648169038,3.0338192389534635,-0.023733490682640607,0.04789566399915827,0.033333333333333305,0.026781550725473148,-0.00029537013951346224,0.042762877820349085,-0.038949534078032214,0.027037746614128676,-0.022682913218914406,0.0694117516731656,data/Split/Diseased,0.7790609245177812,0.7205263930271101,0.31263849366035673,0.3087274668989321,0.2191495218388601,0.326214778767061,0.12057006577222248,0.19549566916467664,0.8064423366488579,0.40601948793253706,-0.16842895636451527,-0.04633856739718953,-0.23833645699204006,-0.3096220961633149,-0.15602455028388346,-0.1847875003514683,-0.054594900822332364,-0.0637074390720435,-0.1355202216477488,-0.330686321960134,1.0628441045148804,0.9529062107453969,0.38097072381983926,-0.039484966712840935,0.16884573699357258,0.16831148658705808,0.05759760821534144,-0.03315082061743149,-0.013928335714596656,0.013513150123515913,1
data/Split/Diseased/gpe_pv/pre_processed_data/6-OHDA_mice_PV-DIO-ChR2_in_GPe/Neuron_0049,AG7518,1,012722,1.1,3,6-OHDA mice,49,8,right,raw_data/Spike times files GPe to SNr project/6-OHDA mice/PV-DIO-ChR2 in GPe/AG7518_mouse#1_6-OHDA_recorded_012722/Trajectory3_1.1mm_right_rec13_1mW_10s_GPe_cont_neurons_recorded_together/Ch8.txt,30.82518478295641,0.7438091146245456,1.4600539891873978,127.07738486775558,0.04600154372000407,0.17456093666844066,0.031506741573033556,0.6393519886363638,26.6712293785913,4.764586703669505,16.2,0.7817952824550486,0.4,27.052996323603644,0.01840999999999866,0.0680285907466435,0.016273749999997734,0.9056349999999981,15.027133132700408,1.426319764645029,0.07746193769773085,-0.013360050814351954,0.2333333333333333,0.22170178566761933,0.22188356716656896,0.23362445414847163,0.18764930998490642,-0.13017605801545198,0.029834745276475384,0.23214978361278113,data/Split/Diseased,0.9978929414104778,0.5874850292880502,0.8722983438002356,0.8549022385498919,0.8500405546260087,0.8664149238363512,0.7777780023207483,-0.8105684687238658,0.9212762486780554,0.8686379898073109,-0.49977234375202406,0.32679770808002706,-0.6269231733943506,-0.7087551955416457,-0.4791367961931787,-0.7027913540531416,-0.22951519157474257,0.37260094163993607,-0.43141878002219003,-0.8575124210780226,2.5352551516548427,0.3091163754145981,-0.22311902548135448,-0.25233242414850743,-0.01116388774863355,0.08029344696742235,0.021573060584125107,0.030475714774818096,-0.007622045949594938,0.009202539899029666,0
data/Split/Diseased/gpe_pv/pre_processed_data/6-OHDA_mice_PV-DIO-ChR2_in_GPe/Neuron_0022,AG7518,2,020122,1.4,4,6-OHDA mice,22,5,left,raw_data/Spike times files GPe to SNr project/6-OHDA mice/PV-DIO-ChR2 in GPe/AG7518_mouse#2_6-OHDA_recorded_020122/Trajectory4_1.4mm_left_rec16_1mW_10s_GPe_neurons_recorded_together/Ch5.txt,17.114824800569313,1.1771046563959962,1.6432254239837598,94.50469849128889,0.08279201695808616,0.3870014771048744,0.05038384615384602,0.46375859375000006,11.438367868935593,8.26207895865506,13.8,1.022881058570928,0.9,66.66811831168023,0.04305249999998821,0.21598873348873346,0.03624999999999048,0.8520775000000015,10.74100724162759,5.467651910975202,-0.9085714285714286,-0.8100060368036199,-0.6333333333333333,-0.6269286201927196,-0.6230666666666576,-0.5893617021276596,-0.5888781896966684,0.12835041446424067,-0.9039872243516832,-0.5700260874977581,data/Split/Diseased,-1.1343740366304849,-1.1427513856477904,-1.552894340139239,-1.5229961785867507,-1.549248649563526,-1.462902739589429,-1.474396044944758,0.8438295866470924,-1.1205975321308363,-1.4117226321703944,-0.6345560945537224,1.3768934034488967,0.020721353942833736,-0.16027158931422877,0.6636394535108413,0.7886519282098512,1.433424229310945,0.10047346871597919,-0.6930968464775582,0.4669541084098359,-4.337596359340477,0.10654861896889942,-0.17189684821506102,0.1270467016360904,-0.013953591869892874,0.09283266565098146,-0.09024957666378303,0.013939239393074966,0.0002531873983692373,-0.012837703483660147,2
data/Split/Diseased/gpe_pv/pre_processed_data/6-OHDA_mice_PV-DIO-ChR2_in_GPe/Neuron_0013,AG6927,3,060121,1.4,1,6-OHDA mice,13,12,right,raw_data/Spike times files GPe to SNr project/6-OHDA mice/PV-DIO-ChR2 in GPe/AG6927_mouse#3_6-OHDA_recorded_060121/Trajectory1_1.4mm_right_in_SNr_1mW_10s_GPe_stim_neurons_recorded_together/Neuron_recorded_in_Ch12.txt,3.789814872530075,1.0096662652757211,0.3989278813189553,24.951476357849376,0.055534085478609496,0.3508771929824561,0.13920833333333316,2.2098613636363638,2.60470518873113,9.579385976500616,14.7,0.8687975461292494,0.8,86.95015445688313,0.026452499999999192,0.1526756958822176,0.020794999999998252,0.8180099999999981,11.848561683406302,5.326742395683313,-0.3281209376565414,-0.01272220117269604,-0.4333333333333333,-0.39481338313774295,-0.4707669498385588,-0.3612121212121212,-0.4431192218153345,0.16801196250728756,-0.3158975161924404,-0.2801671819303512,data/Split/Diseased,0.12083238589500724,0.5888703757238029,-0.9932344899993601,-0.8725994322826116,-1.1167840477975193,-0.8171654514503506,-1.0516491818225118,1.0976372038170237,0.16530598578710584,-0.5877352024931609,-0.5840121880030856,0.7057528834683608,-0.10880755152460309,0.12053946889490477,-0.10617228414086724,0.15045435102516394,0.14685999679559758,-0.07262465356079634,-0.6254780428809692,0.42077380698127403,-2.004493011599236,1.6149160385212116,0.5307354061176706,0.5044410420752173,0.2876155550143196,0.29238071652150294,-0.12857383047617288,-0.03355580856299652,-0.027611362862098223,-0.010743461292767221,2
data/Split/Diseased/gpe_pv/pre_processed_data/6-OHDA_mice_PV-DIO-ChR2_in_GPe/Neuron_0129,AG7518,4,022222,1.4,1,6-OHDA mice,129,6,right,raw_data/Spike times files GPe to SNr project/6-OHDA mice/PV-DIO-ChR2 in GPe/AG7518_mouse#4_6-OHDA_recorded_022222/Trajectory1_1.4mm_right_rec1_1mW_10s_GPe_cont_neurons_recorded_together/Ch6.txt,76.67094893427894,0.8840014009486175,2.2542744758491637,220.7975973946579,0.08785202225071338,0.23989308386234548,0.03897130681818165,0.3882255747126438,63.89107905011515,3.4558439249627915,57.9,0.9695659389105942,2.3,263.666394193316,0.06712249999998576,0.2438079247863958,0.026983583333324502,0.45805562499999974,48.08561217546249,5.513891024598036,-0.7505934147747884,-0.35142981735860024,-0.65,-0.6966808271129571,-0.5391235695624176,-0.4317425309962523,-0.3939580927100928,0.46425928587475535,-0.7337094516261701,-0.34438386882340716,data/Split/Diseased,-0.7927514165465265,-0.14676912017250673,-1.5995326609842289,-1.7184448229931084,-1.3108869584438698,-1.0167893795881073,-0.9090664411591148,2.993423700987013,-0.7482720451633292,-0.7702852009892113,1.8420953264274862,1.1446690949252665,1.8341260304869496,2.567230418849833,1.7798664731064435,1.0690703247452635,0.6620337248190309,-1.9015650342110904,1.5868791178260753,0.4821080616433611,-3.8308769081602123,0.9241868309647446,2.20362887959741,0.31934599615167675,-0.24408360537000295,0.5247805781896853,-0.2826394322967271,-0.06849401066990705,0.07485949158817222,0.01884371814410029,2
data/Split/Diseased/gpe_pv/pre_processed_data/6-OHDA_mice_PV-DIO-ChR2_in_GPe/Neuron_0027,AG7518,2,020122,1.4,1,6-OHDA mice,27,9,right,raw_data/Spike times files GPe to SNr project/6-OHDA mice/PV-DIO-ChR2 in GPe/AG7518_mouse#2_6-OHDA_recorded_020122/Trajectory1_1.4mm_right_rec1_1mW_10s_GPe_neurons_recorded_together/Ch9.txt,10.795173786233711,1.035329242288447,1.2080313522690105,48.94419831130581,0.11031061184860295,0.45714285714285713,0.09131436170212776,0.7485999999999998,6.586834996894367,7.430609440555678,8.1,0.9080717471076453,0.5,26.332575654578854,0.03908249999999995,0.19374098124098124,0.03908249999999995,1.0,6.546725905890011,4.395452985746994,-0.9446153846153846,-1.0,-0.5,-0.5,-0.5,-0.5,-0.5,0.0,-0.9376942896670769,-0.5,data/Split/Diseased,-1.212317988488102,-1.5553995123211926,-1.1797877733793198,-1.16733679735162,-1.1997931279177583,-1.2099801483497403,-1.216621333444059,0.022472013246651306,-1.1943006309376902,-1.21265813996623,-0.9546675027077561,0.8768192568185755,-0.4973942679269137,-0.7187296423366452,0.47953387528974084,0.5643938272076113,1.6692180299329924,0.8520727053046208,-0.9491675868148028,0.11556215694473196,-3.6759348372545166,-0.5942410376513291,-0.8118715887393684,-0.1245938477303098,-0.04649116109805825,0.00021170250700568117,-0.03842960878563969,0.009522583758489838,0.0017896834925358778,-0.0009018593432679573,2
data/Split/Diseased/gpe_pv/pre_processed_data/6-OHDA_mice_PV-DIO-ChR2_in_GPe/Neuron_0028,AG7518,2,020122,1.1,3,6-OHDA mice,28,12,right,raw_data/Spike times files GPe to SNr project/6-OHDA mice/PV-DIO-ChR2 in GPe/AG7518_mouse#2_6-OHDA_recorded_020122/Trajectory3_1.1mm_right_rec11_1mW_10s_GPe_neurons_recorded_together/Ch12.txt,68.55871800275759,0.6314258994718648,1.955193068967531,287.5988881229024,0.029602765709468355,0.11333333333333333,0.015140584415584359,0.49613782894736846,62.643140164026114,4.591067551368712,50.3,0.6115317015446632,1.1,148.10083736701236,0.022492500000005577,0.10038594736904971,0.01394625000000289,0.7187674999999978,46.967379120591346,4.1441991186121365,-0.13482188229526917,0.08506761009674858,0.08666666666666664,-0.04314761977027286,0.08340204116334604,0.09695728689253202,0.005249881599635464,-0.0971833051153403,-0.16574508523320458,0.037475842894422746,data/Split/Diseased,0.538835677399083,0.801260189322105,0.46188112036432444,0.11278296304282273,0.45681357271028455,0.47960252818189186,0.2487622765237579,-0.5994367199488275,0.49362586031572053,0.3152346719977256,1.415280115555441,-0.4148182274289467,0.27977916487770754,0.9671895712450103,-0.2898141203515821,-0.3766280963547729,-0.4232698503372365,-0.5768791600567605,1.5186083597845008,0.03321868074055646,1.2684945876625398,0.47932869959823343,-0.2411594913643988,0.37506835475804323,-0.14867353684189208,0.12485620091273532,0.22018119531848834,-0.014653839052362462,0.04495464755885245,-0.017058827043284087,1
data/Split/Diseased/gpe_pv/pre_processed_data/6-OHDA_mice_PV-DIO-ChR2_in_GPe/Neuron_0011,AG6927,3,060121,1.5,5,6-OHDA mice,11,15,left,raw_data/Spike times files GPe to SNr project/6-OHDA mice/PV-DIO-ChR2 in GPe/AG6927_mouse#3_6-OHDA_recorded_060121/Trajectory5_1.5mm_left_in_SNr_1mW_10s_GPe_stim_neurons_recorded_together/Neuron_recorded_in_Ch15.txt,8.105578481682306,1.1463531944413496,0.9965875182396279,64.5233670827475,0.06363211303960022,0.42213114754098363,0.06384999999999999,0.9328439655172415,5.002266097496294,12.89882741644679,9.1,0.9043124031023734,0.4,50.61302870773682,0.010802500000006533,0.13814935064935066,0.010802500000006533,1.0,7.8730301551127555,8.200576945537215,-0.19517504769052757,-0.17806807039345174,-0.2,-0.2,-0.2,-0.2,-0.2,0.0,-0.16371498133169357,-0.2,data/Split/Diseased,0.40832380427710846,0.22975547523295325,-0.34029799816950174,-0.32672406392288916,-0.34792430483754655,-0.3608828777593565,-0.34652695242508436,0.022472013246651306,0.4980648391185685,-0.3598424280622727,-0.8985076065403819,0.8604447073907847,-0.6269231733943506,-0.3825592664019233,-0.8319285307825273,0.004028295927628622,-0.6849739141332554,0.8520727053046208,-0.8681935929825134,1.3626161339040184,-0.517593084789421,1.0375003756257506,-0.20973898447968842,0.0024216218899484115,-0.028751647288643052,-0.01082359311963089,-0.011802213241433865,-0.03702425169313863,-0.0020686461508659677,0.002440727429772708,1
data/Split/Diseased/gpe_pv/pre_processed_data/6-OHDA_mice_PV-DIO-ChR2_in_GPe/Neuron_0122,AG7518,4,022222,1.4,4,6-OHDA mice,122,15,left,raw_data/Spike times files GPe to SNr project/6-OHDA mice/PV-DIO-ChR2 in GPe/AG7518_mouse#4_6-OHDA_recorded_022222/Trajectory4_1.4mm_left_rec19_1mW_10s_GPe_cont_neurons_recorded_together/Ch15.txt,10.90560585173867,0.8967155099128604,1.0726825427939677,62.02934904367579,0.06350216803188923,0.32786885245901637,0.059199404761904675,0.8408573170731707,7.8270308008661535,7.925016602312528,13.5,0.791611576974064,0.4,28.64170619541171,0.013604999999995471,0.08107389686337055,0.0110387499999959,0.9707925000000017,12.371352425594377,2.434972193079409,-0.8764213564213564,-0.8914983374333572,-0.3,-0.3,-0.3,-0.3,-0.3,0.017101160765254905,-0.872475480489212,-0.3,data/Split/Diseased,-1.0648504895251627,-1.3197446154716708,-0.6201279232394411,-0.6069283083991327,-0.6318805791976171,-0.6439153012894844,-0.6365584127647426,0.13190810636027317,-1.0516946730494992,-0.6441143320302584,-0.6514040634039348,0.36955447616881104,-0.6269231733943506,-0.6867590164057931,-0.7019648323028992,-0.5712942237295292,-0.6653070878687309,0.7036684077659658,-0.5935604384864094,-0.5269465747243386,-2.3867774775550097,-0.9394083858844294,-0.3157052178823166,-0.22688639871639812,-0.01277248080296064,-0.0005759114801832674,-0.015128556779265065,-0.0023941928534670556,2.6067128613729753e-05,4.8241034824512355e-05,2
data/Split/Diseased/gpe_pv/pre_processed_data/6-OHDA_mice_PV-DIO-ChR2_in_GPe/Neuron_0050,AG7518,1,012722,1.4,4,6-OHDA mice,50,1,left,raw_data/Spike times files GPe to SNr project/6-OHDA mice/PV-DIO-ChR2 in GPe/AG7518_mouse#1_6-OHDA_recorded_012722/Trajectory4_1.4mm_left_rec19_1mW_10s_GPe_cont_neurons_recorded_together/Ch1.txt,18.249397801777082,1.147561961153924,1.7356070636655128,141.91353316282502,0.06735559206853083,0.3986013986013986,0.038808088235294046,0.5443455223880598,11.767788688828878,12.059490267491212,36.5,0.7791490714744469,1.8,174.37246553810814,0.03454249999999988,0.21378256215637617,0.018785416666664764,0.5138912499999982,31.61905830794519,8.044667010557495,0.07496448307931076,0.13855531323509257,0.11333333333333333,0.05962423511110108,0.22978195865995382,0.14217391250321118,0.2193002466707715,0.03488735367485304,0.0554729385133532,0.014453837840080641,data/Split/Diseased,0.9924922722301213,0.9174301987728117,0.5365024337163083,0.40075406254739804,0.8724685328449971,0.6075802394863417,0.8695756762019435,0.24572795111293483,0.9773361361730326,0.24978957989814138,0.6402735484456753,0.3152716246895576,1.1864815031497655,1.3309283820225062,0.2689950024619623,0.7664136459793389,-0.020429426622528155,-1.6178623309411417,0.581557275504602,1.311519742165274,1.843156628681075,0.9101753806229596,0.688928676075463,-0.0956906502606151,-0.442056255960467,-0.2376133708437843,0.16626715432295827,0.04974542670587028,-0.03964020860801367,0.009452461554337049,1
data/Split/Diseased/gpe_pv/pre_processed_data/6-OHDA_mice_PV-DIO-ChR2_in_GPe/Neuron_0004,AG6927,3,060121,1.7,2,6-OHDA mice,4,1,right,raw_data/Spike times files GPe to SNr project/6-OHDA mice/PV-DIO-ChR2 in GPe/AG6927_mouse#3_6-OHDA_recorded_060121/Trajectory2_1.7mm_right_in_SNr_1mW_10s_GPe_stim_neurons_recorded_together/Neuron_recorded_in_Ch1.txt,30.90877650532007,0.7977626576377442,1.7375744630017769,138.59929057858471,0.05970071950619413,0.23891891891891892,0.03435865384615351,0.5370833333333337,25.017657171032454,5.540058752546447,32.3,0.7565667498802247,1.2,165.02620292926025,0.030317499999999952,0.1564154244579657,0.02238624999999992,0.8167924999999997,28.198908573921038,6.00621090399955,-0.7836157401389265,-0.25619138428684457,-0.6,-0.6548012312476728,-0.5395440253591175,-0.404861350162555,-0.5395440253591175,0.15116540174710802,-0.8273450083089319,-0.37460421773691716,data/Split/Diseased,-0.8641611845328724,0.06007935192209994,-1.459617698449259,-1.6010964178090843,-1.3120808690595098,-0.9407069220009775,-1.3313114476701922,0.9898303819701082,-0.9530134138185424,-0.8561931622314146,0.4044019845427029,0.21690995823383877,0.4093080703451442,1.2015264879177179,0.07306400296915727,0.18815094254244005,0.2793249165622247,-0.07881081233005388,0.3727490901800995,0.6434561464972438,-3.402633254913859,0.5797350317572417,0.3245106043690301,0.9627843467494642,-0.06554894934925712,0.5323441524324849,-0.10266346441421266,-0.004039840064467818,-0.04081529518773216,0.02040805444050841,2
data/Split/Diseased/gpe_pv/pre_processed_data/6-OHDA_mice_PV-DIO-ChR2_in_GPe/Neuron_0076,AG6926,1,050621,1.7,2,6-OHDA mice,76,7,right,raw_data/Spike times files GPe to SNr project/6-OHDA mice/PV-DIO-ChR2 in GPe/AG6926_mouse#1_6-OHDA_recorded_050621/Trajectory2_1.7mm_right_in_SNr_1mW_10s_GPe_stim_neurons_recorded_together/Neuron_recorded_in_Ch7.txt,5.512493809859643,0.4676483871135412,0.09962338210589716,32.95292999423912,0.0110382707373334,0.0572289156626506,0.11079999999999994,6.157159999999999,5.2550261680995565,6.270745176166519,4.4,0.275063790140296,0.0,0.0,0.0,0.0,0.0,1.0,4.4,0.0,0.09722222222222221,0.3902842357843273,0.1,0.1,0.1,0.1,0.1,0.0,0.07475909407597299,0.1,data/Split/Diseased,1.0406239519519256,1.4641605610006299,0.4991917770403164,0.5138886695058418,0.5039445182426653,0.4882143928310274,0.5235674285938904,0.022472013246651306,1.0195068032345451,0.49297328384168476,-1.1624591185270414,-1.8803692486789638,-1.145038795264098,-1.0833122898576288,-1.332885837770064,-1.3885218676263587,-1.5842369436876027,0.8520727053046208,-1.080230252387218,-1.3249604605406522,1.9038445814884881,1.2479227344601445,0.4770478030849495,0.38458761178691614,0.05188376688085745,-0.053196940896949825,0.018356856639566273,0.019864454398798064,0.0026532332712148055,-0.0005365933282136117,1
data/Split/Diseased/gpe_pv/pre_processed_data/6-OHDA_mice_PV-DIO-ChR2_in_GPe/Neuron_0035,AG6926,2,051121,1.7,2,6-OHDA mice,35,13,right,raw_data/Spike times files GPe to SNr project/6-OHDA mice/PV-DIO-ChR2 in GPe/AG6926_mouse#2_6-OHDA_recorded_051121/Trajectory2_1.7mm_right_in_SNr_1mW_10s_GPe_stim_neurons_recorded_together/Neuron_recorded_in_Ch13.txt,21.717100032655054,0.8807140436311237,1.8263009168229112,137.8772675026748,0.05671259879642794,0.2851919561243144,0.03105326086956519,0.5037438888888889,16.456869638232966,8.378098054708731,23.8,0.808828308063162,1.2,116.59560721252527,0.0364050000000045,0.18499125636082156,0.02857750000000401,0.8494524999999967,20.356902907570753,6.1742619797986675,-0.02835916379628837,-0.05877148652133022,-0.20666666666666664,-0.23431900487566787,-0.1788817760334768,-0.18213290270951094,-0.17937290418853066,-0.00902918703315737,-0.023117517233007624,-0.2090474976970773,data/Split/Diseased,0.7690580479733876,0.4888558751887412,-0.3589533265074976,-0.4228873722465195,-0.28795778285119167,-0.3103131992835994,-0.28670188521741935,-0.035308798621307785,0.8054920414424123,-0.38556192202721395,-0.07295713287997892,0.4445452761083945,0.4093080703451442,0.530989923661978,0.3553669519427343,0.47619630216932746,0.794720633454487,0.08713575473704574,-0.1060237998501902,0.6985315565554038,-0.23870288915823243,1.4940395313744348,-0.25849908700195146,0.025744459346297096,-0.1809681427069634,0.0212943610336861,0.007027762118173656,0.0001312992107898503,-0.0006752190940256838,-0.003374405799156218,1
data/Split/Diseased/gpe_pv/pre_processed_data/6-OHDA_mice_PV-DIO-ChR2_in_GPe/Neuron_0043,AG6926,2,051121,1.0,6,6-OHDA mice,43,7,left,raw_data/Spike times files GPe to SNr project/6-OHDA mice/PV-DIO-ChR2 in GPe/AG6926_mouse#2_6-OHDA_recorded_051121/Trajectory6_1.0mm_left_in_SNr_1mW_10s_GPe_stim_neurons_recorded_together/Neuron_recorded_in_Ch7.txt,30.072347544473,1.083409545530871,2.8624481337295826,252.29983432834985,0.047782081157893154,0.33480907581627006,0.016692732558139398,0.3283355263157896,21.007641485897388,12.00990765658872,29.3,1.0588551861206013,2.5,222.88740068419648,0.05072749999999715,0.3142413771950977,0.02197187499999759,0.36864958333333014,21.056528126947516,11.336753298766979,-0.4508481301698123,0.07382700805600048,-0.43,-0.23445871680372524,-0.3218997222999086,-0.09323513232407837,-0.15973523173528476,0.2546827724599761,-0.47128922666424405,0.11174476834985247,data/Split/Diseased,-0.14456141197804603,0.7768467116685986,-0.9839068258303623,-0.42327885099897583,-0.6940662147356391,-0.058703685297461276,-0.22974645702455143,1.6522729363508244,-0.17446997760532232,0.5263603604464397,0.23592229604058002,1.533585669136131,2.0931838414218236,2.0026326517411452,1.019561446672748,1.7790419258450103,0.2448299276361935,-2.355840162491655,-0.06331003471528418,2.39043578841968,-1.0219568223406386,0.7834399688745612,1.5979780038936033,0.6332906818578204,0.2178796833506589,0.7320469076451785,-0.7253995479142644,-0.05395745677516699,-0.1806742256840099,0.09388648707587274,1
data/Split/Diseased/gpe_pv/pre_processed_data/6-OHDA_mice_PV-DIO-ChR2_in_GPe/Neuron_0025,AG7518,2,020122,1.4,1,6-OHDA mice,25,2,right,raw_data/Spike times files GPe to SNr project/6-OHDA mice/PV-DIO-ChR2 in GPe/AG7518_mouse#2_6-OHDA_recorded_020122/Trajectory1_1.4mm_right_rec1_1mW_10s_GPe_neurons_recorded_together/Ch2.txt,30.200783806725266,0.55133240823088,0.2827307420204067,116.41250089794727,0.010269551634022853,0.0374468085106383,0.03632272727272659,2.3486675000000004,29.37149290156459,3.9634519528200793,24.2,0.4918364547473635,0.2,18.8767338171549,0.008920000000000528,0.03643263757115749,0.008920000000000528,1.0,23.571919647331143,0.946027497000048,-0.3633430708932789,0.0716690619470707,0.0,0.0,0.0,0.0,0.0,0.0,-0.36843083901762796,0.0,data/Split/Diseased,0.044665600706975964,0.7721598658113353,0.21936185197037703,0.23368442502959813,0.21998824388259466,0.20518196930089944,0.23353596825423217,0.022472013246651306,0.05043782249230507,0.20870137987369894,-0.05049317441302926,-0.9361740097690232,-0.8859809843292243,-0.821958076662365,-0.919227964284631,-1.0212796390530823,-0.8416841805660659,0.8520727053046208,0.09026053370949512,-1.0149186945131954,0.5916836325445758,0.1891235388174512,0.33203282666178463,0.5439711866367469,0.08342157152442498,-0.08763809546707238,0.010399103849337869,-0.009759438605792382,0.0010687903010271373,7.899548240021213e-05,1
data/Split/Diseased/gpe_pv/pre_processed_data/6-OHDA_mice_PV-DIO-ChR2_in_GPe/Neuron_0064,AG7518,1,012722,1.7,5,6-OHDA mice,64,15,left,raw_data/Spike times files GPe to SNr project/6-OHDA mice/PV-DIO-ChR2 in GPe/AG7518_mouse#1_6-OHDA_recorded_012722/Trajectory5_1.7mm_left_rec25_1mW_10s_GPe_cont_neurons_recorded_together/Ch15.txt,25.53512736278652,0.9886681892221434,1.7503258346048414,132.65258409614316,0.057361612818928855,0.2626521460602178,0.0327719626168227,0.5377452830188676,19.97401295881337,6.641258537764756,17.9,0.8757655931231467,1.0,64.1835881415042,0.0418549999999982,0.22583882301273608,0.025427500000000693,0.7170100000000013,14.340401564447912,6.46668038864271,-0.5586546329861043,-0.4839082434685853,-0.5333333333333333,-0.5364696734059129,-0.4964624676445176,-0.49523809523809526,-0.46355884025013905,0.2308105578459438,-0.4950197843107881,-0.49784381160871793,data/Split/Diseased,-0.37768967501342776,-0.4344991797977254,-1.2730644150692996,-1.2695263701816117,-1.1897480828368485,-1.1965024138959246,-1.1109305056568295,1.4995065869087745,-0.22635867270825138,-1.2065287021731956,-0.4043005202674877,0.736103558947044,0.15025025941027056,-0.19467067731726764,0.608106347737899,0.8879411663654975,0.5324962832487509,-0.5858090771302412,-0.4733453574305816,0.7943658956041569,-3.2614004091431634,1.0960118683641416,0.6235431623423103,-0.04572632483277193,-0.07776652804569756,0.023266878575755063,-0.00751904301486862,-0.055403370855437326,-0.005090657722393452,0.005541258876720416,2
data/Split/Diseased/gpe_pv/pre_processed_data/6-OHDA_mice_PV-DIO-ChR2_in_GPe/Neuron_0067,AG7518,1,012722,1.7,5,6-OHDA mice,67,9,left,raw_data/Spike times files GPe to SNr project/6-OHDA mice/PV-DIO-ChR2 in GPe/AG7518_mouse#1_6-OHDA_recorded_012722/Trajectory5_1.7mm_left_rec25_1mW_10s_GPe_cont_neurons_recorded_together/Ch9.txt,22.16818673437296,0.8813627986988044,1.2784421415440002,118.43467534284555,0.04911774707812092,0.22260668973471742,0.03842000000000034,0.7353510204081629,18.123589976632946,6.534835289009815,35.7,0.7806096165470064,1.1,116.27156378656028,0.032720000000000485,0.13500019933183968,0.02591708333333334,0.8672374999999988,32.09626158838226,3.942454730890664,-0.9563096307705472,-0.9840405642170392,-0.8,-0.8,-0.8,-0.8,-0.8,0.10201873054646429,-0.9528196925160419,-0.8,data/Split/Diseased,-1.2376064379085134,-1.5207371937516478,-2.0192775485891383,-2.007949530780351,-2.0516619509979703,-2.059077418940124,-2.086715714463034,0.6753242639605197,-1.227373491189384,-2.0654738518701876,0.595345631511776,0.3216333110498919,0.27977916487770754,0.5265034422900146,0.1844780210239683,-0.02771525669598829,0.5732520519644896,0.1775019425903518,0.6106916581392838,-0.032899044646541975,-5.601319324621709,0.4153511564359364,-0.759283900211781,0.07369139320712494,-0.021409638856641267,0.003314248996651962,-0.009429089150571059,0.04929570790177336,0.0025750436970569043,-0.002533865658258777,2
data/Split/Diseased/gpe_pv/pre_processed_data/6-OHDA_mice_PV-DIO-ChR2_in_GPe/Neuron_0083,AG6927,1,052521,1.4,4,6-OHDA mice,83,12,left,raw_data/Spike times files GPe to SNr project/6-OHDA mice/PV-DIO-ChR2 in GPe/AG6927_mouse#1_6-OHDA_recorded_052521/Trajectory4_1.4mm_left_in_SNr_1mW_10s_GPe_stim_neurons_recorded_together/Neuron_recorded_in_Ch12.txt,2.4364540248635125,1.621651395163493,0.4005129903885226,33.58810619274061,0.051650322120916636,0.6301369863013698,0.1289604166666669,1.8933090909090906,0.9502341271307682,35.347189954290414,2.8,0.33613985987437567,0.1,3.751172241325867,0.007997499999999037,0.05,0.007997499999999037,1.0,2.5260780957039177,1.1503907471086223,0.5281196581196582,0.5143840127657386,0.4,0.4,0.4,0.4,0.4,0.0,0.5277686917707233,0.4,data/Split/Diseased,1.9724264699164364,1.7336930220874884,1.3386815522501345,1.3545014029345728,1.355813341322877,1.3373116634214113,1.3936618096128652,0.022472013246651306,2.010047238212765,1.3457889957456421,-1.2523149523948403,-1.6143406220586247,-1.0155098897966612,-1.0313761509477992,-0.9620081647656743,-0.8845201633083467,-0.9184784545549318,0.8520727053046208,-1.194637592037669,-0.9479426888730867,4.253607383088549,1.494904359821392,0.9280629278203748,-0.3004167290520776,0.003760370258391189,0.014235150247556904,0.035040773804202084,-0.02741394355100687,-0.002780605298508821,0.0034142425582529205,0
data/Split/Diseased/gpe_pv/pre_processed_data/6-OHDA_mice_PV-DIO-ChR2_in_GPe/Neuron_0039,AG6926,2,051121,1.7,2,6-OHDA mice,39,5,right,raw_data/Spike times files GPe to SNr project/6-OHDA mice/PV-DIO-ChR2 in GPe/AG6926_mouse#2_6-OHDA_recorded_051121/Trajectory2_1.7mm_right_in_SNr_1mW_10s_GPe_stim_neurons_recorded_together/Neuron_recorded_in_Ch5.txt,66.21784574266954,0.5360110408180713,1.5069656996323724,288.0184741215696,0.024994854432376663,0.09471218206157965,0.016586213235294082,0.6114537037037038,61.48296688841069,4.6845246528898405,62.6,0.5817900972291918,1.2,172.7975042873831,0.023460000000011406,0.07963428916376743,0.01433500000000786,0.6924224999999993,58.97582125599996,2.949409233489294,-0.2162382952542819,-0.07049125825617787,-0.6333333333333333,-0.6191370984809217,-0.6143658326143866,-0.6128911138923654,-0.5800785379852613,0.25901421649751766,-0.19181763320058584,-0.6037505174634173,data/Split/Diseased,0.3627751760390705,0.4634016882763598,-1.552894340139239,-1.501164004041005,-1.524542085350445,-1.529498603949459,-1.4488742865813604,1.679991307022593,0.4366162226920989,-1.507591711336124,2.1060468384141457,-0.5443635335362179,0.4093080703451442,1.309122556794299,-0.24494708082248526,-0.5858055184125154,-0.3909080356884505,-0.7107389980660346,2.2517519955511975,-0.3583500286150549,-3.296959102782704,2.596106739794977,0.622407166533068,0.29781138531406,0.013324720915399874,-0.012587462416348078,-0.0036429509646028696,0.02923375842916238,1.2985610392829135e-05,-0.0013620167388693175,2
data/Split/Diseased/gpe_pv/pre_processed_data/6-OHDA_mice_PV-DIO-ChR2_in_GPe/Neuron_0061,AG7518,1,012722,1.4,1,6-OHDA mice,61,9,right,raw_data/Spike times files GPe to SNr project/6-OHDA mice/PV-DIO-ChR2 in GPe/AG7518_mouse#1_6-OHDA_recorded_012722/Trajectory1_1.4mm_right_rec1_1mW_10s_GPe_cont_neurons_recorded_together/Ch9.txt,15.967026973838058,0.856897028539975,1.1792015928782598,85.65363175703774,0.06056435154071038,0.2684630738522954,0.05136047297297284,0.7701636986301372,12.433496484102339,6.888941647794392,14.7,0.7403747399666892,0.7,54.0093549573143,0.03491250000000008,0.17014874573311106,0.03491250000000008,1.0,12.604545367807585,4.474870636496202,-0.8145026670955463,-0.7666782993037418,-0.7,-0.7,-0.7,-0.7,-0.7,0.0,-0.7846866070048453,-0.7,data/Split/Diseased,-0.9309532188145864,-1.0486478182947498,-1.7394476235191987,-1.7277452863041072,-1.7677056766378993,-1.776044995409996,-1.7966842541233754,0.022472013246651306,-0.8597375282782589,-1.7812019479022014,-0.5840121880030856,0.14638252943438557,-0.23833645699204006,-0.33553607990627715,0.28615345685542476,0.3265832891148416,1.3220829377562515,0.8520727053046208,-0.5793234609033461,0.1415897182683907,-4.536293970762818,0.5711913512843922,-1.1511653833771431,0.2792684675907079,-0.05155434502094362,-0.028775995695672588,-0.04986592995757463,-0.0034948650908620256,0.001717681648865271,-0.0005541593264615659,2
data/Split/Diseased/gpe_pv/pre_processed_data/6-OHDA_mice_PV-DIO-ChR2_in_GPe/Neuron_0125,AG7518,4,022222,1.4,4,6-OHDA mice,125,9,left,raw_data/Spike times files GPe to SNr project/6-OHDA mice/PV-DIO-ChR2 in GPe/AG7518_mouse#4_6-OHDA_recorded_022222/Trajectory4_1.4mm_left_rec19_1mW_10s_GPe_cont_neurons_recorded_together/Ch9.txt,13.919332995778866,0.8718428708239466,1.2259229060502488,79.5762082106899,0.06146726370814848,0.29908256880733947,0.05013958333333322,0.7189840425531916,10.395272056107254,7.655038538788278,13.9,0.8095567487862348,0.6,38.298216342889255,0.028182499999999777,0.1343137254901961,0.023675000000000068,0.952747500000001,12.132564784866709,3.178006312226693,-0.8258212375859435,-0.7555926325630835,-0.4,-0.4,-0.4,-0.4,-0.4,0.030935039853351925,-0.8457463857960331,-0.4,data/Split/Diseased,-0.9554292811071021,-1.0245708448135977,-0.8999578483093805,-0.8871325528753764,-0.9158368535576878,-0.9269477248196124,-0.9265898731044008,0.22043576251116284,-0.9932494453574453,-0.9283862359982442,-0.628940104936985,0.4477181404720828,-0.3678653624594769,-0.5530616492525565,-0.02594491630118126,-0.03463493641915024,0.38660797412645487,0.6119811510995173,-0.608138985572299,-0.2834318658500067,-2.864211853009919,-0.4048158459536495,-0.38388908641152797,0.04116479551883687,0.0018862768972498709,-0.015001375067094522,-0.012391175853030087,0.04403829931697255,0.003743480156500151,-0.0025056897919059433,2
data/Split/Diseased/gpe_pv/pre_processed_data/6-OHDA_mice_PV-DIO-ChR2_in_GPe/Neuron_0084,AG6927,1,052521,1.4,4,6-OHDA mice,84,4,left,raw_data/Spike times files GPe to SNr project/6-OHDA mice/PV-DIO-ChR2 in GPe/AG6927_mouse#1_6-OHDA_recorded_052521/Trajectory4_1.4mm_left_in_SNr_1mW_10s_GPe_stim_neurons_recorded_together/Neuron_recorded_in_Ch4.txt,8.513006074054823,1.1825672511502763,0.966251178659843,47.73155063194725,0.09098046173478763,0.45596868884540115,0.09415818965517267,0.9120916666666664,5.094876030028615,9.368540147124868,3.7,0.43221821525094006,0.3,13.78152892927534,0.021734999999999616,0.12285714285714286,0.012576250000000044,0.9278025,2.6590041909636093,4.162948830133658,0.23134199134199135,0.2216245385180689,-0.2,-0.2,-0.2,-0.2,-0.2,0.05649146143463553,0.3152794099575882,-0.2,data/Split/Diseased,1.3306538480786836,1.09784835322649,-0.34029799816950174,-0.32672406392288916,-0.34792430483754655,-0.3608828777593565,-0.34652695242508436,0.3839799201394967,1.5454230300139387,-0.3598424280622727,-1.2017710458442035,-1.1958527750171777,-0.7564520788617873,-0.8925027629115422,-0.3249425776573739,-0.1501176798735296,-0.537316631220483,0.4852347605456489,-1.1865221412849354,0.03936352715471682,0.16944256445052708,2.5375456646717898,0.11404664741918931,0.008078393224621103,-0.026120168793414236,-0.003963061604867349,0.01602773661293712,-0.10036756251008401,-0.008638427030380732,0.006692735806588816,1
data/Split/Diseased/gpe_pv/pre_processed_data/6-OHDA_mice_PV-DIO-ChR2_in_GPe/Neuron_0135,AG7518,4,022222,1.7,5,6-OHDA mice,135,5,left,raw_data/Spike times files GPe to SNr project/6-OHDA mice/PV-DIO-ChR2 in GPe/AG7518_mouse#4_6-OHDA_recorded_022222/Trajectory5_1.7mm_left_rec25_1mW_10s_GPe_cont_neurons_recorded_together/Ch5.txt,53.313336551993345,0.4427887472082876,0.10272319181501607,247.19877711447845,0.001698784784640838,0.0072254335260115606,0.016537500000000094,5.150950000000001,53.01819107900122,4.662527560514713,37.6,0.5867814385055763,0.3,41.879104753287244,0.013355000000004225,0.044695523370638576,0.013355000000004225,1.0,36.40532569703747,1.1875565591263222,-0.5175469445126778,0.1459616840902625,0.4666666666666666,0.40361730583595656,0.4029125574633289,0.505774999708186,0.3469787595216727,-0.28462807504533477,-0.6034359984681672,0.5477287420733058,data/Split/Diseased,-0.28879555674729623,0.9335161049111841,1.525234835630094,1.3646372474226098,1.3640837309843419,1.6366892085844758,1.2398835315633705,-1.7989589966704063,-0.4634190892570964,1.7657403035453834,0.7020494342297872,-0.5226227818714287,-0.7564520788617873,-0.5034831426049133,-0.7135583825683399,-0.9379894685426112,-0.47248894464156294,0.8520727053046208,0.8737701567278738,-0.9357623304476154,3.4757682345566097,-1.8771993658958708,-0.4438789385809784,0.9381165264751194,0.2256810734028573,0.27373198192980264,-0.019335483262284466,-0.029203154135246892,0.03468726316105886,-0.016689847489839614,0
data/Split/Diseased/gpe_pv/pre_processed_data/6-OHDA_mice_PV-DIO-ChR2_in_GPe/Neuron_0008,AG6927,3,060121,1.4,4,6-OHDA mice,8,5,left,raw_data/Spike times files GPe to SNr project/6-OHDA mice/PV-DIO-ChR2 in GPe/AG6927_mouse#3_6-OHDA_recorded_060121/Trajectory4_1.4mm_left_in_SNr_1mW_10s_GPe_stim_neurons_recorded_together/Neuron_recorded_in_Ch5.txt,11.218895611915963,1.0296025062635017,1.0969586820540052,81.56652044697053,0.05882440932514602,0.3451851851851852,0.05362499999999999,0.8429415384615385,7.805450040704892,10.449944592766165,8.0,0.7955921710491023,0.4,31.537685771784034,0.02105250000000325,0.1685714285714286,0.02105250000000325,1.0,6.650943845039846,10.799431735394103,-0.008722560593528333,0.038614244145659435,0.1,0.034599832073003656,0.17149998946256478,0.14053156146179405,0.17149998946256478,0.0,0.0003845951871754516,0.08100471327723362,data/Split/Diseased,0.8115216014417286,0.700368065620376,0.4991917770403164,0.33063462307980707,0.7069732244884073,0.6029318535309465,0.7309398921748688,0.022472013246651306,0.8568812234333901,0.4389750206106987,-0.9602834923244937,0.38689272303908406,-0.6269231733943506,-0.6466632842233271,-0.3565929698829668,0.3106838783600814,0.1682957968524916,0.8520727053046208,-0.9428048365130691,2.214339293380115,1.6776891011752002,0.6628411548696335,0.437337170712844,-0.11127847606388405,-0.3333284938905514,-0.01584986448160908,0.06637059886087554,-0.034678531454073826,0.012767505514202252,0.009621039594042922,1
data/Split/Diseased/gpe_pv/pre_processed_data/6-OHDA_mice_PV-DIO-ChR2_in_GPe/Neuron_0080,AG6926,1,050621,1.4,1,6-OHDA mice,80,15,right,raw_data/Spike times files GPe to SNr project/6-OHDA mice/PV-DIO-ChR2 in GPe/AG6926_mouse#1_6-OHDA_recorded_050621/Trajectory1_1.4mm_right_in_SNr_1mW_10s_GPe_stim_neurons_recorded_together/Neuron_recorded_in_Ch15.txt,14.119413201155345,0.8430803171173515,0.7935969949127126,60.377282582683925,0.056058534391683075,0.22014051522248243,0.07063854166666662,1.054604347826087,11.665085924917832,5.175896943348852,16.6,0.5145347761228671,0.1,7.920792079207992,0.003787499999999966,0.016666666666666666,0.003787499999999966,1.0,16.359048980122125,0.5080528052805329,-0.1815676820398734,-0.01830268609233788,0.0,0.0,0.0,0.0,0.0,0.0,-0.19479906806493144,0.0,data/Split/Diseased,0.4377493160575066,0.576750113536108,0.21936185197037703,0.23368442502959813,0.21998824388259466,0.20518196930089944,0.23353596825423217,0.022472013246651306,0.43009708534398006,0.20870137987369894,-0.4773083852850742,-0.8373070838452851,-1.0155098897966612,-0.9736464757503505,-1.157243551242489,-1.2205212995203547,-1.2689433797500882,0.8520727053046208,-0.35010218492158734,-1.158456220987484,0.7432562649589136,0.5373035005522637,0.23200792678851095,0.12516112574803212,0.023974765791399996,-0.03017253727724837,0.006513204453874015,0.00970709376858478,0.001566147920861908,-9.856819867475377e-05,1
data/Split/Diseased/gpe_pv/pre_processed_data/6-OHDA_mice_PV-DIO-ChR2_in_GPe/Neuron_0112,AG6926,3,051321,1.4,1,6-OHDA mice,112,12,right,raw_data/Spike times files GPe to SNr project/6-OHDA mice/PV-DIO-ChR2 in GPe/AG6926_mouse#3_6-OHDA_recorded_051321/Trajectory1_1.4mm_right_in_SNr_1mW_10s_GPe_stim_neurons_recorded_together/Neuron_recorded_in_Ch12.txt,70.72116294054052,1.000979951495897,3.841725903713822,288.697784376365,0.0990872977926357,0.36584789796882383,0.025792391304347705,0.22271244541484728,49.78059919340595,5.799403563921074,35.5,0.9880575399666481,2.6,143.63107191089244,0.07735000000001549,0.32504949693935925,0.029610763888894963,0.576265937499995,21.540354778744984,5.666248147903899,-0.07729987154514642,0.017120534606259695,0.06499999999999999,0.19711715478156053,0.03990258677810334,0.11785747463735774,0.1818737559974993,-0.13146930459870684,-0.09549994565405409,0.20882601875506418,data/Split/Diseased,0.6632252652454677,0.6536858509463861,0.40125130326583763,0.7860150593183376,0.33329414267099106,0.5387568360784188,0.7610270787483662,-0.8188443896070552,0.647222277406916,0.802335079369263,0.5841136522783009,1.225212837415107,2.2227127468892602,0.9053042872087457,2.2541586144836083,1.8879881412766297,0.880735538805343,-1.3009344294558836,-0.03377127968113224,0.5320400897571386,1.8859919904588323,0.2696416518060629,-0.30238746130314886,0.06819400629887311,0.11297098356187715,0.010145629285353317,-0.4669273476024132,0.0016733221666615458,-0.02711997257522505,-0.06121772765329471,1
data/Split/Diseased/gpe_pv/pre_processed_data/6-OHDA_mice_PV-DIO-ChR2_in_GPe/Neuron_0055,AG7518,1,012722,1.7,2,6-OHDA mice,55,4,right,raw_data/Spike times files GPe to SNr project/6-OHDA mice/PV-DIO-ChR2 in GPe/AG7518_mouse#1_6-OHDA_recorded_012722/Trajectory2_1.7mm_right_rec7_1mW_10s_GPe_cont_neurons_recorded_together/Ch4.txt,39.91833461125995,0.7537388457174905,2.0115914692846966,213.79386496161996,0.0470026633993546,0.21138743455497383,0.023365909090909156,0.4692457236842104,33.03272638554127,6.472183448206065,37.5,0.7081854649566225,1.3,143.25007001149493,0.028882499999998857,0.129515717876336,0.018183750000000033,0.8075716666666676,33.42670240932138,4.264777946364695,-0.4324172777036292,0.04800072656853377,-0.39333333333333337,-0.4671357310100411,-0.2235792377085713,-0.17304127004797915,-0.12676151040276018,0.16608215927083134,-0.44994513540036357,-0.22336675409739443,data/Split/Diseased,-0.1047052575768172,0.7207545785531496,-0.8813025199713846,-1.0752497207256653,-0.41487902975731045,-0.2845809310232093,-0.134112291515501,1.0852877423053304,-0.1277994753635902,-0.4262675448304531,0.6964334446130497,0.006175920526571998,0.5388369758125812,0.9000291981701725,0.006517024443146696,-0.08299901671347594,-0.07051566494203423,-0.1256621790527877,0.6919181994039175,0.07273600219312915,-1.3388933153989604,0.9562290700304266,0.9311818642390673,0.7567661279130917,-0.5754960054001559,0.2333215825960177,-0.17647289479327757,-0.014485461850771207,-0.015032377871564714,-0.010683696188968377,1
data/Split/Diseased/gpe_pv/pre_processed_data/6-OHDA_mice_PV-DIO-ChR2_in_GPe/Neuron_0041,AG6926,2,051121,1.4,4,6-OHDA mice,41,15,left,raw_data/Spike times files GPe to SNr project/6-OHDA mice/PV-DIO-ChR2 in GPe/AG6926_mouse#2_6-OHDA_recorded_051121/Trajectory4_1.4mm_left_in_SNr_1mW_10s_GPe_stim_neurons_recorded_together/Neuron_recorded_in_Ch15.txt,13.61746548687667,0.666717242831692,0.38476868083312454,87.65015129933978,0.017681793791589944,0.09090909090909091,0.0459543478260867,2.3939977272727275,12.602346165161409,6.9550661559864535,10.7,0.49103324933558506,0.1,6.165703275527099,0.00648750000000291,0.026666666666666665,0.00648750000000291,1.0,10.376313327095344,0.5241548432297363,0.13922480869742532,0.12993860645684605,0.3,0.329222342103069,0.2582354547937813,0.2743801652892562,0.2582354547937813,0.0,0.10600210259002205,0.31328899325128523,data/Split/Diseased,1.1314532597594853,0.8987155625269102,1.058851627180195,1.1561794013664968,0.9532640203918002,0.9817668008050521,0.9825000289073942,0.022472013246651306,1.0878220517436674,1.0992939659112622,-0.8086517726725829,-0.9396725261850233,-1.0155098897966612,-0.9979462226142375,-1.0320332083712085,-1.1197209586567523,-1.044179651002306,0.8520727053046208,-0.7153622677059931,-1.1531790971213776,2.8892653898755163,0.526810151536036,0.7026302094998127,-0.33106860896525553,0.19335601840861014,0.03315868389540158,-0.004325336434466605,0.022145869561705667,0.007856048068500137,-0.00010398774608124375,0
data/Split/Diseased/gpe_pv/pre_processed_data/6-OHDA_mice_PV-DIO-ChR2_in_GPe/Neuron_0085,AG6927,1,052521,1.4,4,6-OHDA mice,85,7,left,raw_data/Spike times files GPe to SNr project/6-OHDA mice/PV-DIO-ChR2 in GPe/AG6927_mouse#1_6-OHDA_recorded_052521/Trajectory4_1.4mm_left_in_SNr_1mW_10s_GPe_stim_neurons_recorded_together/Neuron_recorded_in_Ch7.txt,2.3989684435692653,0.874954767312595,0.23323304312478968,20.006271868475427,0.04885982360918141,0.3055555555555556,0.20948928571428582,4.000726923076923,1.7515297422886715,11.42217079473274,1.3,0.06807777983383453,0.0,0.0,0.0,0.0,0.0,1.0,1.3,0.0,-0.6333333333333333,-0.1,0.0,0.0,0.0,0.0,0.0,0.0,-0.6333333333333333,0.0,data/Split/Diseased,-0.5391800790510797,0.39931161511708047,0.21936185197037703,0.23368442502959813,0.21998824388259466,0.20518196930089944,0.23353596825423217,0.022472013246651306,-0.5287919185144274,0.20870137987369894,-1.3365547966459017,-2.781936823200318,-1.145038795264098,-1.0833122898576288,-1.332885837770064,-1.3885218676263587,-1.5842369436876027,0.8520727053046208,-1.2694925434695261,-1.3249604605406522,0.17218423327341292,-0.6057687169290848,0.36430586582478974,0.6151340412221152,0.11113898312393324,-0.10890236694666178,0.010229061049431094,-0.025194786251609164,0.00019859983184326532,0.00036756109522843535,1
data/Split/Diseased/gpe_pv/pre_processed_data/6-OHDA_mice_PV-DIO-ChR2_in_GPe/Neuron_0002,AG6927,3,060121,1.0,3,6-OHDA mice,2,4,right,raw_data/Spike times files GPe to SNr project/6-OHDA mice/PV-DIO-ChR2 in GPe/AG6927_mouse#3_6-OHDA_recorded_060121/Trajectory3_1.0mm_right_in_SNr_1mW_10s_GPe_stim_neurons_recorded_together/Neuron_recorded_in_Ch4.txt,25.139304108756097,0.9579435667917576,1.7326178384448285,109.8951893813373,0.06679895585257034,0.2613784135240572,0.03855377358490553,0.5133413461538463,19.897569553916103,5.523045871685795,26.2,1.161019692380734,2.0,113.212321315078,0.0801099999999991,0.3569578243107655,0.03912875000000137,0.518043750000001,18.464889967405632,7.202402552717179,0.020248580217239815,-0.1786960901416816,-0.23666666666666666,-0.06500759308553496,-0.29164080733755143,-0.2712545847157425,-0.17230374122155584,0.35946801115941734,0.13856762755835,-0.14862999053247378,data/Split/Diseased,0.8741708068136623,0.22839147835504667,-0.44290230402847947,0.051530389972084104,-0.6081441271467477,-0.5625564557566506,-0.26619908863051195,2.3228290054185847,1.1590290845120053,-0.21381192408040128,0.06182661792171944,1.978582922693244,1.445539314084639,0.4841472848714483,2.3821514094177956,2.209625168819146,1.6730681493607304,-1.5967633376849673,-0.22153563978987562,1.035484256094242,-0.7793617380923115,2.0222131051962835,1.8322029221245595,-0.8726516013243576,0.428480039645373,-0.07261485851945117,-0.22314625222991538,-0.09754253231331572,-0.02673910527321199,-0.002163226999543734,1
data/Split/Diseased/gpe_pv/pre_processed_data/6-OHDA_mice_PV-DIO-ChR2_in_GPe/Neuron_0069,AG6926,1,050621,1.0,3,6-OHDA mice,69,13,right,raw_data/Spike times files GPe to SNr project/6-OHDA mice/PV-DIO-ChR2 in GPe/AG6926_mouse#1_6-OHDA_recorded_050621/Trajectory3_1.0mm_right_in_SNr_1mW_10s_GPe_stim_neurons_recorded_together/Neuron_recorded_in_Ch13.txt,2.8654404969206926,1.058166288554495,0.23323352881912615,16.565659963948736,0.07136529493420961,0.38372093023255816,0.3059821428571437,2.4723230769230757,1.9016207280247321,8.71133750269748,4.5,0.3669304404772327,0.0,0.0,0.0,0.0,0.0,1.0,4.5,0.0,-0.9,-0.7699530252620329,0.0,0.0,0.0,0.0,0.0,0.0,-0.9,0.0,data/Split/Diseased,-1.115838584664344,-1.0557601997058417,0.21936185197037703,0.23368442502959813,0.21998824388259466,0.20518196930089944,0.23353596825423217,0.022472013246651306,-1.1118791584721543,0.20870137987369894,-1.1568431289103038,-1.4802262969836055,-1.145038795264098,-1.0833122898576288,-1.332885837770064,-1.3885218676263587,-1.5842369436876027,0.8520727053046208,-1.0741250171910144,-1.3249604605406522,-0.55702577575882,-1.838060085582245,0.2044050497665676,-0.22249029952599436,0.03859175090722755,-0.025775350013042937,9.477111089325856e-05,-0.027989999321343273,-0.0016139251486749114,0.0011933504158795733,2
data/Split/Diseased/gpe_pv/pre_processed_data/6-OHDA_mice_PV-DIO-ChR2_in_GPe/Neuron_0042,AG6926,2,051121,1.4,4,6-OHDA mice,42,4,left,raw_data/Spike times files GPe to SNr project/6-OHDA mice/PV-DIO-ChR2 in GPe/AG6926_mouse#2_6-OHDA_recorded_051121/Trajectory4_1.4mm_left_in_SNr_1mW_10s_GPe_stim_neurons_recorded_together/Neuron_recorded_in_Ch4.txt,24.24042689248685,0.9139837305325745,1.6394491618107045,127.81809253270731,0.05457065461281194,0.24361628709454797,0.03328596938775514,0.5707376288659793,19.39337316406599,6.5908128230906025,14.9,0.8061106737726543,0.9,72.30587034169216,0.025617500000001313,0.1498155467720685,0.015762916666667102,0.7830162499999972,12.042104965554403,5.1799208514088715,-0.24871523112902424,-0.23118140128837084,0.08,0.07280022820431595,0.10225673522022305,0.127741002595571,0.12204455357212277,-0.03728747735561821,-0.3248354341970564,0.12636536642585297,data/Split/Diseased,0.2925447961324702,0.11439856532672064,0.44322579202632856,0.4376737544464829,0.5103526594961821,0.5667304247888277,0.5875035692444763,-0.21614312521530654,0.14576253851105572,0.567922612968593,-0.5727802087696107,0.4327080946868028,0.020721353942833736,-0.08221517021831941,-0.1448947420286967,0.12162395050278792,-0.272039934081382,-0.25042908348440324,-0.6136617702993759,0.37265595520415595,1.1726935674820531,-0.2557928171987522,0.1778946984676626,-0.14816000851511224,-0.09926887978845174,0.10213542818270639,-0.06811568287349606,0.07481922853857588,-0.0026184601912213235,-0.012478245457313004,1
data/Split/Diseased/gpe_pv/pre_processed_data/6-OHDA_mice_PV-DIO-ChR2_in_GPe/Neuron_0038,AG6926,2,051121,1.7,2,6-OHDA mice,38,3,right,raw_data/Spike times files GPe to SNr project/6-OHDA mice/PV-DIO-ChR2 in GPe/AG6926_mouse#2_6-OHDA_recorded_051121/Trajectory2_1.7mm_right_in_SNr_1mW_10s_GPe_stim_neurons_recorded_together/Neuron_recorded_in_Ch3.txt,40.972664046983574,0.7128895309235703,1.5483855599150769,189.1559815619345,0.037146365115270426,0.14728682170542637,0.02399038461538466,0.521549342105263,36.28581678136558,5.212945396865773,36.9,0.6446149370450738,1.4,129.79078054382,0.036709999999995094,0.14208919346116705,0.025633333333330198,0.6977037499999976,32.95225705812375,4.095209392149139,-0.9288109161793372,-0.7374045216697646,-0.9,-0.9,-0.9,-0.9,-0.9,0.25641166643329594,-0.9176537236013864,-0.9,data/Split/Diseased,-1.1781413091743151,-0.9850680639799845,-2.299107473659077,-2.288153775256595,-2.335618225358041,-2.342109842470252,-2.3767471748026923,1.6633367117544344,-1.1504803871085627,-2.3497457558381734,0.6627375069126249,-0.2707178008191352,0.6683658812800178,0.7136811761519407,0.36951108326663085,0.0437420457656392,0.549631048989371,-0.6839047877989517,0.6629521948358486,0.017163268653745692,-6.243655939213215,1.16996484671094,0.05458371981942366,0.37980385180605747,0.08384869496145873,-0.022395743373969892,0.062142361941480144,0.056317294647101966,-0.0005036952082478337,-0.0022349628920969892,2
data/Split/Diseased/gpe_pv/pre_processed_data/6-OHDA_mice_PV-DIO-ChR2_in_GPe/Neuron_0113,AG6926,3,051321,1.4,1,6-OHDA mice,113,15,right,raw_data/Spike times files GPe to SNr project/6-OHDA mice/PV-DIO-ChR2 in GPe/AG6926_mouse#3_6-OHDA_recorded_051321/Trajectory1_1.4mm_right_in_SNr_1mW_10s_GPe_stim_neurons_recorded_together/Neuron_recorded_in_Ch15.txt,23.352139186802017,0.944488322831037,2.0466673712570733,148.31644594555593,0.061499838111966236,0.33189655172413796,0.03004877049180333,0.4455599999999999,16.624019205211006,8.921816325805512,24.3,0.9415800720460539,2.0,153.43949464894453,0.054160000000008424,0.309991665855755,0.02881958333333673,0.4757799999999975,17.464407682952768,8.914863969521443,-0.6890077071884473,-0.46473334415797724,-0.7333333333333333,-0.6698490840807796,-0.7933534975633938,-0.6494345569150909,-0.7629590106759501,0.4313538974492742,-0.6688778820204647,-0.5378451689720092,data/Split/Diseased,-0.6595742086569955,-0.3928531919644431,-1.8327242652091782,-1.6432611401499884,-2.032788790303732,-1.6329283963780303,-1.9792851922022348,2.7828510269386397,-0.6065128164751368,-1.3202413223628617,-0.04487718479629174,1.0227712426376452,1.445539314084639,1.0411049311241933,1.1787408918233453,1.7362046906872441,0.8148730603683739,-1.8115068840377953,-0.28261743635207265,1.5967095519799577,-4.8460371983138755,1.52793926652095,1.4928855973690613,0.13770654750594769,0.4970592861923948,0.43231288439607735,-0.07986501913330256,-0.018869619273965552,-0.05069568727527855,-0.011928124513013729,2
data/Split/Diseased/gpe_pv/pre_processed_data/6-OHDA_mice_PV-DIO-ChR2_in_GPe/Neuron_0047,AG6926,2,051121,1.4,1,6-OHDA mice,47,5,right,raw_data/Spike times files GPe to SNr project/6-OHDA mice/PV-DIO-ChR2 in GPe/AG6926_mouse#2_6-OHDA_recorded_051121/Trajectory1_1.4mm_right_in_SNr_1mW_10s_GPe_stim_neurons_recorded_together/Neuron_recorded_in_Ch5.txt,38.395687407065175,0.8281187182460189,2.6686837467986217,195.25195051229116,0.061862591141804465,0.27801911381407474,0.023180937499999922,0.3329351265822786,29.548925517861804,6.607751283350889,39.6,0.7469602039888158,2.5,218.87112375468138,0.05135250000002003,0.24266995259642318,0.020332916666673383,0.35426083333332736,31.460866805730042,7.023688150607614,-0.6709681200293054,-0.08896610170936443,-0.62,-0.7025416540861429,-0.5287510312219083,-0.44322929248618675,-0.5101818217257421,0.23278028044101068,-0.7061536402920329,-0.437864525119946,data/Split/Diseased,-0.6205641535079792,0.4232761526367777,-1.515583683463247,-1.7348671089333836,-1.2814334850155897,-1.0493006390181943,-1.2461518196844095,1.5121115058543764,-0.6880191377547621,-1.0360244424851508,0.8143692265645358,0.17506679083319057,2.0931838414218236,1.9470260564977573,1.0485453223384256,1.0575995262810096,0.10839348828071285,-2.4289498889732046,0.5718993122339598,0.9769141521381753,-3.417717717421782,1.153422708539739,0.8081825761323882,1.0203432695856234,-0.20014648697043896,0.39940285284852406,-0.04726522294909663,0.008621288634403102,0.0036619111136005616,0.023052262040971754,2
data/Split/Diseased/gpe_pv/pre_processed_data/6-OHDA_mice_PV-DIO-ChR2_in_GPe/Neuron_0018,AG7518,2,020122,1.7,5,6-OHDA mice,18,2,left,raw_data/Spike times files GPe to SNr project/6-OHDA mice/PV-DIO-ChR2 in GPe/AG7518_mouse#2_6-OHDA_recorded_020122/Trajectory5_1.7mm_left_rec21_1mW_10s_GPe_neurons_recorded_together/Ch2.txt,17.13126644519941,0.6425652688240906,0.35166822614778853,86.41149067230175,0.017356710897318876,0.07624633431085044,0.04935535714285634,2.6761711538461546,16.104592940436646,5.365642645666203,21.3,0.5849171325676484,0.3,46.593713659436034,0.004767499999996971,0.036,0.002889999999999304,0.945010000000002,20.496631367424982,2.1924851239277574,-0.09670499756816836,0.05599244055226622,0.06666666666666668,0.06834140018232929,0.10949081048517244,0.12987012987012986,0.14151090342686357,0.03792152265360816,-0.12375323715203437,0.13234937858104173,data/Split/Diseased,0.6212622740941943,0.7381117921657117,0.40591513535033663,0.4251799290749801,0.5308942701029358,0.5727565453140525,0.643962108003008,0.26514462132845273,0.5854442758096218,0.5849334782558239,-0.2133568732984148,-0.5307431267205073,-0.7564520788617873,-0.4382079253387722,-1.111796834200509,-1.0256406405173901,-1.343656508102334,0.5726666513235948,-0.09749304874005674,-0.6064169066089902,1.4540867988886674,0.4885297419274134,0.6856732825621904,0.02843445838665597,-0.0974831799925285,0.07681097559508679,-0.07519956863122769,0.010416415761302558,-0.014368427200724605,0.005164955913585558,1
data/Split/Diseased/gpe_pv/pre_processed_data/6-OHDA_mice_PV-DIO-ChR2_in_GPe/Neuron_0108,AG6926,3,051321,1.7,5,6-OHDA mice,108,2,left,raw_data/Spike times files GPe to SNr project/6-OHDA mice/PV-DIO-ChR2 in GPe/AG6926_mouse#3_6-OHDA_recorded_051321/Trajectory5_1.7mm_left_in_SNr_1mW_10s_GPe_stim_neurons_recorded_together/Neuron_recorded_in_Ch2.txt,67.98540362377857,0.932462252391678,3.83063273725357,263.37711154676,0.10976594833975394,0.38265556099951004,0.028654782608695684,0.21571320960698687,47.145366751665534,5.586489822723788,33.5,0.841981776186436,2.0,116.46655977531097,0.06402249999999796,0.26380641535611116,0.022535000000000593,0.46629500000000085,24.749692142941534,4.860271066723511,-0.3012750018937677,0.12487522943333276,0.04000000000000001,0.09302487586910367,0.14515156046371663,0.244604156489817,0.2911378782721803,0.16783554683017476,-0.36454589381362734,0.3507747028559504,data/Split/Diseased,0.17888590039032257,0.8877184076266029,0.3312938219983528,0.49434407563358357,0.6321552071508696,0.8974910414694552,1.0779274082089334,1.0965082604235177,0.058932554903759066,1.2058553063203536,0.4717938599435522,0.5889516144817765,1.445539314084639,0.5292032220140818,1.6361064498105105,1.2706557913637482,0.2917077330997607,-1.8597004905482368,0.16216631464270492,0.2678970723298029,1.5363979829278935,-0.13411895858489464,1.7815752267996061,0.28815705370238137,-0.11447323077058252,0.3777980154048876,-0.43743886304438745,0.00918157050834164,-0.0037107159283097466,0.04051273032002301,1
data/Split/Diseased/gpe_pv/pre_processed_data/6-OHDA_mice_PV-DIO-ChR2_in_GPe/Neuron_0068,AG6926,1,050621,1.0,3,6-OHDA mice,68,10,right,raw_data/Spike times files GPe to SNr project/6-OHDA mice/PV-DIO-ChR2 in GPe/AG6926_mouse#1_6-OHDA_recorded_050621/Trajectory3_1.0mm_right_in_SNr_1mW_10s_GPe_stim_neurons_recorded_together/Neuron_recorded_in_Ch10.txt,1.1347934342186947,1.576181373963049,0.13350510990808173,12.274773780520908,0.06606333482414045,0.6470588235294118,0.4948375000000005,3.8830083333333327,0.428846349713477,28.622777805435422,2.7,0.28786467144835576,0.1,2.3081361800345914,0.012997500000000172,0.06,0.012997500000000172,1.0,2.429878451768628,1.0040680900172956,-0.29666666666666663,-0.24040950891696794,-0.1,-0.1,-0.1,-0.1,-0.1,0.0,-0.29666666666666663,-0.1,data/Split/Diseased,0.18885128428566658,0.09435602680803534,-0.06046807309956236,-0.04651981944664552,-0.06396803047747593,-0.07785045422922851,-0.0564954920854261,0.022472013246651306,0.20735572193220247,-0.07557052409428686,-1.2579309420115778,-1.8246125359641485,-1.0155098897966612,-1.051355431159317,-0.7301371594486886,-0.7837198224447445,-0.5022493272445835,0.8520727053046208,-1.200510806557829,-0.995897040261694,-0.10756371311111936,0.3900371967369154,-0.002151795991099381,-0.03273595952066943,-0.004898659864159306,-0.012287377853378561,-0.003806733804641728,-0.002478451666329715,0.000449316948639684,0.0005597322584552229,1
data/Split/Diseased/gpe_pv/pre_processed_data/6-OHDA_mice_PV-DIO-ChR2_in_GPe/Neuron_0091,AG6927,1,052521,1.7,5,6-OHDA mice,91,4,left,raw_data/Spike times files GPe to SNr project/6-OHDA mice/PV-DIO-ChR2 in GPe/AG6927_mouse#1_6-OHDA_recorded_052521/Trajectory5_1.7mm_left_in_SNr_1mW_10s_GPe_stim_neurons_recorded_together/Neuron_recorded_in_Ch4.txt,23.836673902997703,0.659002812709296,0.7313902731742671,136.22815593292015,0.018174217163070317,0.09902370990237098,0.02484886363636392,1.3372845238095235,21.873817531390713,6.227909496704068,30.3,0.6271250370098322,1.1,158.70926181511544,0.018975000000006757,0.1178433123300227,0.01477833333333578,0.8560999999999964,27.179665197358986,6.02458428059386,-0.11374894919690126,0.10517846661302385,-0.2733333333333333,-0.3260694012433185,-0.19472310127400463,-0.18935224974692139,-0.2251971303903512,0.04902477263391131,-0.11509691633322668,-0.27278901181329995,data/Split/Diseased,0.5844052503093073,0.844938983782858,-0.5455066098874572,-0.6799758771924539,-0.332940219813456,-0.3307462921666327,-0.41960655765990773,0.3361980612316103,0.6043719891137239,-0.5667611378234225,0.29208219220795434,-0.3468984409022366,0.27977916487770754,1.114066486061477,-0.4529353725919898,-0.20065726249013438,-0.35400238640072534,0.12091192756553915,0.31052188481926024,0.6494776565963177,-0.6160535674979426,1.6269942400490882,0.10275746714092754,0.44992159103928486,-0.26730499970546734,0.0451598069040872,0.10600779177098804,0.0043028816549846895,-0.07011267930591206,0.0021188879685162224,1
data/Split/Diseased/gpe_pv/pre_processed_data/6-OHDA_mice_PV-DIO-ChR2_in_GPe/Neuron_0056,AG7518,1,012722,1.4,1,6-OHDA mice,56,10,right,raw_data/Spike times files GPe to SNr project/6-OHDA mice/PV-DIO-ChR2 in GPe/AG7518_mouse#1_6-OHDA_recorded_012722/Trajectory1_1.4mm_right_rec1_1mW_10s_GPe_cont_neurons_recorded_together/Ch10.txt,58.131451497566104,1.024402154633453,2.071570365867213,208.24812351668965,0.07236274153215792,0.23273026315789475,0.03493134615384644,0.44737693798449585,48.08183703881851,4.331118283782753,54.7,0.9946878464890416,2.4,189.09386280900037,0.06456999999999269,0.2245997459654983,0.024000833333328895,0.38077687500000723,45.60541609883848,4.363783234731651,-0.9923734853884534,-1.0,-0.9,-0.9,-0.9,-0.9,-0.9,0.5239361890534349,-0.9907838490894694,-0.9,data/Split/Diseased,-1.3155934198233226,-1.5553995123211926,-2.299107473659077,-2.288153775256595,-2.335618225358041,-2.342109842470252,-2.3767471748026923,3.3753163235195993,-1.3103850484658446,-2.3497457558381734,1.6623836586918885,1.2540924189910643,1.9636549359543864,1.5347506766067733,1.6614963248924703,0.8754512274937142,0.4137322389224647,-2.2942209824577695,1.4354573140211684,0.1051830236049678,-6.915378128778656,1.0378737587326854,1.5709189516090691,-0.32837900882359966,0.17267546187789318,0.05972819156529828,0.18626447775394972,0.08914512718965185,-0.00692116616940247,-0.001343104872210096,2
data/Split/Diseased/gpe_pv/pre_processed_data/6-OHDA_mice_PV-DIO-ChR2_in_GPe/Neuron_0092,AG6927,1,052521,1.7,5,6-OHDA mice,92,7,left,raw_data/Spike times files GPe to SNr project/6-OHDA mice/PV-DIO-ChR2 in GPe/AG6927_mouse#1_6-OHDA_recorded_052521/Trajectory5_1.7mm_left_in_SNr_1mW_10s_GPe_stim_neurons_recorded_together/Neuron_recorded_in_Ch7.txt,13.37251147646065,0.7298831216677453,0.6630997426344124,56.361897575287315,0.04173936588324213,0.16942148760330578,0.0629458333333336,1.2362681818181815,11.590709556136375,4.862678794798037,12.0,0.6986517191339328,0.2,3.909273290154664,0.017859999999998877,0.07777777777777778,0.008929999999999438,0.9055075000000017,11.343486729973213,1.6055385402665425,-0.5467114241108049,-0.5077827802269667,-0.1,-0.1,-0.1,-0.1,-0.1,0.08955998388739841,-0.48392719759114566,-0.1,data/Split/Diseased,-0.3518628513299631,-0.4863523160911055,-0.06046807309956236,-0.04651981944664552,-0.06396803047747593,-0.07785045422922851,-0.0564954920854261,0.5955965438264159,-0.20210387605444627,-0.07557052409428686,-0.7356439076549963,-0.03535015210384072,-0.8859809843292243,-1.0291871930686323,-0.5046426067780313,-0.604519216465007,-0.840851722311536,0.3719531098181217,-0.6563140567051745,-0.7987770186978845,-0.673774964575836,-0.2809312993077437,0.5085601512173396,-0.3190979479436058,0.03544616479475412,-0.004503278838895069,0.03473875622319168,-0.09626254687237172,-0.009581016361866495,0.005939743652032977,1
data/Split/Diseased/gpe_pv/pre_processed_data/6-OHDA_mice_PV-DIO-ChR2_in_GPe/Neuron_0033,AG6926,2,051121,1.0,3,6-OHDA mice,33,5,right,raw_data/Spike times files GPe to SNr project/6-OHDA mice/PV-DIO-ChR2 in GPe/AG6926_mouse#2_6-OHDA_recorded_051121/Trajectory3_1.0mm_right_in_SNr_1mW_10s_GPe_stim_neurons_recorded_together/Neuron_recorded_in_Ch5.txt,8.471611158771875,1.0068751095805744,0.5867163133608899,111.23688065207764,0.02569066169436542,0.2635135135135135,0.04378719512195166,0.7677274999999997,6.40374354622721,17.370602031309215,22.4,0.6050054580233517,0.3,34.14002287687307,0.011400000000000432,0.05956937799043062,0.011400000000000432,1.0,21.393590614666415,2.0770027628358956,0.12052182657218105,0.02397220154200645,0.5,0.5195832043857396,0.45893443206199613,0.43047689442269055,0.45893443206199613,0.0,0.10571658410584509,0.46457546506831193,data/Split/Diseased,1.0910086332987792,0.6685669949472808,1.6185114773200737,1.6895786173041165,1.5231613589213882,1.4235711563226707,1.5645902035651564,0.022472013246651306,1.0871977435503086,1.5293588997915142,-0.15158098751430313,-0.44324454249020573,-0.7564520788617873,-0.6106331228004176,-0.8042199456474367,-0.7880605069795408,-0.6352345334201879,0.8520727053046208,-0.04273157708187086,-0.6442639621031282,3.88427171801851,-0.15379671868837902,1.0104294736379682,-0.691922892857676,0.1640427869725382,-0.07832825400177067,0.04368220161916548,-0.004123420423575101,0.045404548622758556,0.01347827446575382,0
data/Split/Diseased/gpe_pv/pre_processed_data/6-OHDA_mice_PV-DIO-ChR2_in_GPe/Neuron_0053,AG7518,1,012722,1.7,2,6-OHDA mice,53,10,right,raw_data/Spike times files GPe to SNr project/6-OHDA mice/PV-DIO-ChR2 in GPe/AG7518_mouse#1_6-OHDA_recorded_012722/Trajectory2_1.7mm_right_rec7_1mW_10s_GPe_cont_neurons_recorded_together/Ch10.txt,6.998420053654553,1.155664246892404,0.88092000675372,66.94664174282819,0.0594131604555008,0.4172494172494173,0.06744444444444435,1.047133962264151,4.335945596023417,15.439917374476817,21.9,1.0578913607207787,1.5,94.77096666243183,0.04549249999999176,0.2529087089381207,0.022706874999996768,0.6802441666666691,17.2829200600471,6.945682158137582,-0.9033333333333333,-0.825107423641807,-0.7,-0.7,-0.7,-0.7,-0.7,0.26009419956310265,-0.8762404979220684,-0.7,data/Split/Diseased,-1.12304681598451,-1.175550106639295,-1.7394476235191987,-1.7277452863041072,-1.7677056766378993,-1.776044995409996,-1.7966842541233754,1.6869024827579047,-1.0599271741369378,-1.7812019479022014,-0.1796609355979903,1.5293875413172822,0.7978947867474548,0.2288210307544855,0.7767925041056692,1.1608065392072573,0.3060156093507323,-0.7726175225383296,-0.2936976825824625,0.9513492338426428,-5.094420674733503,0.559353079891615,0.4076152758511578,-0.016755994015406228,0.07994154289097923,0.003838822555611396,0.07491703915467855,0.01570113843245144,-0.004648424375527866,0.00041385623220353704,2
data/Split/Diseased/gpe_pv/pre_processed_data/6-OHDA_mice_PV-DIO-ChR2_in_GPe/Neuron_0087,AG6927,1,052521,1.0,6,6-OHDA mice,87,12,left,raw_data/Spike times files GPe to SNr project/6-OHDA mice/PV-DIO-ChR2 in GPe/AG6927_mouse#1_6-OHDA_recorded_052521/Trajectory6_1.0mm_left_in_SNr_1mW_10s_GPe_stim_neurons_recorded_together/Neuron_recorded_in_Ch12.txt,4.25888355696631,1.0782461618201489,0.4325428612543909,34.04039516099475,0.07301073954015706,0.3984375,0.16879423076923084,2.2918083333333334,2.763769494445541,12.316654927050575,11.8,0.6708481010863069,0.4,25.736030545142967,0.01605749999999375,0.09260504201680672,0.011666249999996126,0.9099225000000046,10.660740719357031,2.6199373816118063,-0.0030692330102048025,-0.07302348615014462,0.2666666666666667,0.279458432306203,0.30176521946033075,0.2968967428114032,0.3327509023595931,0.006319052477607068,-0.024811797220733862,0.29031077851465403,data/Split/Diseased,0.8237467493265096,0.45790193934130824,0.9655749854902155,1.0167388138983489,1.0768695183766406,1.0454960158620248,1.1986182696611503,0.06290976041608809,0.8017873675358165,1.0339733573815884,-0.7468758868884711,-0.15645418444400946,-0.6269231733943506,-0.7269889937277428,-0.5882321041950234,-0.455059887528125,-0.6130703323912754,0.3943858744721878,-0.6979973064459889,-0.46632789938135005,2.628606943630053,0.0012929629693901323,0.7583533142214531,-0.4940901265104477,-0.11207973149901897,0.0043795911468208866,-0.051943216200200586,0.006424767974100128,-0.013927882343906607,0.0027607649324310657,0
data/Split/Diseased/gpe_pv/pre_processed_data/6-OHDA_mice_PV-DIO-ChR2_in_GPe/Neuron_0007,AG6927,3,060121,1.4,4,6-OHDA mice,7,13,left,raw_data/Spike times files GPe to SNr project/6-OHDA mice/PV-DIO-ChR2 in GPe/AG6927_mouse#3_6-OHDA_recorded_060121/Trajectory4_1.4mm_left_in_SNr_1mW_10s_GPe_stim_neurons_recorded_together/Neuron_recorded_in_Ch13.txt,13.354450196122725,1.1196897965611228,1.5281211667205108,89.83781662305651,0.07081761956925291,0.42786069651741293,0.04634293478260893,0.5731749999999998,8.222934479300553,10.925274529330576,20.7,0.9875332650908284,2.2,108.34949550543794,0.07746499999999087,0.36192378752267196,0.03376062499999742,0.5218150000000032,13.433427869490396,7.963647627548755,0.045921852462552024,-0.02597821251100907,-0.32,-0.08561874307791542,-0.42636365060221815,-0.3465888020101969,-0.32954101029083976,0.23835279810988697,0.1406637645996205,-0.1726999379585506,data/Split/Diseased,0.9296884723406034,0.5600796280921935,-0.676093908253429,-0.0062229271419309215,-0.9906980935930527,-0.7757767167125976,-0.7222366363103538,1.5477719251007396,1.1636124498693838,-0.28223602191260305,-0.2470528109988395,1.222929256860675,1.704597125019513,0.41681995877284617,2.2594916476047566,2.259682247266774,1.2261941525519304,-1.5776014886019232,-0.5287182346754351,1.2849672448328595,-0.9588133492743123,2.3308059465690185,0.9799219192378329,-0.40328904632138596,0.7065560325999763,0.023834255756448108,-0.32942097606638604,-0.07534265353429526,-0.08540351371725521,0.0038468866007822485,1
data/Split/Diseased/gpe_pv/pre_processed_data/6-OHDA_mice_PV-DIO-ChR2_in_GPe/Neuron_0001,AG6927,3,060121,1.0,3,6-OHDA mice,1,10,right,raw_data/Spike times files GPe to SNr project/6-OHDA mice/PV-DIO-ChR2 in GPe/AG6927_mouse#3_6-OHDA_recorded_060121/Trajectory3_1.0mm_right_in_SNr_1mW_10s_GPe_stim_neurons_recorded_together/Neuron_recorded_in_Ch10.txt,33.138690287335386,0.9672662305969274,2.805566408788354,204.47535149951548,0.06331214443055871,0.32171314741035856,0.02256661764705882,0.3302054733727811,23.99682861295864,8.520932278071768,17.9,0.9030910549549345,0.8,112.09557418195796,0.017895000000005722,0.16796816455855357,0.014800000000005299,0.8035800000000023,15.44553653903887,10.947198879988214,-0.2984960838484077,-0.0843435233056812,-0.030000000000000006,-0.15550449726751708,-0.006939752072887906,0.02732487962852157,-0.07055740362915687,0.12919507367896682,-0.3297457331532464,-0.03321862143221921,data/Split/Diseased,0.18489522561754396,0.43331593646248373,0.1354128744493952,-0.20204577666542903,0.20028238244659638,0.2825202383401943,0.028897300130841467,0.8492348457251695,0.13502579101456025,0.11427017225641202,-0.4043005202674877,0.855124889470229,-0.10880755152460309,0.46868557570386915,-0.5030195097404954,0.30460295654722663,-0.3521987268488102,-0.14594397269055062,-0.4058742679963,2.2627670469243553,0.08739169934384097,0.4320716489511684,0.9462817258458301,0.12227563189169108,-0.12385710330117607,0.23749173196744355,0.2588195357852893,-0.00578293694547625,0.014381606725952869,-0.014093866392104495,1
data/Split/Diseased/gpe_pv/pre_processed_data/6-OHDA_mice_PV-DIO-ChR2_in_GPe/Neuron_0072,AG6926,1,050621,1.7,2,6-OHDA mice,72,2,right,raw_data/Spike times files GPe to SNr project/6-OHDA mice/PV-DIO-ChR2 in GPe/AG6926_mouse#1_6-OHDA_recorded_050621/Trajectory2_1.7mm_right_in_SNr_1mW_10s_GPe_stim_neurons_recorded_together/Neuron_recorded_in_Ch2.txt,6.0936302054773765,0.5580512395095274,0.16603897017649527,28.633346010528108,0.03964969098072171,0.16076294277929154,0.23879750000000044,5.575599999999999,5.325140454901853,5.377012353574783,5.7,0.32199115901689923,0.1,4.014720642355259,0.0074725000000000815,0.03,0.0074725000000000815,1.0,5.456531841884845,0.5306743774793227,-0.8219696969696969,-0.9,-0.1,-0.1,-0.1,-0.1,-0.1,0.0,-0.8168015367595981,-0.1,data/Split/Diseased,-0.9471004423968262,-1.3382093870502731,-0.06046807309956236,-0.04651981944664552,-0.06396803047747593,-0.07785045422922851,-0.0564954920854261,0.022472013246651306,-0.9299592998487655,-0.07557052409428686,-1.0894512535094547,-1.675968023329932,-1.0155098897966612,-1.0277272418909098,-0.9863546203239038,-1.0861208450355515,-0.9621825129224215,0.8520727053046208,-1.0157264985173673,-1.15104244895964,-1.129467900741105,-1.4493142245090618,-0.063875579976069,-0.48388573985876837,-0.01584269715924448,0.014298804236181047,-0.010570701963090366,-0.022229001548266715,-0.001697055361379365,0.0013599387181700527,2
data/Split/Diseased/gpe_pv/pre_processed_data/6-OHDA_mice_PV-DIO-ChR2_in_GPe/Neuron_0082,AG6927,1,052521,1.7,2,6-OHDA mice,82,13,right,raw_data/Spike times files GPe to SNr project/6-OHDA mice/PV-DIO-ChR2 in GPe/AG6927_mouse#1_6-OHDA_recorded_052521/Trajectory2_1.7mm_right_in_SNr_1mW_10s_GPe_stim_neurons_recorded_together/Neuron_recorded_in_Ch13.txt,39.179590936465345,0.4806263242470769,0.4017595461081352,140.49243596081723,0.013757452137381254,0.045118949958982774,0.034243000000000946,2.319128124999999,37.933720274661006,3.70362924974336,42.1,0.4494371109585445,0.2,26.07947992032586,0.00914749999999458,0.02677845528455285,0.00914749999999458,1.0,41.27042000875831,0.6441947181612757,-0.43759183789768086,0.3421092644416669,0.45,0.3986428671124876,0.44012430939228897,0.4592233009708738,0.38764578833696095,-0.12717179972575504,-0.4994087878729669,0.44989536990989054,data/Split/Diseased,-0.11589508563447112,1.3595292803922763,1.4785965147851043,1.3506986589805798,1.4697488353859285,1.5049328074538173,1.3578307091131008,-0.7913432070915309,-0.2359555676078844,1.4876275137803574,0.9547689669829718,-1.1208525466633077,-0.8859809843292243,-0.7222338309918168,-0.9086778335429864,-1.1185941255779925,-0.8227457552739444,0.8520727053046208,1.1707956069755483,-1.1138384067762133,3.3674806781974365,-1.2812505919760868,0.5197264539220454,0.9655749187381678,0.15195004459199032,-0.012661810404801136,0.10431763478864559,-0.006270238937499563,0.013995415435119509,0.009602499781903119,0
data/Split/Diseased/gpe_pv/pre_processed_data/6-OHDA_mice_PV-DIO-ChR2_in_GPe/Neuron_0089,AG6927,1,052521,1.7,5,6-OHDA mice,89,1,left,raw_data/Spike times files GPe to SNr project/6-OHDA mice/PV-DIO-ChR2 in GPe/AG6927_mouse#1_6-OHDA_recorded_052521/Trajectory5_1.7mm_left_in_SNr_1mW_10s_GPe_stim_neurons_recorded_together/Neuron_recorded_in_Ch1.txt,16.54397384920351,0.9368404601166703,1.4313699708566416,86.59213496437593,0.06484771721455403,0.30784708249496984,0.04530465116279069,0.6378696428571429,12.245021455484542,7.071619701049306,16.8,0.7425787443128768,0.3,30.265042611557483,0.014657499999998436,0.06579310344827587,0.014657499999998436,1.0,15.572306559721037,1.6642913857781132,-0.9375,-1.0,-0.3,-0.3,-0.3,-0.3,-0.3,0.0,-0.9351648256268115,-0.3,data/Split/Diseased,-1.1969311870162096,-1.5553995123211926,-0.6201279232394411,-0.6069283083991327,-0.6318805791976171,-0.6439153012894844,-0.6365584127647426,0.022472013246651306,-1.1887697626659,-0.6441143320302584,-0.4660764060515994,0.155982496358164,-0.7564520788617873,-0.6642834220629078,-0.6531559856835474,-0.7253251422203126,-0.36406125697772374,0.8520727053046208,-0.39813466007537784,-0.7795219378050882,-2.49932015732705,-1.2009460533379048,-0.43651864680355595,-0.3146029725921021,-0.02825471522623537,0.006865024862423406,-0.024682417002385666,-0.0022391195835405244,0.0003642877844576924,-5.034007993289992e-05,2
data/Split/Diseased/gpe_pv/pre_processed_data/6-OHDA_mice_PV-DIO-ChR2_in_GPe/Neuron_0019,AG7518,2,020122,1.7,5,6-OHDA mice,19,4,left,raw_data/Spike times files GPe to SNr project/6-OHDA mice/PV-DIO-ChR2 in GPe/AG7518_mouse#2_6-OHDA_recorded_020122/Trajectory5_1.7mm_left_rec21_1mW_10s_GPe_neurons_recorded_together/Ch4.txt,27.028215095358604,0.8518606181613989,1.5071495406333795,168.0460441364887,0.03667020428156091,0.19330855018587362,0.02433083333333351,0.6164411016949151,22.633401476907675,7.424692409046077,25.3,0.6821611375366293,1.4,91.26395508575325,0.03950250000000892,0.17064839135570842,0.020822916666672596,0.5985749999999967,21.28356218646963,4.024176495222709,-0.226044480714127,0.02175094242533491,-0.2166666666666667,-0.20132299649359,-0.22328132964503045,-0.16579886623132553,-0.19462788456384605,0.16612124798855693,-0.23639770786669762,-0.11205065855928323,data/Split/Diseased,0.34156960009016746,0.6637426394891901,-0.3869363190144917,-0.3304311562522002,-0.4140331011190616,-0.2640825799790961,-0.33094612757447484,1.0855378841881786,0.33913845008895205,-0.10982716062144232,0.011282711371082606,-0.10717806758042218,0.6683658812800178,0.18026537169992257,0.4990110397367791,0.3316197340217236,0.14918394275705224,-1.187581326689166,-0.04944907140597043,-0.006116355753530364,-0.6341724152776813,1.2052073442626845,0.9095902964896676,0.2452273407206864,0.14795240279299451,0.18212350505026842,-0.06989316610361052,0.000662910303726014,0.003298561528686173,0.003837830010109324,1
data/Split/Diseased/gpe_pv/pre_processed_data/6-OHDA_mice_PV-DIO-ChR2_in_GPe/Neuron_0037,AG6926,2,051121,1.7,2,6-OHDA mice,37,2cell2,right,raw_data/Spike times files GPe to SNr project/6-OHDA mice/PV-DIO-ChR2 in GPe/AG6926_mouse#2_6-OHDA_recorded_051121/Trajectory2_1.7mm_right_in_SNr_1mW_10s_GPe_stim_neurons_recorded_together/Neuron_recorded_in_Ch2cell2.txt,6.881071319644877,1.0406889532475003,0.6648378086613408,51.003889406828606,0.05524303561619258,0.35104669887278583,0.08309250000000018,1.3788677966101692,4.726606012465691,10.790806187846787,15.4,1.0203923898500846,0.6,47.42296901346769,0.03318500000000313,0.153342175066313,0.02889624999999967,0.9024324999999976,12.85377113556334,3.5162861478771488,-0.45333078686019856,-0.38893113769616466,-0.4,-0.4,-0.4,-0.4,-0.4,0.09525053083738526,-0.4247495794408871,-0.4,data/Split/Diseased,-0.1499300810919045,-0.2282182847919116,-0.8999578483093805,-0.8871325528753764,-0.9158368535576878,-0.9269477248196124,-0.9265898731044008,0.632012272234248,-0.07270744842504674,-0.9283862359982442,-0.5447002606859235,1.3660535258208581,-0.3678653624594769,-0.42672662869655625,0.20604202451856568,0.15717248391869515,0.8212552403201543,0.35632893058566456,-0.5641076416123134,-0.1725673529377146,-2.275678514907372,0.9388507255978785,-0.00566383740972945,0.05771547315505126,0.014498912984832212,-0.010802838808245382,0.019359236380553015,-0.014429920620102945,-0.0026246657767588113,0.0014518443459965642,2
data/Split/Diseased/gpe_pv/pre_processed_data/6-OHDA_mice_PV-DIO-ChR2_in_GPe/Neuron_0060,AG7518,1,012722,1.4,1,6-OHDA mice,60,5,right,raw_data/Spike times files GPe to SNr project/6-OHDA mice/PV-DIO-ChR2 in GPe/AG7518_mouse#1_6-OHDA_recorded_012722/Trajectory1_1.4mm_right_rec1_1mW_10s_GPe_cont_neurons_recorded_together/Ch5.txt,39.423577578119115,0.9034963532797367,2.4540141257196217,181.91055645664773,0.06643048108636299,0.2675828617623282,0.027070129870129713,0.37934101307189555,30.929141626707267,5.881526188220117,44.6,0.7367363010978177,2.3,231.62870897990047,0.045892500000012146,0.20789342280305098,0.02120812500000492,0.48584958333333433,37.092848549433235,6.266283971399224,-0.1946851348802951,-0.15805577455865097,-0.47333333333333333,-0.5297777424901348,-0.24809343572124765,-0.283509759550145,-0.08335078983069338,0.25714483024646173,-0.1820531041041932,-0.3401041658279344,data/Split/Diseased,0.4093832257359689,0.273220205626144,-1.105166460027336,-1.2507752957181835,-0.48448863312335666,-0.5972425740983144,-0.008207544696367218,1.6680284741690752,0.4579671188932332,-0.7581192077998059,1.0951687074014076,0.13053460569695077,1.8341260304869496,2.1236587664307938,0.7953421845319691,0.7070509205584956,0.18125092844016244,-1.76034298979519,0.9157450438942822,0.7286899408303578,-1.6593200091295848,1.653544957085219,1.2220562474026544,-0.053944994783709406,-0.8632426033156172,0.0498966811552691,-0.25265613961795574,0.004897617715113479,0.038886646815561955,0.011112523439079517,1
data/Split/Diseased/d1_msns/pre_processed_data/6-OHDA_D1-MSNs_cell_body_stim/Neuron_0079,AG7960,5,07-21-22,1.4,1,6-OHDA,79,5,right,raw_data/D1-MSN_DIO-ChR2_rec_SNr/6-OHDA/D1-MSNs cell body stim/AG7960_mouse#5_recorded_07-21-22/Trajectory1_1.4mm_right_rec1_1mW_10s_STR_cells_recorded_together/Ch5.txt,19.387256896411426,0.8938148253473915,1.0375132232077469,99.72200156667888,0.052360342582797474,0.21825813221406087,0.05046715686274496,0.8911055000000002,15.993242050204824,6.235258695744041,25.3,1.161077096938309,1.5,85.57566506259337,0.07907999999999901,0.35306488227219934,0.03987666666666693,0.6268962500000015,19.669223961795463,7.808577484273347,0.022185630207266032,-0.1941103638644633,-0.4833333333333334,-0.4404591320965537,-0.43117119419589933,-0.4718422836994563,-0.35231100139175586,0.23991412428397707,0.1558858808089913,-0.5013597206279036,data/Split/Diseased,0.8783596181357126,0.1949131979469348,-1.1331494525343302,-1.00050075828817,-1.004349415269906,-1.1302846814935736,-0.788276774019551,1.5577633776643347,1.1968967813450253,-1.2165234436838168,0.011282711371082606,1.978832959339019,0.7978947867474548,0.10150923847107099,2.334385982322503,2.1703841803741746,1.7353290896541302,-1.043680095441453,-0.14800821688454427,1.2341460781842164,-2.0426586700195526,2.6718298018518967,0.6790423022792194,-0.49556713991599266,-0.2025424520869434,-0.1822067161188038,-0.05590626961945406,-0.10366459300219465,-0.033232392277361765,-0.0181675959856388,1
data/Split/Diseased/d1_msns/pre_processed_data/6-OHDA_D1-MSNs_cell_body_stim/Neuron_0058,AG8020,4,06-23-22,1.4,4,6-OHDA,58,1,left,raw_data/D1-MSN_DIO-ChR2_rec_SNr/6-OHDA/D1-MSNs cell body stim/AG8020_mouse#4_recorded_06-23-22/Trajectory4_1.4mm_left_rec9_1mW_10s_STR_cells_recorded_together/Ch1.txt,41.88490146379742,0.4669533720640587,0.8898771918913986,155.9766754412781,0.04373139663697239,0.1540318686624819,0.049143181818182176,1.038866860465116,37.05370195985956,4.209476170835733,53.7,0.4485784797488492,1.0,117.78777183798672,0.029957499999983383,0.09713520308854992,0.01582999999998975,0.8040200000000027,49.20178976993462,2.3133666389004706,0.372550465363889,0.1146191097329872,-0.2333333333333333,-0.14111237941696242,-0.29342978092188715,-0.304221182878456,-0.2671786303245201,0.12191259323244234,0.3963977082898137,-0.22461075332970806,data/Split/Diseased,1.6360128516139223,0.865443128401487,-0.43357463985948147,-0.16171845157815173,-0.6132240298861132,-0.6558626174920172,-0.5413661149914705,0.8026317981786422,1.7227944475812065,-0.4298038851334982,1.6062237625245142,-1.1245924808549335,0.15025025941027056,0.5474958113173704,0.0563692905855697,-0.4093957095082513,-0.26645552662419214,-0.14370831777598836,1.6550243851759254,-0.5668003854179444,-0.13096394235822964,2.918948948159358,0.3128679240327456,-0.4309413996893994,0.27766137349377723,-0.06210814474573678,-0.07503135314171357,0.03230604787877769,0.012133419869385197,0.020735561581772678,1
data/Split/Diseased/d1_msns/pre_processed_data/6-OHDA_D1-MSNs_cell_body_stim/Neuron_0059,AG8020,4,06-23-22,1.4,4,6-OHDA,59,12,left,raw_data/D1-MSN_DIO-ChR2_rec_SNr/6-OHDA/D1-MSNs cell body stim/AG8020_mouse#4_recorded_06-23-22/Trajectory4_1.4mm_left_rec9_1mW_10s_STR_cells_recorded_together/Ch12.txt,36.000964689202924,1.453025122207045,2.1473688834047837,142.6153407519332,0.09172518721355707,0.32173520108450065,0.04271515151515152,0.42371583969465654,26.884139835139866,5.304813232875793,36.4,1.2706119278112435,1.6,114.83735691107486,0.06574999999998354,0.23619875234547028,0.0330062499999863,0.6255779166666658,29.6541338152653,4.477958413531426,-0.9703551766051767,-1.0,-0.8,-0.8,-0.8,-0.8,-0.8,0.3298419718413622,-0.9592250116702863,-0.8,data/Split/Diseased,-1.2679795009267132,-1.5553995123211926,-2.0192775485891383,-2.007949530780351,-2.0516619509979703,-2.059077418940124,-2.086715714463034,2.1332419918875662,-1.2413792156894967,-2.0654738518701876,0.6346575588289378,2.455933086296901,0.9274236922148918,0.5066464048844713,1.7162178821468423,0.9923696071717414,1.1633955829680698,-1.0503785917953168,0.4615940137986866,0.14260167600549226,-5.988014629572201,0.6019897871500401,0.5943881199554187,-0.22077707128336888,0.08505497157405484,0.03641724470393255,0.09940809343573931,0.053055123047390865,-0.004093593655167434,-0.0008752333062587437,2
data/Split/Diseased/d1_msns/pre_processed_data/6-OHDA_D1-MSNs_cell_body_stim/Neuron_0014,AG7960,2,06-16-22,1.7,5,6-OHDA,14,8,right,raw_data/D1-MSN_DIO-ChR2_rec_SNr/6-OHDA/D1-MSNs cell body stim/AG7960_mouse#2_recorded_06-16-22/Trajectory5_1.7mm_right_rec7_1mW_10s_STR_cells_recorded_together/Ch8.txt,8.607106694941415,1.1083484550138927,0.8848427443397716,55.45149367836488,0.08054130254885015,0.3878504672897196,0.0910232954545458,1.033298837209302,5.730367612924606,9.676777725969332,8.7,0.5549627934144421,0.0,0.0,0.0,0.0,0.0,1.0,8.7,0.0,0.014050054804530494,0.08661683328511449,0.4,0.4,0.4,0.4,0.4,-0.13108776493480373,-0.07162951100989604,0.4,data/Split/Diseased,0.8607666853080419,0.8046249491056431,1.3386815522501345,1.3545014029345728,1.355813341322877,1.3373116634214113,1.3936618096128652,-0.8164027886678795,0.6994168243566162,1.3457889957456421,-0.9209715650073317,-0.6612150405313085,-1.145038795264098,-1.0833122898576288,-1.332885837770064,-1.3885218676263587,-1.5842369436876027,0.8520727053046208,-0.8177051389504679,-1.3249604605406522,3.5474058101666954,-0.355194773846525,0.18760766279782348,-0.11450883407179632,-0.01604589399727254,-0.011413289877765288,-0.026840231589047837,0.0770580333658225,0.009415752415974197,-0.003812827004048371,0
data/Split/Diseased/d1_msns/pre_processed_data/6-OHDA_D1-MSNs_cell_body_stim/Neuron_0074,AG7960,5,07-21-22,1.7,6,6-OHDA,74,12,right,raw_data/D1-MSN_DIO-ChR2_rec_SNr/6-OHDA/D1-MSNs cell body stim/AG7960_mouse#5_recorded_07-21-22/Trajectory6_1.7mm_right_rec15_1mW_10s_STR_cells_recorded_together/Ch12.txt,27.24772215010218,0.9075040341458895,0.40456900000151713,114.86027090289576,0.015051989645056364,0.05493689680772086,0.0372049999999998,1.7206039473684214,26.144341203163403,4.393312878314101,36.6,0.5200821611032962,0.3,36.73334134526674,0.005915000000004511,0.02762951334379906,0.004646250000001828,0.9010324999999966,35.78885569318848,1.0842951204715372,-0.2633376804498776,0.09388670335172536,0.0,0.0,0.0,0.0,0.0,0.09795610323411447,-0.272051086403736,0.0,data/Split/Diseased,0.2609241969808365,0.8204143890103484,0.21936185197037703,0.23368442502959813,0.21998824388259466,0.20518196930089944,0.23353596825423217,0.6493261421404168,0.26117958726521545,0.20870137987369894,0.6458895380624128,-0.8131443763543938,-0.7564520788617873,-0.5747278271895941,-1.0585824384799232,-1.110015431331319,-1.197456027134397,0.34921548313024087,0.8361332130788484,-0.969604220778065,0.5634635266989163,0.5416807008833672,0.8875121910892652,0.32332806995685215,0.11109791258831911,-0.05643312344905441,0.05665792389320358,0.005629095861529369,-0.0010129185850986549,0.000369841247953664,1
data/Split/Diseased/d1_msns/pre_processed_data/6-OHDA_D1-MSNs_cell_body_stim/Neuron_0032,AG7499,4,02-15-22,1.4,4,6-OHDA,32,16,left,raw_data/D1-MSN_DIO-ChR2_rec_SNr/6-OHDA/D1-MSNs cell body stim/AG7499_mouse#4_recorded_02-15-22/Trajectory4_1.4mm_left_rec21_1mW_10s_STR_neurons_recorded_together/Ch16.txt,12.530643807894174,0.8959688623324749,0.8687211043287978,81.005189271829,0.04144852662926341,0.23529411764705882,0.04771212121212123,1.0688859375000002,9.996601430145658,8.103272881076412,12.1,0.7295452152657262,0.2,16.11175859136505,0.009169999999997458,0.05357142857142857,0.009169999999997458,1.0,11.49327663415359,1.6426643287381686,-0.7394949494949495,-0.7923609625872471,-0.2,-0.2,-0.2,-0.2,-0.2,0.0,-0.7254716867369408,-0.2,data/Split/Diseased,-0.7687513250357544,-1.1044280268531035,-0.34029799816950174,-0.32672406392288916,-0.34792430483754655,-0.3608828777593565,-0.34652695242508436,0.022472013246651306,-0.7302595366907741,-0.3598424280622727,-0.7300279180382588,0.09921244144916143,-0.8859809843292243,-0.8602400131266055,-0.9076344140189267,-0.8485200415713459,-0.8208727242008087,0.8520727053046208,-0.6471690307547947,-0.7866097771965478,-1.5464103323849836,-0.8358414897378312,-0.24293333370546838,-0.32141716922623786,-0.023973211627350555,0.0056504441645160355,-0.01660547362712679,-0.024164540586316084,-0.0014797609821157343,0.0013772664958235242,2
data/Split/Diseased/d1_msns/pre_processed_data/6-OHDA_D1-MSNs_cell_body_stim/Neuron_0015,AG8106,7,06-30-22,1.4,1,6-OHDA,15,4,right,raw_data/D1-MSN_DIO-ChR2_rec_SNr/6-OHDA/D1-MSNs cell body stim/AG8106_mouse#7_recorded_06-30-22/Trajectory1_1.4mm_right_rec1_1mW_10s_STR_cells_recorded_together/Ch4.txt,10.718716266563735,1.1801822252211582,1.0941600725792848,74.87107615805887,0.06649352596629286,0.387523629489603,0.06077129629629638,0.8503056603773582,7.032581581473489,10.646314627234176,10.3,0.9273786784485673,1.0,86.29317291744822,0.03816249999997865,0.27922814113990585,0.027701249999987,0.9104687500000068,7.082123686745396,11.302198362079862,0.0983503016591252,-0.009240878433057672,-0.16666666666666669,-0.2206284647807717,-0.11129084049496533,-0.18651802377825397,-0.1332083064114771,-0.09669657690295126,0.11827433520809727,-0.22801413341058546,data/Split/Diseased,1.0430633892105414,0.5964314649431084,-0.24702135647952198,-0.38452589780889845,-0.09602908049091763,-0.32272451371919303,-0.15281002812470149,-0.5963219820252911,1.11465623516389,-0.4394787384886756,-0.8311157311395326,0.9609143279526752,0.15025025941027056,0.1114433564537376,0.4368696103104374,1.4261073129348991,0.721776478891949,0.39716138923828626,-0.9164802930583273,2.379111092647713,0.22974501773546907,1.699541893220319,-0.7613665620240732,0.0013906616773419643,-0.34273285683769683,-0.12407138322837517,0.04685744880116512,-0.005754309448175099,0.04664586994373383,0.046545475810219575,1
data/Split/Diseased/d1_msns/pre_processed_data/6-OHDA_D1-MSNs_cell_body_stim/Neuron_0051,AG7499,5,02-17-22,1.4,4,6-OHDA,51,16,left,raw_data/D1-MSN_DIO-ChR2_rec_SNr/6-OHDA/D1-MSNs cell body stim/AG7499_mouse#5_recorded_02-17-22/Trajectory4_1.4mm_left_rec17_1mW_10s_STR_neurons_recorded_together/Ch16.txt,26.57212530193411,0.6374853939940874,0.8720581662796909,156.6758844089247,0.01909743262228564,0.10231660231660232,0.021899264705882722,1.1218856060606055,24.31776255665974,6.442857727715453,23.2,0.6457409825687929,0.5,50.78136874340193,0.01847249999999363,0.07248883494760557,0.01847249999999363,1.0,21.884595425980027,2.3999091682643803,-0.09201362755280922,0.09547973766506752,0.2,0.2152214289829652,0.18468002650452556,0.23699980968314457,0.18468002650452556,-0.03623746189608381,-0.11824372916669021,0.2554397330032159,data/Split/Diseased,0.6314072181779539,0.8238743022311048,0.7790217021102558,0.836744004062291,0.7443987666320363,0.8759682744088944,0.7691661460809756,-0.20942372229420103,0.5974912400772446,0.9348447723726802,-0.1066530705804036,-0.26581309189645513,-0.4973942679269137,-0.3802285465858429,-0.4762384086269503,-0.6578319404739534,-0.046478432840400166,0.8520727053046208,-0.012754578526499675,-0.5384377863121509,2.215304496707923,0.1434939366536348,0.4261780191965387,0.07231591557974534,0.1158245712101563,0.11564706973024236,-0.042043554147858805,-0.012006605965369444,-0.03351032544460748,-0.012297201231883064,1
data/Split/Diseased/d1_msns/pre_processed_data/6-OHDA_D1-MSNs_cell_body_stim/Neuron_0052,AG7499,5,02-17-22,1.7,5,6-OHDA,52,13,left,raw_data/D1-MSN_DIO-ChR2_rec_SNr/6-OHDA/D1-MSNs cell body stim/AG7499_mouse#5_recorded_02-17-22/Trajectory5_1.7mm_left_rec22_1mW_10s_STR_neurons_recorded_together/Ch13.txt,10.218562995322696,1.0562278283513673,0.9756416930207599,77.41912392068274,0.05591518079218293,0.34673366834170855,0.05731118421052672,0.9244195945945942,7.070808710148516,10.949118706827045,12.4,0.9859908020864994,0.9,78.31491928014279,0.021627499999997468,0.18587382779198633,0.013140833333330448,0.7489474999999999,9.735679714680895,7.770785312893776,0.4241176694552175,-0.049349308412336604,0.5,0.5638299972422838,0.47933954569757303,0.3786822334490766,0.4735254820687361,0.018304275793164043,0.42710081324364835,0.3547643389727962,data/Split/Diseased,1.747525352301271,0.5093199156269136,1.6185114773200737,1.8135600089327646,1.581102959379911,1.2769754721098376,1.6069088389785942,0.139607245034425,1.789929155302446,1.2171967208711056,-0.7131799491880465,1.2162107611152724,0.020721353942833736,0.0009819693171950444,-0.3299278042717876,0.4850926522791161,-0.4903174255952774,-0.42353355705351897,-0.7544744564898299,1.2217604428895859,4.092723637000485,0.59945409034514,0.9439961525673735,-1.3232452968562454,0.07032043733190586,-0.34055315995824115,0.12313051285697801,0.042454993626769764,-0.014010233675673407,0.011715000587966201,0
data/Split/Diseased/d1_msns/pre_processed_data/6-OHDA_D1-MSNs_cell_body_stim/Neuron_0075,AG7960,5,07-21-22,1.7,6,6-OHDA,75,14,right,raw_data/D1-MSN_DIO-ChR2_rec_SNr/6-OHDA/D1-MSNs cell body stim/AG7960_mouse#5_recorded_07-21-22/Trajectory6_1.7mm_right_rec15_1mW_10s_STR_cells_recorded_together/Ch14.txt,5.989474914268052,1.0034722169152872,0.4451636760604633,31.959965771707,0.06469998750506502,0.2939189189189189,0.14533977272727275,1.0037238095238092,4.521602551135755,7.068282851105336,4.5,0.5598005743321187,0.1,4.228329809722839,0.0070950000000038925,0.04285714285714286,0.0070950000000038925,1.0,4.230547333297473,0.9820824524307097,-0.4514935064935065,-0.5852327570412176,-0.1,-0.1,-0.1,-0.1,-0.1,0.0,-0.43879658720885856,-0.1,data/Split/Diseased,-0.14595701852696988,-0.654566017756275,-0.06046807309956236,-0.04651981944664552,-0.06396803047747593,-0.07785045422922851,-0.0564954920854261,0.022472013246651306,-0.10342231463413884,-0.07557052409428686,-1.1568431289103038,-0.6401431506892962,-1.0155098897966612,-1.0247697569568417,-1.0038608812251555,-0.9565204067823485,-0.9936078120340284,0.8520727053046208,-1.090575736235646,-1.003102397321822,-0.4961452226017485,-0.270729284141361,-0.08028770116290075,-0.44841262235202944,-0.03940560583034002,0.02505613025356547,-0.009243226874426157,-0.023484322029938758,-0.0019177888199764185,0.0019398970270068441,1
data/Split/Diseased/d1_msns/pre_processed_data/6-OHDA_D1-MSNs_cell_body_stim/Neuron_0066,AG8020,4,06-23-22,1.4,1,6-OHDA,66,9,right,raw_data/D1-MSN_DIO-ChR2_rec_SNr/6-OHDA/D1-MSNs cell body stim/AG8020_mouse#4_recorded_06-23-22/Trajectory1_1.4mm_right_rec1_1mW_10s_STR_cells_recorded_together/Ch9.txt,60.60100209169569,0.49747320373011694,0.9914688155235689,184.54643919792713,0.03725747585191683,0.10417362270450752,0.03757806122448957,0.7405302083333337,56.38888363461348,3.2727450394965087,61.6,0.3686367253306396,0.7,76.31112986060941,0.017917500000001495,0.05127322950324056,0.01318541666666751,0.8044150000000002,59.35098572801028,1.3036460214421095,0.37112479449024416,0.14532182919905207,-0.2,-0.2,-0.2,-0.2,-0.2,0.02025349751309301,0.38027956368122434,-0.2,data/Split/Diseased,1.6329298819808258,0.932126403271412,-0.34029799816950174,-0.32672406392288916,-0.34792430483754655,-0.3608828777593565,-0.34652695242508436,0.15208097196848444,1.6875508808822246,-0.3598424280622727,2.0498869422467716,-1.47279424351076,-0.23833645699204006,-0.02676111442938034,-0.5019760902167651,-0.8716859665159223,-0.4866060492097839,-0.14170130938679384,2.2746566689400227,-0.8977163095574183,0.30034389937583306,2.677977583245676,-0.1688985814139874,-0.2295636808890292,-0.08358170289710591,0.046008750858510965,-0.0020669084880768768,0.014451618836020213,0.0004606794699813495,0.0010973709511924595,1
data/Split/Diseased/d1_msns/pre_processed_data/6-OHDA_D1-MSNs_cell_body_stim/Neuron_0026,AG7499,4,02-15-22,1.4,1,6-OHDA,26,11,right,raw_data/D1-MSN_DIO-ChR2_rec_SNr/6-OHDA/D1-MSNs cell body stim/AG7499_mouse#4_recorded_02-15-22/Trajectory1_1.4mm_right_rec1_1mW_10s_STR_neurons_recorded_together/Ch11.txt,10.289560621470406,0.918603129816947,0.9391265646580133,60.96461035894448,0.055711982132096355,0.3029100529100529,0.059323188405797145,0.9396694852941175,7.595933797184964,8.025953356983948,14.5,0.6408413449246197,0.5,30.277845946739887,0.015787500000003264,0.07442455242966753,0.009227500000001498,0.8545149999999978,13.244873350497084,1.8369387718432677,-0.9800000000000001,-1.0,-0.3,-0.3,-0.3,-0.3,-0.3,0.12051865803725079,-0.9800000000000001,-0.3,data/Split/Diseased,-1.2888361363483234,-1.5553995123211926,-0.6201279232394411,-0.6069283083991327,-0.6318805791976171,-0.6439153012894844,-0.6365584127647426,0.7937115369221505,-1.2868053304594724,-0.6441143320302584,-0.5952441672365604,-0.2871544106665033,-0.4973942679269137,-0.6641061559306793,-0.6007531384816965,-0.6383198422732054,-0.8160860892364045,0.11285848883923336,-0.540229931533047,-0.7229401781359378,-2.7432346702213404,-1.1871335420906077,0.296878494287655,-0.399685689278431,0.03852509688165207,0.01625600952840356,0.03374164210125853,0.007942002197312151,-0.002379251393034651,0.0002627228713135179,2
data/Split/Diseased/d1_msns/pre_processed_data/6-OHDA_D1-MSNs_cell_body_stim/Neuron_0036,AG7499,4,02-15-22,1.7,2,6-OHDA,36,8,right,raw_data/D1-MSN_DIO-ChR2_rec_SNr/6-OHDA/D1-MSNs cell body stim/AG7499_mouse#4_recorded_02-15-22/Trajectory2_1.7mm_right_rec11_1mW_10s_STR_neurons_recorded_together/Ch8.txt,22.36416395015591,1.265229056499931,2.1647989849859797,122.58588529480356,0.08351078309975603,0.4104803493449782,0.038576691729323265,0.4225051136363637,14.385454706907458,8.52151619760351,15.8,0.9419614733979598,1.4,90.7302934962634,0.04171999999999798,0.271422735760971,0.02659608333333267,0.7466368749999981,11.156586277250105,8.123174814820906,0.10793538004971759,0.010024954551291775,0.14166666666666666,0.18084074702673195,0.20555218410882142,0.14536766264038992,0.26132382779837215,0.05750824352590236,0.11273724611728106,0.10663130097240636,data/Split/Diseased,1.0637908278889352,0.638274951736303,0.6157875791527911,0.7404078739410473,0.8036665677437571,0.6166195879010954,0.9914572822333448,0.3904866515329713,1.1025489626812746,0.5118242093737919,-0.5222363022189738,1.0244325099438165,0.6683658812800178,0.17287666207543756,0.6018458305943317,1.3474285606573762,0.6297759674531662,-0.43527392100115364,-0.6677247689266894,1.3372491193323786,2.0345283484877443,0.8005605266214648,0.830408861605559,-0.49398089580197435,-0.20370357096433372,-0.22976647250675647,-0.044952141071339304,0.024427085649084357,-0.028467792479226813,0.0002499586005595446,1
data/Split/Diseased/d1_msns/pre_processed_data/6-OHDA_D1-MSNs_cell_body_stim/Neuron_0077,AG7960,5,07-21-22,1.4,1,6-OHDA,77,16,right,raw_data/D1-MSN_DIO-ChR2_rec_SNr/6-OHDA/D1-MSNs cell body stim/AG7960_mouse#5_recorded_07-21-22/Trajectory1_1.4mm_right_rec1_1mW_10s_STR_cells_recorded_together/Ch16.txt,7.955914871710872,0.8248584094954974,0.7325139012316916,34.60514663575025,0.07928038648247344,0.329923273657289,0.1082305555555557,1.276865714285714,5.7901160288422915,5.976589495507813,11.1,0.6076522318062554,0.3,16.11031040180495,0.03867749999999859,0.13125,0.03867749999999859,1.0,10.007473807343642,1.9804301556053923,0.1570885225885226,0.029985478556250816,0.1,0.15272622736129365,0.03132606625039638,0.042105263157894736,0.03132606625039638,-0.08171906232963837,0.17615913287599547,0.08745281296601659,data/Split/Diseased,1.1700829943487718,0.6816272388274055,0.4991917770403164,0.661629796524381,0.3089405745107877,0.324353516050427,0.3243914156672256,-0.5004758168464991,1.2412258110677132,0.45730515636575586,-0.7861878142056332,-0.4317160077055306,-0.7564520788617873,-0.8602600637586005,0.46075232385900605,-0.0655173937915776,1.6355034706207483,0.8520727053046208,-0.737880787883382,-0.6759137204775613,1.7504253765040467,1.133608148200664,-0.25606725465365776,-0.3017382839667332,0.2161722572962552,-0.041973313871533226,-0.05245795969657999,-0.025746412714973008,0.0014109606054718404,-0.009478057135928043,1
data/Split/Diseased/d1_msns/pre_processed_data/6-OHDA_D1-MSNs_cell_body_stim/Neuron_0062,AG8020,4,06-23-22,1.7,6,6-OHDA,62,10,left,raw_data/D1-MSN_DIO-ChR2_rec_SNr/6-OHDA/D1-MSNs cell body stim/AG8020_mouse#4_recorded_06-23-22/Trajectory6_1.7mm_left_rec17_1mW_10s_STR_cells_recorded_together/Ch10.txt,33.04914728031039,0.7771267540117069,0.9691832047011847,128.55986979584972,0.02913283948064723,0.10654936461388075,0.030059166666666876,0.9630961864406777,30.413822649812623,4.227021090906564,28.9,0.7226851595440035,0.6,79.10121297640383,0.02357499999999533,0.092931631586804,0.02357499999999533,1.0,26.92622783823893,3.2054891394252047,-0.9312715019166632,-0.7840856543467958,-0.6,-0.6,-0.6,-0.6,-0.6,0.0,-0.926034923931379,-0.6,data/Split/Diseased,-1.1834622505276389,-1.0864548745191127,-1.459617698449259,-1.4475410418278636,-1.4837494022778288,-1.493012571879868,-1.506652793783717,0.022472013246651306,-1.1688065282383684,-1.4969300439342157,0.21345833757363014,0.06933214282918333,-0.3678653624594769,0.011868448531090805,-0.23961404770094136,-0.45176785353030274,0.37828339157985535,0.8520727053046208,0.2950489379699339,-0.274424913824749,-4.112154129089899,-0.06489385526237738,-0.9219025993085781,0.34262368535097215,-0.01581361620207497,-0.043669345385445354,-0.04100468069587478,0.019799289504153078,0.003600524285361393,-0.002010084354503657,2
data/Split/Diseased/d1_msns/pre_processed_data/6-OHDA_D1-MSNs_cell_body_stim/Neuron_0012,AG7960,2,06-16-22,1.7,5,6-OHDA,12,2cell2,right,raw_data/D1-MSN_DIO-ChR2_rec_SNr/6-OHDA/D1-MSNs cell body stim/AG7960_mouse#2_recorded_06-16-22/Trajectory5_1.7mm_right_rec7_1mW_10s_STR_cells_recorded_together/Ch2cell2.txt,3.837938589743797,1.0466841536555191,0.34007050795198207,25.59314232370925,0.061339813025995754,0.35443037974683544,0.1803738095238089,2.2490300000000003,2.6395671109937964,9.695961969337253,3.5,0.5101503097772584,0.0,0.0,0.0,0.0,0.0,1.0,3.5,0.0,-0.7814285714285715,-0.7,0.0,0.0,0.0,0.0,0.0,0.0,-0.7814285714285715,0.0,data/Split/Diseased,-0.859431499132732,-0.9038291365084347,0.21936185197037703,0.23368442502959813,0.21998824388259466,0.20518196930089944,0.23353596825423217,0.022472013246651306,-0.852613582133808,0.20870137987369894,-1.2130030250776782,-0.856404474451193,-1.145038795264098,-1.0833122898576288,-1.332885837770064,-1.3885218676263587,-1.5842369436876027,0.8520727053046208,-1.1351773691530493,-1.3249604605406522,-0.3749062934634228,-1.4909802111859345,0.1877328936721761,-0.2653779398805215,0.025108410970801222,-0.015628575889034414,-1.955205635934161e-05,-0.02449155802615338,-0.0015034323321675598,0.0012496685984335588,2
data/Split/Diseased/d1_msns/pre_processed_data/6-OHDA_D1-MSNs_cell_body_stim/Neuron_0065,AG8020,4,06-23-22,1.4,1,6-OHDA,65,10,right,raw_data/D1-MSN_DIO-ChR2_rec_SNr/6-OHDA/D1-MSNs cell body stim/AG8020_mouse#4_recorded_06-23-22/Trajectory1_1.4mm_right_rec1_1mW_10s_STR_cells_recorded_together/Ch10.txt,30.856937625988625,0.6655634343638857,0.8902985282252456,127.15120223821991,0.03754277606209822,0.13508196721311475,0.04216874999999989,1.0192720930232557,27.729774503744252,4.585367335787427,41.4,0.4084212846771257,0.4,81.06294159006362,0.007495000000000118,0.03378516333938294,0.007495000000000118,1.0,40.31409445730519,2.2195262574592878,0.23486176600611558,0.304506091244686,0.6666666666666666,0.5440714280884841,0.6554017398120557,0.6474168801484677,0.5051482536934523,-0.5011455547978863,0.18927117166906637,0.5050927371715692,data/Split/Diseased,1.3382652530708434,1.2778589014199127,2.084894685769973,1.7581956595160442,2.0810426063439915,2.037581655528251,1.6986248253216336,-3.184527344935318,1.2698962954804769,1.6445381206353331,0.9154570396658095,-1.299504905645337,-0.6269231733943506,0.0390291874222516,-0.9853112007999759,-1.0479662695521303,-0.9603094818495224,0.8520727053046208,1.1124096828179455,-0.5975547109306552,5.651968715666749,-0.5282993584254303,-1.698268598371937,0.2291439574064616,-0.24564021524381938,-0.04478783157143424,0.2888159470710434,-0.03087191397075477,-0.052395572282301274,-0.03691322971560608,0
data/Split/Diseased/d1_msns/pre_processed_data/6-OHDA_D1-MSNs_cell_body_stim/Neuron_0078,AG7960,5,07-21-22,1.4,1,6-OHDA,78,4,right,raw_data/D1-MSN_DIO-ChR2_rec_SNr/6-OHDA/D1-MSNs cell body stim/AG7960_mouse#5_recorded_07-21-22/Trajectory1_1.4mm_right_rec1_1mW_10s_STR_cells_recorded_together/Ch4.txt,34.774062700137804,0.700076117606072,0.9156423765396144,131.10303602095206,0.03277033196614382,0.1117612638970158,0.035789444444444665,1.0465386363636362,31.934162611785354,4.105416434892464,29.1,0.8376957971738527,0.8,57.4582381730648,0.03411500000000771,0.13266978232495474,0.030090000000006258,0.9175449999999984,26.715498853860556,2.9010355075665726,-0.9761465580070231,-1.0,-0.6,-0.6,-0.6,-0.6,-0.6,0.07014760304564446,-0.9744466943180742,-0.6,data/Split/Diseased,-1.2805031859690579,-1.5553995123211926,-1.459617698449259,-1.4475410418278636,-1.4837494022778288,-1.493012571879868,-1.506652793783717,0.47137017425321526,-1.2746625991492884,-1.4969300439342157,0.22469031680710516,0.5702832044906712,-0.10880755152460309,-0.28778522597223155,0.24917003150772762,-0.05120593956082206,0.9206299444660259,0.4331160553499602,0.2821834378470633,-0.374203558731218,-4.41351660066878,-0.2982983002106051,-0.5703712620393658,-0.06970995886094718,-0.015385082786070233,0.0025496296706547096,-0.011038854218354118,0.030399313737790437,0.0016109662251655422,-0.0016268850293919964,2
data/Split/Diseased/d1_msns/pre_processed_data/6-OHDA_D1-MSNs_cell_body_stim/Neuron_0006,AG7960,2,06-16-22,1.1,6,6-OHDA,6,8,right,raw_data/D1-MSN_DIO-ChR2_rec_SNr/6-OHDA/D1-MSNs cell body stim/AG7960_mouse#2_recorded_06-16-22/Trajectory6_1.1mm_right_rec9_1mW_10s_STR_cells_recorded_together/Ch8.txt,21.78744478395206,0.6800013518437474,0.7838656333709689,87.82705303121132,0.0387435638853001,0.1429889298892989,0.04942628205128172,1.1974651315789475,19.424662002517465,4.521419884671806,26.2,0.5886147340685403,1.0,80.20558317631597,0.04353500000000281,0.1540694812433943,0.03494125000000281,0.8611899999999935,23.263150615969153,3.732255313117823,-0.9865424430641822,-1.0,-0.8,-0.8,-0.8,-0.8,-0.8,0.12242618351945478,-0.9852475561258356,-0.8,data/Split/Diseased,-1.3029839692500151,-1.5553995123211926,-2.0192775485891383,-2.007949530780351,-2.0516619509979703,-2.059077418940124,-2.086715714463034,0.8059184355738029,-1.298279516776735,-2.0654738518701876,0.06182661792171944,-0.5146375087042471,0.15025025941027056,0.027158795233549953,0.6860150055246022,0.16450375497489506,1.3244762552385128,0.14677439009986623,0.0714094581318063,-0.10178773859137717,-5.680511281052119,0.345932258504776,-0.6324448185422828,0.06468960994271332,-0.007780970760505436,0.003677093866888374,0.0005014929611668581,0.05304881304988855,0.002287229013628593,-0.002626687144641787,2
data/Split/Diseased/d1_msns/pre_processed_data/6-OHDA_D1-MSNs_cell_body_stim/Neuron_0046,AG7499,5,02-17-22,1.4,1,6-OHDA,46,8,right,raw_data/D1-MSN_DIO-ChR2_rec_SNr/6-OHDA/D1-MSNs cell body stim/AG7499_mouse#5_recorded_02-17-22/Trajectory1_1.4mm_right_rec1_1mW_10s_STR_neurons_recorded_together/Ch8.txt,20.071826650558393,0.8355095007551806,1.0417023957884735,78.5784492563833,0.07122513094326177,0.24936708860759493,0.06837378048780512,0.8699331249999996,16.22198681040314,4.843947302804551,18.1,0.5800532489591232,0.1,5.856515373350968,0.006830000000002201,0.02222222222222222,0.006830000000002201,1.0,17.80262960180319,0.38975109809649766,-0.44249044084570405,0.004919327787358011,0.4,0.38063754427395385,0.40522116218555515,0.42558139534883727,0.40522116218555515,0.0,-0.5442173177312396,0.43046658132517246,data/Split/Diseased,-0.12648816459297033,0.6271860345718496,1.3386815522501345,1.3002469801553578,1.3706391589432763,1.4097153066500487,1.4088048225463328,0.022472013246651306,-0.33393287511397296,1.4323969265526648,-0.3930685410340127,-0.551928711877686,-1.0155098897966612,-1.0022270246685259,-1.0161500445070313,-1.1645211101516866,-1.0156679557816126,0.8520727053046208,-0.26196819272114186,-1.1972272612962622,2.790667768110168,-1.4434447129255885,1.127824459024157,0.25275257858427824,0.0967308516853045,0.03531301287120555,0.02829102393259425,0.0757245023189584,0.01583995524169822,-0.005121248712758319,0
data/Split/Diseased/d1_msns/pre_processed_data/6-OHDA_D1-MSNs_cell_body_stim/Neuron_0070,AG8020,4,06-23-22,1.1,3,6-OHDA,70,12,right,raw_data/D1-MSN_DIO-ChR2_rec_SNr/6-OHDA/D1-MSNs cell body stim/AG8020_mouse#4_recorded_06-23-22/Trajectory3_1.1mm_right_rec5_1mW_10s_STR_cells_recorded_together/Ch12.txt,14.746760801154199,1.3566119411557416,1.935637074035125,96.29885133589791,0.08953867981569523,0.5128552097428958,0.04625798969072155,0.44385234375000016,7.890294225784055,12.204722483124986,29.3,0.965651431362913,1.4,121.0270988664483,0.03750500000000727,0.18062267328431122,0.018248333333336576,0.6713312499999973,24.52860538513586,4.84348098903114,0.10198264588338715,0.006505917723136656,0.3128571428571429,0.23394096911327483,0.2537691415978812,0.2536789894299072,0.14160905755313,-0.3223204727719322,0.0592762757637747,0.22440386492715864,data/Split/Diseased,1.050918222431426,0.6306319512409031,1.0948297604034731,0.8891969500538524,0.9405816438394702,0.9231757610711028,0.6442467858488022,-2.040165357098543,0.9856524264979452,0.8466185192798799,0.23592229604058002,1.127618700698221,0.6683658812800178,0.5923452950790336,0.40637857311258785,0.43216083584900683,-0.06513937204734298,-0.8179043542403952,0.14866844809100788,0.262394457071802,2.9731412759770164,0.15770521864007897,-1.369961621773371,-0.0394914194850568,-0.006993489290523708,0.06312268998387265,0.1737495642640816,0.0012971669096961049,0.031925055636415484,0.001900901473607194,0
data/Split/Diseased/d1_msns/pre_processed_data/6-OHDA_D1-MSNs_cell_body_stim/Neuron_0017,AG8106,7,06-30-22,1.4,4,6-OHDA,17,10,right,raw_data/D1-MSN_DIO-ChR2_rec_SNr/6-OHDA/D1-MSNs cell body stim/AG8106_mouse#7_recorded_06-30-22/Trajectory4_1.4mm_right_rec9_1mW_10s_STR_cells_recorded_together/Ch10.txt,24.16444422540407,1.1292266844775256,2.0526567424439115,121.42659627945957,0.08230493028842405,0.3767872161480236,0.040096782178218,0.43982024999999986,16.410233696344246,7.399443452564001,27.6,0.8669525753988298,1.6,107.67708857303433,0.071062499999978,0.2620675414378725,0.04066624999999059,0.5891450000000219,21.80366860577519,5.103133306855551,0.31944529512164355,0.02100462714653963,0.18428571428571427,0.38231551711925515,-0.0470980245524533,-0.055510856860367205,-0.16099202241516375,-0.09616153821828524,0.33043553459076197,0.059127692495903675,data/Split/Diseased,1.5211745461930548,0.6621217164002585,0.7350484281706938,1.3049487312890509,0.08625044806625698,0.04806824580666185,-0.2333915453868172,-0.5928980891025684,1.5785630658169858,0.3767847971041402,0.14045047255604365,0.6977167568527283,0.9274236922148918,0.4075102769991019,1.9625808252958268,1.2531278829960195,1.8010586060077363,-1.2354954763351769,-0.017695351236813713,0.34749035906903414,1.8651890892610017,1.5600404928044667,-0.538381194399944,-0.6270662005800243,1.04595537066746,-0.24924609458594055,0.12452277769819456,0.05192984434117116,-0.08714809174573564,0.03231046380402056,1
data/Split/Diseased/d1_msns/pre_processed_data/6-OHDA_D1-MSNs_cell_body_stim/Neuron_0073,AG7960,5,07-21-22,1.1,4,6-OHDA,73,7,right,raw_data/D1-MSN_DIO-ChR2_rec_SNr/6-OHDA/D1-MSNs cell body stim/AG7960_mouse#5_recorded_07-21-22/Trajectory4_1.1mm_right_rec12_1mW_10s_STR_cells_recorded_together/Ch7.txt,12.601480225620293,1.0424760494058927,1.2063512764500668,76.05785897160908,0.06526482670926927,0.351875808538163,0.05410101351351345,0.7505116438356165,8.737580884754186,8.704681533113934,9.5,0.8436026140183742,0.7,46.32298104817834,0.0521874999999973,0.2684719447219447,0.0521874999999973,1.0,6.896644259844362,6.532985790887935,0.2480213740740056,0.051742091824860226,-0.06666666666666668,0.030887778538675793,-0.2599355067777605,-0.2229414023273672,-0.2806495125446324,-0.049939087245808894,0.3182361796873868,-0.1058437326500626,data/Split/Diseased,1.3667225027816647,0.7288804544402077,0.032808568590417406,0.32023329151938995,-0.5181149369025028,-0.425814484758301,-0.5804359114150975,-0.2971050421860631,1.551888235142459,-0.09218261416141861,-0.8760436480734322,0.5960114869372598,-0.23833645699204006,-0.4419563020064164,1.0872677802252995,1.3176844864022648,2.7601545726129464,0.8520727053046208,-0.9278042483112059,0.8160961773078708,0.5280734836772456,2.174118497829124,-0.577464222623015,-0.31282475900565304,0.6587109986406627,-0.05126783074952877,-0.024360888624510503,-0.06996247527169983,0.03198769982304079,-0.03013164248649059,1
data/Split/Diseased/d1_msns/pre_processed_data/6-OHDA_D1-MSNs_cell_body_stim/Neuron_0040,AG7499,4,02-15-22,1.7,5,6-OHDA,40,7,left,raw_data/D1-MSN_DIO-ChR2_rec_SNr/6-OHDA/D1-MSNs cell body stim/AG7499_mouse#4_recorded_02-15-22/Trajectory5_1.7mm_left_rec26_1mW_10s_STR_neurons_recorded_together/Ch7.txt,29.10216360728247,0.7490827363975537,0.9752047769636101,117.52897555561532,0.034556252955287844,0.12786596119929453,0.03543486842105298,0.9968614864864862,26.289452453704392,4.470575253044289,38.5,0.7431078562046232,1.2,137.9559979277313,0.026910000000005853,0.11416026482526127,0.014802083333335858,0.796443750000001,35.11262164599192,4.0613724504199,-0.9303602007354155,-0.8542184905866584,-0.7,-0.7,-0.7,-0.7,-0.7,0.14213507729841007,-0.9209940351753338,-0.7,data/Split/Diseased,-1.181491589612607,-1.238776469404519,-1.7394476235191987,-1.7277452863041072,-1.7677056766378993,-1.776044995409996,-1.7966842541233754,0.9320422913966439,-1.1577842360695072,-1.7812019479022014,0.752593340780424,0.15828714547037134,0.4093080703451442,0.8267311341378432,-0.08495608715405896,-0.23778250687981353,-0.3520252980459952,-0.1822035008360776,0.7948475340206927,0.006073881501713746,-4.96545533996578,0.33008206574558574,-0.29255367819233635,0.12751749802717505,0.02663027386344065,-0.010746892055609317,0.018735861446762904,0.03346075689865155,0.00029217046692037684,-0.001495238583433299,2
data/Split/Diseased/d1_msns/pre_processed_data/6-OHDA_D1-MSNs_cell_body_stim/Neuron_0054,AG7499,5,02-17-22,1.7,5,6-OHDA,54,2,left,raw_data/D1-MSN_DIO-ChR2_rec_SNr/6-OHDA/D1-MSNs cell body stim/AG7499_mouse#5_recorded_02-17-22/Trajectory5_1.7mm_left_rec22_1mW_10s_STR_neurons_recorded_together/Ch2.txt,33.42856537665867,0.7804654540908706,1.2580642883688746,144.54964508032867,0.051108861714985396,0.1858678955453149,0.04062499999999989,0.6665260416666668,28.681128088294574,5.0398870168332985,50.8,0.406845727913992,0.3,48.85338390487887,0.012707500000001915,0.040129513343799064,0.012707500000001915,1.0,49.29516204665431,1.045748135899816,0.02628717967185436,0.2185032133434987,0.23333333333333334,0.2164769995961867,0.1422596123035293,0.1657017494515385,0.10870238734738566,-0.19344525611591895,0.01608020744424373,0.22893177921100283,data/Split/Diseased,0.887229093329269,1.0910691431697284,0.8722983438002356,0.840262166212934,0.6239433388987771,0.6741716466054094,0.5488070897019267,-1.2154493975444705,0.8912008905474674,0.8594901074246023,1.4433600636391284,-1.3063675476536352,-0.7564520788617873,-0.40692209248236166,-0.7435856777569899,-0.9840150052518161,-0.5263906166284331,0.8520727053046208,1.6607249822777126,-0.9822372311393367,2.512220398303788,0.5005974584933557,-0.5959327173578911,0.30941463710591866,0.24264193697262007,0.04124414127934998,-0.00946458885976426,-0.03947754958278564,0.08111977044025281,0.0014501787747492915,0
data/Split/Diseased/d1_msns/pre_processed_data/6-OHDA_D1-MSNs_cell_body_stim/Neuron_0030,AG7499,4,02-15-22,1.4,1,6-OHDA,30,9,right,raw_data/D1-MSN_DIO-ChR2_rec_SNr/6-OHDA/D1-MSNs cell body stim/AG7499_mouse#4_recorded_02-15-22/Trajectory1_1.4mm_right_rec1_1mW_10s_STR_neurons_recorded_together/Ch9.txt,32.293224506349645,0.740244503272815,0.9125243973536792,140.88417582036385,0.03366898177485974,0.11773940345368916,0.03689652777777755,1.0673428571428574,29.483726569913344,4.778370722109771,25.9,0.8503660939653882,1.4,83.9518639225767,0.07268999999999863,0.29371783445312855,0.049815833333332664,0.7368212500000034,20.78758012589229,5.325270307533419,-1.0,-1.0,-0.8,-0.8,-0.8,-0.8,-0.8,0.20547082177460063,-1.0,-0.8,data/Split/Diseased,-1.3320855242693184,-1.5553995123211926,-2.0192775485891383,-2.007949530780351,-2.0516619509979703,-2.059077418940124,-2.086715714463034,1.3373490729105264,-1.3305368734563014,-2.0654738518701876,0.044978649071507094,0.6254711311041529,0.6683658812800178,0.07902720988257908,2.038054837527445,1.57216391543309,2.562723223225619,-0.4851474443436908,-0.07972994273519352,0.42029135926047456,-5.829915048695928,0.3939427714347339,-0.13296787017413747,-0.016919442769319847,0.03452986746175046,0.01338792946968899,0.04054358359260523,0.06015478639302431,0.0003471573260460034,-0.0023617827852171758,2
data/Split/Diseased/d1_msns/pre_processed_data/6-OHDA_D1-MSNs_cell_body_stim/Neuron_0003,AG7960,2,06-16-22,1.1,6,6-OHDA,3,13,right,raw_data/D1-MSN_DIO-ChR2_rec_SNr/6-OHDA/D1-MSNs cell body stim/AG7960_mouse#2_recorded_06-16-22/Trajectory6_1.1mm_right_rec9_1mW_10s_STR_cells_recorded_together/Ch13.txt,26.91855397348126,0.7559227008883411,1.3273129439720164,129.75137332878802,0.038213663391818836,0.16897173782321107,0.028790243902439103,0.7142373456790123,23.258886384042587,5.578572042804577,36.3,0.6578927097732958,1.0,134.9012495004826,0.027182500000012766,0.10306369730860335,0.02289250000000962,0.9033624999999915,33.547058780065335,4.035528986804147,-0.9700764966740577,-1.0,-0.9,-0.9,-0.9,-0.9,-0.9,0.09349377191923218,-0.965047460073426,-0.9,data/Split/Diseased,-1.2673768641043752,-1.5553995123211926,-2.299107473659077,-2.288153775256595,-2.335618225358041,-2.342109842470252,-2.3767471748026923,0.6207701796544395,-1.2541104483239331,-2.3497457558381734,0.6290415692122002,-0.21288389534936417,0.15025025941027056,0.7844371981504902,-0.07231911736396553,-0.34963628568932315,0.3214681157031954,0.3610542921095899,0.6992662389114507,-0.0023958015942882336,-6.198287133530351,0.6707064385842432,-0.999956271756261,0.16533021226710687,-0.035296639653440556,9.363614616773354e-06,-0.020555677454730192,0.055518620745914536,0.0035495041187779135,-0.0030440147551765466,2
data/Split/Diseased/d1_msns/pre_processed_data/6-OHDA_D1-MSNs_cell_body_stim/Neuron_0057,AG7499,5,02-17-22,1.1,6,6-OHDA,57,15,left,raw_data/D1-MSN_DIO-ChR2_rec_SNr/6-OHDA/D1-MSNs cell body stim/AG7499_mouse#5_recorded_02-17-22/Trajectory6_1.1mm_left_rec27_1mW_10s_STR_neurons_recorded_together/Ch15.txt,18.345988902574575,0.8620139462456382,1.1893261771324208,100.78002718906824,0.053128718621241654,0.24275862068965517,0.044671276595744394,0.8098402173913047,14.671837888217427,6.868943615441803,24.5,0.8773584407231689,1.4,109.22128180214106,0.03742999999999626,0.19133257918552035,0.022375250000002466,0.7664435416666692,19.733067919840924,5.427153736464996,0.02656558656961156,0.11929651141625079,0.2533333333333333,0.3870267143864514,0.13019067478980198,0.24038911740929908,0.16934874375007908,-0.3084625708036789,-0.00840685103272043,0.4160886796169401,data/Split/Diseased,0.8878311397253181,0.8756019829767913,0.9282643288142234,1.3181497059973837,0.589672833579952,0.8855611142071232,0.7247006028194523,-1.951483970438612,0.8376580480149056,1.391524591616027,-0.033645205562816916,0.7430415145374145,0.6683658812800178,0.4288901094597301,0.4029005080323232,0.5401170523949055,0.27840921248235406,-0.3346355762866185,-0.14411039308730345,0.45368163421024965,3.108584649636087,0.01781427467195034,-1.1633556150698317,0.1953855689570913,0.5052214567650807,0.19766315222870806,-0.40789823343786674,-0.023254293665779677,0.0020630484171725912,0.006866760341067169,0
data/Split/Diseased/d1_msns/pre_processed_data/6-OHDA_D1-MSNs_cell_body_stim/Neuron_0044,AG7499,5,02-17-22,1.1,3,6-OHDA,44,8,right,raw_data/D1-MSN_DIO-ChR2_rec_SNr/6-OHDA/D1-MSNs cell body stim/AG7499_mouse#5_recorded_02-17-22/Trajectory3_1.1mm_right_rec12_1mW_10s_STR_neurons_recorded_together/Ch8.txt,44.31395596396241,0.5761711419607324,0.7139187381996245,185.67917562286286,0.02004071886517518,0.07019562715765247,0.02807142857142858,1.2867972222222224,42.04594091452524,4.416102282033077,56.8,0.4168225161174326,0.3,75.49467214556206,0.006977499999999281,0.023280701754385964,0.006977499999999281,1.0,55.86685135552558,1.4452824120672343,0.22261742705629822,0.08001952194666784,0.2,0.2170087976540401,0.18299120234595992,0.17092198581560286,0.18299120234595992,-0.16052626984350254,0.22052643280661677,0.1860539945784339,data/Split/Diseased,1.3117872448170036,0.7902962403451582,0.7790217021102558,0.8417522869430816,0.7396032444708805,0.6889466081006217,0.7642680247113187,-1.0047897062892668,1.338238335296173,0.737600612670306,1.7803194406433744,-1.262911718301827,-0.7564520788617873,-0.03806522380499075,-1.0093098498503172,-1.1538516003877615,-1.0033891965262032,0.8520727053046208,2.061942070948063,-0.8512977891418684,2.651776065839899,0.8678675103506864,-0.4864958744606661,-0.27672548153194126,-0.027340935716433895,-0.04471876843497682,-0.06372357955686139,-0.012086691895620665,0.013320025313908095,0.007889282012781546,0
data/Split/Diseased/d1_msns/pre_processed_data/6-OHDA_D1-MSNs_cell_body_stim/Neuron_0024,AG7499,4,02-15-22,1.1,3,6-OHDA,24,16,right,raw_data/D1-MSN_DIO-ChR2_rec_SNr/6-OHDA/D1-MSNs cell body stim/AG7499_mouse#4_recorded_02-15-22/Trajectory3_1.1mm_right_rec16_1mW_10s_STR_neurons_recorded_together/Ch16.txt,59.856447641771354,0.5891679057048407,1.522190218945785,290.6561126184022,0.020670279276893893,0.08941755537325677,0.013579301075268634,0.6385220108695654,55.65462710564182,5.222496811750946,30.4,0.7597354454612322,0.7,76.65903573384898,0.021822500000007496,0.11146477234961782,0.01328083333334007,0.9184587499999992,28.346261308397835,3.6541936189327893,-0.7789127597605539,-0.6611774510050707,-0.4,-0.4,-0.4,-0.4,-0.4,0.06883514303502386,-0.775712340578584,-0.4,data/Split/Diseased,-0.853991133394419,-0.819510393712984,-0.8999578483093805,-0.8871325528753764,-0.9158368535576878,-0.9269477248196124,-0.9265898731044008,0.4629713001708196,-0.8401146023740064,-0.9283862359982442,0.29769818182469165,0.23071182428814718,-0.23833645699204006,-0.021944250100663375,-0.32088483506396215,-0.26495316291382703,-0.4786630100297893,0.437758850073099,0.3817453211879452,-0.1273709120202378,-2.7979821641616125,-0.14249197524465523,-0.1433855319246221,0.08143036848883967,0.025501988154015547,-0.022427400276635354,0.006275708710398379,0.012832724319895886,0.00039263142477628484,-0.0006412010533932505,2
data/Split/Diseased/d1_msns/pre_processed_data/6-OHDA_D1-MSNs_cell_body_stim/Neuron_0005,AG7960,2,06-16-22,1.1,6,6-OHDA,5,7,right,raw_data/D1-MSN_DIO-ChR2_rec_SNr/6-OHDA/D1-MSNs cell body stim/AG7960_mouse#2_recorded_06-16-22/Trajectory6_1.1mm_right_rec9_1mW_10s_STR_cells_recorded_together/Ch7.txt,10.79322679795411,0.9232295504605674,0.7838656333709689,62.421739255745564,0.058931118812422925,0.28305400372439476,0.07518012820512752,1.0079881578947374,8.222735757580931,7.591359019192121,19.0,0.7377564936546969,1.1,69.14043485297374,0.037192499999991926,0.1681698253437384,0.02121874999999136,0.6001049999999963,15.759370419212265,3.848488002557974,-0.46275113838614984,-0.2634756703482232,-0.5333333333333333,-0.5192579551259383,-0.5222303741746993,-0.5172413793103449,-0.488008452192375,0.3453301434889805,-0.41505973135175,-0.49803095674675946,data/Split/Diseased,-0.17030130296680462,0.04425860190029954,-1.2730644150692996,-1.2212984050138296,-1.2629176702005378,-1.2587788420618313,-1.1818420722202758,2.232356023844522,-0.051519848007904503,-1.2070607032202898,-0.34252463448337583,0.13497825156310592,0.27977916487770754,-0.1260416027774589,0.391886635279568,0.30663570413577185,0.18213541533456776,-1.1798073448271753,-0.38671397148634273,-0.06369477784930323,-3.258926036243141,1.64568477440811,1.3300817633361834,0.08625177565945867,0.10642835934047998,0.004657349128050338,0.036839790114497346,-0.018507895252781546,0.003452224198844583,0.003260872817977548,2
data/Split/Diseased/d1_msns/pre_processed_data/6-OHDA_D1-MSNs_cell_body_stim/Neuron_0029,AG7499,4,02-15-22,1.4,1,6-OHDA,29,8,right,raw_data/D1-MSN_DIO-ChR2_rec_SNr/6-OHDA/D1-MSNs cell body stim/AG7499_mouse#4_recorded_02-15-22/Trajectory1_1.4mm_right_rec1_1mW_10s_STR_neurons_recorded_together/Ch8.txt,13.482407102926668,1.1663560175854841,1.4648291530895936,85.34320218725776,0.0698043406774091,0.3858093126385809,0.04765357142857166,0.6036291666666664,8.902179668160812,9.586775977179265,36.4,1.157399609812911,1.3,97.57594449570914,0.049285000000000426,0.19033061972815296,0.028490416666667545,0.7265933333333332,31.136469464274786,3.7675607348723092,0.25690916552527476,-0.22539065401918945,-0.1766666666666667,-0.00600760066500392,-0.29189035632443094,-0.297317090853724,-0.21722524984214003,0.18560565265530532,0.29478062572870545,-0.15763437872120617,data/Split/Diseased,1.3859420797935071,0.12697549657477802,-0.27500434898651593,0.2168508729750741,-0.6088527371525941,-0.6363217985116679,-0.39648559608939776,1.2102251584991737,1.5006008568195326,-0.23940886982517928,0.6346575588289378,1.9628149533729644,0.5388369758125812,0.26765681568143734,0.9526666616389647,0.5300172669114912,0.787471309486906,-0.5371158356199446,0.5520940915678851,-0.0902170862099015,-0.2639121460281486,2.2657083417088772,0.6854970771673091,-1.059732792104198,0.5136361181516701,-0.11845326348764552,-0.18242129781502528,0.03292576751818946,0.022084388927367565,0.0019592974853511534,1
data/Split/Diseased/d1_msns/pre_processed_data/6-OHDA_D1-MSNs_cell_body_stim/Neuron_0063,AG8020,4,06-23-22,1.7,6,6-OHDA,63,12,left,raw_data/D1-MSN_DIO-ChR2_rec_SNr/6-OHDA/D1-MSNs cell body stim/AG8020_mouse#4_recorded_06-23-22/Trajectory6_1.7mm_left_rec17_1mW_10s_STR_cells_recorded_together/Ch12.txt,19.606192188796808,0.874711292572738,1.1025977202288593,101.28537364330694,0.049508642361404176,0.2085889570552147,0.04490181818181883,0.8148833333333326,16.32477442705105,6.2043965198974815,20.8,0.7520952239811801,0.9,105.62915143556806,0.03290749999999676,0.16610192224729847,0.02976999999999421,0.9161049999999932,17.87397050166873,6.0658857088761495,-0.05324992376458504,0.132409196692026,0.2333333333333333,0.12993946485233204,0.20255358693594894,0.2724821209014737,0.08080552534170883,-0.24641535073282297,-0.12580660314029107,0.24537318934832367,data/Split/Diseased,0.7152325412975261,0.9040814405536287,0.8722983438002356,0.5977803207955492,0.7951518629286018,0.9763947197746338,0.46789741343792296,-1.5544228909994022,0.5809544326594381,0.9062284170611495,-0.24143682138210196,0.19743336291591282,0.020721353942833736,0.3791559544547304,0.19317318372318049,0.28579117043636754,0.8939912803171668,0.42579936653864636,-0.25761266299326263,0.663013381302739,2.4834168792271423,0.05822698021520795,-0.873703927405658,0.42557780365391934,0.0018813408521973812,0.3200446602914152,0.16629422806259647,0.0013266529299189934,-0.010782225220796806,0.005058415719761344,0
data/Split/Diseased/d1_msns/pre_processed_data/6-OHDA_D1-MSNs_cell_body_stim/Neuron_0010,AG7960,2,06-16-22,1.7,5,6-OHDA,10,13,right,raw_data/D1-MSN_DIO-ChR2_rec_SNr/6-OHDA/D1-MSNs cell body stim/AG7960_mouse#2_recorded_06-16-22/Trajectory5_1.7mm_right_rec7_1mW_10s_STR_cells_recorded_together/Ch13.txt,45.971602580925406,0.31557927414525433,0.04022012474271689,154.93041808832498,0.001324247607153904,0.004374453193350831,0.03292499999999876,3.1133999999999986,45.83119380594235,3.3804578328098693,43.5,0.30090364924000573,0.0,0.0,0.0,0.0,0.0,1.0,43.5,0.0,-0.9271167949140804,-0.7365765909585583,0.0,0.0,0.0,0.0,0.0,0.0,-0.9271167949140804,0.0,data/Split/Diseased,-1.1744778237850002,-0.9832698802311592,0.21936185197037703,0.23368442502959813,0.21998824388259466,0.20518196930089944,0.23353596825423217,0.022472013246651306,-1.1711721226082197,0.20870137987369894,1.0333928216172956,-1.7678187479953358,-1.145038795264098,-1.0833122898576288,-1.332885837770064,-1.3885218676263587,-1.5842369436876027,0.8520727053046208,1.306916709328347,-1.3249604605406522,-0.5678908203404562,-1.8739288760829367,0.22723034933872538,-0.12271531432129325,0.05158348467245492,-0.0383002798629536,0.0011217752857527862,-0.0292786673361159,-0.0014885534702703852,0.0010887345744759575,2
data/Split/Diseased/d1_msns/pre_processed_data/6-OHDA_D1-MSNs_cell_body_stim/Neuron_0048,AG7499,5,02-17-22,1.7,2,6-OHDA,48,8,right,raw_data/D1-MSN_DIO-ChR2_rec_SNr/6-OHDA/D1-MSNs cell body stim/AG7499_mouse#5_recorded_02-17-22/Trajectory2_1.7mm_right_rec7_1mW_10s_STR_neurons_recorded_together/Ch8.txt,26.714807910551453,1.1797010462559867,2.6100674395366363,166.90900861074252,0.07993075644616299,0.4157088122605364,0.030624019607843177,0.3452702970297029,16.965274030893486,9.838273658698583,53.7,0.9388790409769003,3.0,216.59182942277317,0.061194999999995045,0.24160006494457803,0.018218999999999284,0.3112047916666666,43.512647563424906,5.327539276573889,0.03464910236686318,-0.275457174263802,-0.6266666666666667,-0.3989391187019548,-0.670084382358509,-0.6421946225500206,-0.46284920013482267,0.46952056081680904,0.12369227945399106,-0.41999086890704235,data/Split/Diseased,0.9053114952493594,0.01823595853671389,-1.5342390118012434,-0.8841599184493991,-1.6827584033313177,-1.6124370346825811,-1.1088723260672213,3.0270923730940416,1.1265029882510762,-0.9852146596600376,1.6062237625245142,1.011006379755762,2.740828368759008,1.9154685220997818,1.5049833963036499,1.0468150222818347,-0.06758124959455929,-2.6477190961404125,1.3076888728220264,0.4210349689024773,-3.000620980388702,3.0919049770300804,1.8337170571878523,-0.8682428153394253,0.4359016183963228,0.014748640199157989,-0.4930281641773862,-0.018575448924807787,0.041984121955427826,0.032189103469093004,2
data/Split/Diseased/d1_msns/pre_processed_data/6-OHDA_D1-MSNs_cell_body_stim/Neuron_0034,AG7499,4,02-15-22,1.7,2,6-OHDA,34,13,right,raw_data/D1-MSN_DIO-ChR2_rec_SNr/6-OHDA/D1-MSNs cell body stim/AG7499_mouse#4_recorded_02-15-22/Trajectory2_1.7mm_right_rec11_1mW_10s_STR_neurons_recorded_together/Ch13.txt,43.99587711591806,1.0684271283482762,2.62054613971987,183.30558524620199,0.10493903771429784,0.3947465778764336,0.04004472049689443,0.34024953125,29.75066091111399,6.161395398706061,36.2,0.9664798312269853,1.9,114.8139570108048,0.07129500000001343,0.25087460863830036,0.030280059523817304,0.5043558333333269,27.25260891547968,4.012300286395,-0.04852360660272202,-0.12647278285822022,-0.0422222222222222,-0.012687625719058215,0.039495807913359784,0.02721868384313153,0.16998987810984081,0.17783535551808036,-0.004420088644614939,0.03957237291643727,data/Split/Diseased,0.7254530575160796,0.34181534486461357,0.10121143916306935,0.1981331592415375,0.33213906856178105,0.282219669835118,0.7265600941658085,1.1605004074894323,0.8463754115545845,0.3211945178085667,0.6234255795954632,1.1312269564208168,1.3160104086172022,0.5063224260339366,1.9733628270447072,1.140302738849993,0.9364516064126007,-1.6663121062439177,0.3149752703713843,-0.01000854786245968,0.7984315720364124,0.8879078408922724,1.3189672955245473,-0.5366555318494346,-0.28719202214722545,-0.030212539860469935,-0.21517690923421387,-0.05264527572259554,0.021822732968449374,-0.01051397597655903,1
data/Split/Diseased/d1_msns/pre_processed_data/6-OHDA_D1-MSNs_cell_body_stim/Neuron_0081,AG7960,5,07-21-22,1.4,5,6-OHDA,81,13,left,raw_data/D1-MSN_DIO-ChR2_rec_SNr/6-OHDA/D1-MSNs cell body stim/AG7960_mouse#5_recorded_07-21-22/Trajectory5_1.4mm_left_rec13_1mW_10s_STR_cells_recorded_together/Ch13.txt,8.204714758917792,1.196307552078666,0.6922091856158932,37.897541923165036,0.09323446957435255,0.38213399503722084,0.1346911764705884,1.2833234848484847,5.590656194851208,6.778728757827623,15.375,0.5436808194695706,0.25,24.428330191340464,0.009446874999994748,0.04616477272727273,0.009446874999994748,1.0,14.648011364693776,1.4816885763125753,-0.45312357419379834,-0.0846013368638982,0.0,0.034025530384695774,-0.034025530384695774,0.05681818181818182,-0.034025530384695774,0.0,-0.4991305363339934,0.09634590045208584,data/Split/Diseased,-0.14948199004234014,0.43275599087242683,0.21936185197037703,0.3290254053730696,0.12337061547095876,0.36599584630665394,0.13485122559118487,0.022472013246651306,-0.23534714915085675,0.4825857054839436,-0.5461042580901079,-0.7103558586485869,-0.8212165315955059,-0.7450945092461437,-0.8947945570996273,-0.923179384946376,-0.797824036276229,0.8520727053046208,-0.45456505563899985,-0.8393663902209016,0.48169083208788427,-0.2757673980670847,0.33806584591107464,0.41280840260356877,0.2632279074249328,0.18431661362582524,-0.07660042580921499,0.013946123479200096,-0.0556346520024315,-0.022297202955217896,1
data/Split/Diseased/d1_msns/pre_processed_data/6-OHDA_D1-MSNs_cell_body_stim/Neuron_0031,AG7499,4,02-15-22,1.4,4,6-OHDA,31,12,left,raw_data/D1-MSN_DIO-ChR2_rec_SNr/6-OHDA/D1-MSNs cell body stim/AG7499_mouse#4_recorded_02-15-22/Trajectory4_1.4mm_left_rec21_1mW_10s_STR_neurons_recorded_together/Ch12.txt,50.75437239836128,0.42583345414559415,0.02632488194935751,207.61245674740377,0.00038039454416821796,0.0015560165975103733,0.014450000000000074,37.986875,50.694681732862726,4.095349840470926,48.8,0.39358813984005697,0.1,22.988505747089267,0.00130500000000211,0.005454545454545454,0.00130500000000211,1.0,48.56875728253722,0.4363174182132551,-0.9241914856478642,-0.6193847543478018,-0.1,-0.1,-0.1,-0.1,-0.1,0.0,-0.9237619165498862,-0.1,data/Split/Diseased,-1.1681519320228269,-0.7287407834889663,-0.06046807309956236,-0.04651981944664552,-0.06396803047747593,-0.07785045422922851,-0.0564954920854261,0.022472013246651306,-1.1638364222365754,-0.07557052409428686,1.3310402713043796,-1.3641135349603324,-1.0155098897966612,-0.7650293236272525,-1.2723675053822467,-1.333539863518939,-1.4756011414594508,0.8520727053046208,1.616376262951937,-1.1819660726181507,-1.076623137396298,-1.4540229177285977,0.08263359846010404,0.17795287130622897,0.06466073291147785,-0.06423874709136564,-0.0033943523231156764,-0.021547859159124282,-0.0002112104577891867,0.0003111948405929329,2
data/Split/Diseased/d1_msns/pre_processed_data/6-OHDA_D1-MSNs_cell_body_stim/Neuron_0020,AG8106,7,06-30-22,1.1,3,6-OHDA,20,2,right,raw_data/D1-MSN_DIO-ChR2_rec_SNr/6-OHDA/D1-MSNs cell body stim/AG8106_mouse#7_recorded_06-30-22/Trajectory3_1.1mm_right_rec5_1mW_10s_STR_cells_recorded_together/Ch2.txt,42.7752294733829,1.4382934092624453,2.4995892811967386,168.20999901284256,0.12741404386174401,0.47690857681432614,0.05097399193548368,0.3396400406504067,25.6425805445583,6.55979216758428,52.2,0.7175682159351516,1.7,119.77265974305874,0.08055000000001442,0.2710863505667712,0.04825979166666989,0.5892262499999935,43.12579644764317,3.961923669675005,0.042513706026828496,0.1562688356504484,-0.31666666666666665,-0.28373998448448456,-0.40283675000709956,-0.3425963935277172,-0.38957016022470287,0.14492943657097385,0.10546472388513686,-0.2195047566430671,data/Split/Diseased,0.9223184599760952,0.9559022202966154,-0.666766244084431,-0.5613670547721628,-0.9238919831907565,-0.7644769062274129,-0.8963400564930201,0.9499243384543217,1.086647031746754,-0.4152889711358416,1.5219839182734527,0.047044305928685866,1.0569525976823284,0.5749771977550735,2.402556057886396,1.3440377864336956,2.433189250230931,-1.235082642331212,1.2840707023444138,-0.026518485748921322,-0.9833533437711859,2.481169137113372,0.42687740796962426,0.1736497157196039,0.3812004166799883,0.1983202784445589,-0.0830813151898196,-0.08923366954358461,0.061314859063486805,0.02176632958739266,1
data/Split/Diseased/d1_msns/pre_processed_data/6-OHDA_D1-MSNs_cell_body_stim/Neuron_0049,AG7499,5,02-17-22,1.4,4,6-OHDA,49,12,left,raw_data/D1-MSN_DIO-ChR2_rec_SNr/6-OHDA/D1-MSNs cell body stim/AG7499_mouse#5_recorded_02-17-22/Trajectory4_1.4mm_left_rec17_1mW_10s_STR_neurons_recorded_together/Ch12.txt,15.979183458595513,0.7137609635962738,0.8977069358761524,77.11672096904014,0.0424698739170606,0.19101123595505617,0.04730928571428542,1.0784220588235296,13.500337508437708,5.712206892667847,24.1,0.5641777847834835,0.7,71.51813008301991,0.02204750000000999,0.09560790063826116,0.01767000000000891,0.9669199999999989,22.395512085422308,3.230222803693625,0.3204451782534947,0.07165082321899018,0.13333333333333333,0.2841975419931977,-0.049749897931195976,-0.009208333333333351,-0.08073731353461175,-0.10966499607357338,0.3306904540269082,0.1370232252666447,data/Split/Diseased,1.5233367628653094,0.7721202530949693,0.5924684187302962,1.030018000391693,0.07872028721923276,0.17911940030083345,-0.0006276412292108418,-0.6793112683885976,1.5791204668311138,0.598219911217532,-0.056109164029766574,-0.6210773645332004,-0.23833645699204006,-0.09312167753583096,-0.31045063982458454,-0.4247909702673435,-0.11328320777242376,0.6839921040008748,0.018438085189037546,-0.2663189454734815,1.9738603118184754,1.5548550040256435,-0.5327855256468321,-0.4705745571592245,0.7512450175363885,-0.013591109285769197,-0.09681259934693306,0.002567343628447065,-0.01331113451905391,0.014735351513811253,1
data/Split/Diseased/d1_msns/pre_processed_data/6-OHDA_D1-MSNs_cell_body_stim/Neuron_0022,AG7499,4,02-15-22,1.1,6,6-OHDA,22,15,left,raw_data/D1-MSN_DIO-ChR2_rec_SNr/6-OHDA/D1-MSNs cell body stim/AG7499_mouse#4_recorded_02-15-22/Trajectory6_1.1mm_left_rec31_1mW_10s_STR_neurons_recorded_together/Ch15.txt,50.606034699458085,0.8431631668467875,0.7145582307538207,204.0364601283807,0.015258370220275567,0.05395864851235502,0.021353571428571753,1.3756388888888884,48.61722101787773,4.196793972517506,56.1,0.6901733270036576,0.0,0.0,0.0,0.0,0.0,1.0,56.1,0.0,-0.4276505290045284,0.081559116509899,0.6,0.6,0.6,0.6,0.6,-0.06483459878228516,-0.46082137576378235,0.6,data/Split/Diseased,-0.09439730939635177,0.7936400877057043,1.8983414023900134,1.9149098918870597,1.923725890043018,1.9033765104816671,1.9737247302921817,-0.3924264422861543,-0.15158121401842525,1.9143328036816136,1.7410075133262126,-0.07227942774626545,-1.145038795264098,-1.0833122898576288,-1.332885837770064,-1.3885218676263587,-1.5842369436876027,0.8520727053046208,2.076176344049987,-1.3249604605406522,4.123230741565818,-1.9103297187732151,1.1100913402249641,0.2056715412530772,0.13090712291013415,-0.09508919485346433,0.022362742808633117,-0.031204354346434583,0.00017167073477984495,0.001070254188216571,0
data/Split/Diseased/d1_msns/pre_processed_data/6-OHDA_D1-MSNs_cell_body_stim/Neuron_0013,AG7960,2,06-16-22,1.7,5,6-OHDA,13,5cell2,right,raw_data/D1-MSN_DIO-ChR2_rec_SNr/6-OHDA/D1-MSNs cell body stim/AG7960_mouse#2_recorded_06-16-22/Trajectory5_1.7mm_right_rec7_1mW_10s_STR_cells_recorded_together/Ch5cell2.txt,9.109858254225376,0.9295978418465262,0.8044024948543379,60.117162595531816,0.05466970730809743,0.304635761589404,0.06796312500000026,1.183358974358974,6.701012012361774,8.971355742181919,14.3,0.8232724426683558,0.9,57.31824984216739,0.03558499999999683,0.19776867868973133,0.027636249999995855,0.86736,11.875114949299064,5.546692928440284,-0.16008742913422153,-0.12112605391314295,-0.5333333333333333,-0.5304693408410353,-0.4906319800288991,-0.48484848484848486,-0.45859169285653073,0.10089064618822374,-0.11408302589005122,-0.4887281795925237,data/Split/Diseased,0.48419970558538733,0.35342791215832337,-1.2730644150692996,-1.2527131836521344,-1.1731920474265127,-1.1670964478148724,-1.0965242155339243,0.6681052718369407,0.6065889387892139,-1.180615521482045,-0.6064761464700352,0.5074594961698553,0.020721353942833736,-0.2897234076742462,0.31734010707040133,0.6049931547805584,0.7163655002376528,0.17812436924270722,-0.6238569035459428,0.49285823563784165,-2.3362744930576946,2.2059676365125718,-0.1410607982132983,0.212124540123563,-0.15890691244897523,0.028232789100041372,-0.07573657858260831,-0.028896760694020272,-0.014057505314959683,0.006843291530018821,2
data/Split/Diseased/d1_msns/pre_processed_data/6-OHDA_D1-MSNs_cell_body_stim/Neuron_0027,AG7499,4,02-15-22,1.4,1,6-OHDA,27,13,right,raw_data/D1-MSN_DIO-ChR2_rec_SNr/6-OHDA/D1-MSNs cell body stim/AG7499_mouse#4_recorded_02-15-22/Trajectory1_1.4mm_right_rec1_1mW_10s_STR_neurons_recorded_together/Ch13.txt,43.0678005773582,0.6039598637897312,1.0402850381004396,184.64995195034834,0.027923851135211293,0.10144927536231885,0.026842500000000234,0.9495916666666664,39.8102591679977,4.6382504361785974,35.6,0.6894374716257626,0.8,107.94497976687049,0.03794250000000474,0.13831157611076475,0.03794250000000474,1.0,32.46788253661315,3.663634289973216,-0.9901585565882997,-1.0,-0.8,-0.8,-0.8,-0.8,-0.8,0.0,-0.9891767960600892,-0.8,data/Split/Diseased,-1.3108037040785607,-1.5553995123211926,-2.0192775485891383,-2.007949530780351,-2.0516619509979703,-2.059077418940124,-2.086715714463034,0.022472013246651306,-1.3068711030332185,-2.0654738518701876,0.5897296418950384,-0.07548458807214946,-0.10880755152460309,0.4112193133644589,0.4266672860777024,0.005663534108358161,1.5743177889066535,0.8520727053046208,0.6333799910671414,-0.12427691915941709,-5.488927798929016,0.21592435090922796,-1.359755528765818,0.2204134112866394,-0.06449427586293699,-0.015191835709577758,-0.05814797393069072,0.045059779262646524,0.005421354918043457,-0.0032260551560700235,2
data/Split/Diseased/d1_msns/pre_processed_data/6-OHDA_D1-MSNs_cell_body_stim/Neuron_0028,AG7499,4,02-15-22,1.4,1,6-OHDA,28,14,right,raw_data/D1-MSN_DIO-ChR2_rec_SNr/6-OHDA/D1-MSNs cell body stim/AG7499_mouse#4_recorded_02-15-22/Trajectory1_1.4mm_right_rec1_1mW_10s_STR_neurons_recorded_together/Ch14.txt,10.168786247431797,0.9388012014086653,0.7281995266703076,46.39685862522474,0.061789030194272926,0.2659846547314578,0.0848517857142853,1.2465027777777782,7.955614876168218,5.831963883044518,13.4,0.8385817372392586,0.9,44.938500780713625,0.04338500000000067,0.22934873949579831,0.03196375000000131,0.838990000000004,10.604483882826482,5.040069298682619,-0.9888888888888889,-1.0,-0.6,-0.6,-0.6,-0.6,-0.6,0.12912574915524422,-0.9857204211210547,-0.6,data/Split/Diseased,-1.3080580865354323,-1.5553995123211926,-1.459617698449259,-1.4475410418278636,-1.4837494022778288,-1.493012571879868,-1.506652793783717,0.8487912147262388,-1.299313472570241,-1.4969300439342157,-0.6570200530206721,0.5741420876816494,0.020721353942833736,-0.4611248591568475,0.6790588753649952,0.9233212441550425,1.0766118099251316,0.03397543759257302,-0.7014319186301226,0.3268223800423052,-4.5219756782089,-0.26889670962550494,-0.2149047496814449,-0.12493668957551114,0.015168817283423144,0.00844774446902459,0.017355946266221868,0.03176973853429701,-3.674078865423483e-05,-0.0012589046611934792,2
data/Split/Diseased/d1_msns/pre_processed_data/6-OHDA_D1-MSNs_cell_body_stim/Neuron_0011,AG7960,2,06-16-22,1.7,5,6-OHDA,11,2cell1,right,raw_data/D1-MSN_DIO-ChR2_rec_SNr/6-OHDA/D1-MSNs cell body stim/AG7960_mouse#2_recorded_06-16-22/Trajectory5_1.7mm_right_rec7_1mW_10s_STR_cells_recorded_together/Ch2cell1.txt,7.38438817267161,0.950436106248314,0.7449163507519607,64.00665532727054,0.05731200173597909,0.3442982456140351,0.07693750000000016,1.2471155555555553,5.136329611498508,12.461555267789132,8.8,0.7534248618235233,0.2,31.362154527773974,0.004052500000001657,0.05500000000000001,0.004052500000001657,1.0,8.234127030614927,4.023925316533384,-0.6441938178780284,-0.6392695259318241,-0.2,-0.2,-0.2,-0.2,-0.2,0.0,-0.6222861451404854,-0.2,data/Split/Diseased,-0.5626655445052541,-0.7719285438021404,-0.34029799816950174,-0.32672406392288916,-0.34792430483754655,-0.3608828777593565,-0.34652695242508436,0.022472013246651306,-0.5046363892419478,-0.3598424280622727,-0.9153555753905942,0.20322485753305283,-0.8859809843292243,-0.6490935685412499,-1.144954387960613,-0.8341199928765455,-1.246883236002504,0.8520727053046208,-0.8461477794469636,-0.006198674591697091,-1.3351220052230701,-0.461712332487587,-0.2204606872981713,-0.18546993092010375,-0.016145481787487245,-0.007328714180004284,-0.01501167850768577,-0.03407618477913427,-0.001995483737114877,0.0018528106496836516,2
data/Split/Diseased/d1_msns/pre_processed_data/6-OHDA_D1-MSNs_cell_body_stim/Neuron_0050,AG7499,5,02-17-22,1.4,4,6-OHDA,50,13,left,raw_data/D1-MSN_DIO-ChR2_rec_SNr/6-OHDA/D1-MSNs cell body stim/AG7499_mouse#5_recorded_02-17-22/Trajectory4_1.4mm_left_rec17_1mW_10s_STR_neurons_recorded_together/Ch13.txt,21.647561539413502,0.9036472414460913,1.3337360190159977,120.46833649070975,0.0493995302427846,0.22867298578199052,0.03703846153846136,0.6954161764705885,17.565054445597905,6.858409512126569,28.9,0.7295187506812706,0.9,116.62506257535988,0.021199999999991802,0.12712115527905002,0.017583749999992904,0.9113325000000003,26.227933192866157,5.339326089638818,-0.30699303367756314,0.0772175721616071,0.06666666666666668,-0.038509214964624096,0.2124772974948173,0.21212746258562323,0.24677363513830275,0.05721473102594303,-0.3592340365098587,0.15608618576899996,data/Split/Diseased,0.16652083165222523,0.7842106820969567,0.40591513535033663,0.1257799701842406,0.8233308617098416,0.8055714676299544,0.9492571459791117,0.38860836609279104,0.07054734070739814,0.6524105519902424,0.21345833757363014,0.09909716983644194,0.020721353942833736,0.5313977422630446,-0.3497527752266481,-0.10713628931604198,-0.1204631602198582,0.40155013226655145,0.25241640750743105,0.4248978633215873,1.3821861450546562,-0.13211879370368707,1.0052996813149966,0.39547817545210934,-0.5192182643743125,0.15675877028993185,-0.025682946653340984,0.007968773106886146,0.029416223258810652,0.027836279180564697,1
data/Split/Diseased/d1_msns/pre_processed_data/6-OHDA_D1-MSNs_cell_body_stim/Neuron_0004,AG7960,2,06-16-22,1.1,6,6-OHDA,4,6,right,raw_data/D1-MSN_DIO-ChR2_rec_SNr/6-OHDA/D1-MSNs cell body stim/AG7960_mouse#2_recorded_06-16-22/Trajectory6_1.1mm_right_rec9_1mW_10s_STR_cells_recorded_together/Ch6.txt,16.041062530198392,0.843926578522253,1.3111262007528455,84.86453569719255,0.06192400485925961,0.29162462159434915,0.047229629629629094,0.6871115625000005,12.113191040724988,7.005960313172219,22.8,0.7045062842064164,0.4,39.20853241038218,0.013455000000000439,0.053108791903858324,0.013455000000000439,1.0,21.808572969304212,1.7649804679132277,0.03347771947412442,0.07952699483957638,0.5,0.4349166474111511,0.5185645760447402,0.5317448664228028,0.41673429781876814,-0.31133227403796976,-0.03440013831028815,0.4454605621411048,data/Split/Diseased,0.9027784155927556,0.7892265201042731,1.6185114773200737,1.4523393310094224,1.6924848941703339,1.7101923517344,1.442196537954226,-1.9698481689083662,0.7808217200045109,1.47502060129871,-0.12911702904735325,-0.009849462349680501,-0.6269231733943506,-0.5404580419821925,-0.7089209624621768,-0.8531834349500541,-0.464164362095673,0.8520727053046208,-0.017395928308490106,-0.7465230863511404,4.300686146257463,-0.7042816422283228,-0.7720111371747366,0.004880586056928787,-0.16610009114490368,0.07328386563810366,0.1564793317685149,0.014372645238219956,-0.0726401644034877,-0.00023914860204518195,0
data/Split/Diseased/d1_msns/pre_processed_data/6-OHDA_D1-MSNs_cell_body_stim/Neuron_0076,AG7960,5,07-21-22,1.7,6,6-OHDA,76,2,right,raw_data/D1-MSN_DIO-ChR2_rec_SNr/6-OHDA/D1-MSNs cell body stim/AG7960_mouse#5_recorded_07-21-22/Trajectory6_1.7mm_right_rec15_1mW_10s_STR_cells_recorded_together/Ch2.txt,8.741395820823643,1.3198311098418503,0.991500914861941,58.94071507897476,0.08310598790672327,0.49074074074074076,0.083818367346938,0.8949666666666675,4.855126876051365,12.13989182645434,16.9,0.7474614335415202,0.5,38.850777249138964,0.031949999999999076,0.12710084033613445,0.031949999999999076,1.0,15.457291864314053,2.6638060408249187,-0.4078107383204834,-0.14598888339594146,0.0,-0.037408779301153515,0.02313188678049871,0.08263157894736843,0.02313188678049871,-0.09022256039566275,-0.45090469797825444,0.07880827606366876,data/Split/Diseased,-0.05149436921807179,0.29942830165873824,0.21936185197037703,0.12886343762101551,0.2856726877736885,0.43905612979684727,0.30062571728782894,-0.5548925677863337,-0.12989763297024937,0.43273116672423656,-0.4604604164348621,0.17724999302855168,-0.4973942679269137,-0.5454112727470557,0.1487698862050953,-0.10734106463309342,1.0754671798248425,0.8520727053046208,-0.4051565777401713,-0.451950815608605,0.6942657150419627,-0.3402907034734734,-0.19590143516981812,0.3667239451315228,-0.10330457665613446,0.19679279154799945,-0.06864999495587636,-0.0042985520457055355,-0.011363078567571433,-0.012069511977165326,1
data/Split/Diseased/d1_msns/pre_processed_data/6-OHDA_D1-MSNs_cell_body_stim/Neuron_0035,AG7499,4,02-15-22,1.7,2,6-OHDA,35,2,right,raw_data/D1-MSN_DIO-ChR2_rec_SNr/6-OHDA/D1-MSNs cell body stim/AG7499_mouse#4_recorded_02-15-22/Trajectory2_1.7mm_right_rec11_1mW_10s_STR_neurons_recorded_together/Ch2.txt,34.972582112333676,0.67205072118334,0.7451909487565589,174.36295785611844,0.01716701527898416,0.07714915503306392,0.023037068965517358,1.2303839285714286,32.83821102341618,5.309758126951075,36.1,0.5725107367820881,0.5,61.606211213298955,0.011570000000003234,0.04672456575682382,0.009405000000000996,0.924347499999999,34.79116133076112,1.8437256459932165,-0.6106534789575315,0.25322582874617716,-0.03333333333333333,-0.0708674797985269,0.030212134609120554,0.0916239316239316,0.05864609568894182,0.06083958262128446,-0.6426414710711625,0.0870877256274255,data/Split/Diseased,-0.4901355880565435,1.1664832350601453,0.12608521028039724,0.03511073868078126,0.3057774957233029,0.4645074035097004,0.4036280960130635,0.4118050135108315,-0.549144879799542,0.4562673156371969,0.6178095899787256,-0.584781581495199,-0.4973942679269137,-0.23035525737775156,-0.796336331466531,-0.9175366521271942,-0.8013099552169323,0.46767978843245095,0.7752216257133951,-0.7207159146193604,0.46527772171013543,-0.31424984487098423,0.949244975133199,1.2101728046599276,-0.049256856005665824,0.12836122757411095,-0.07002148453137973,-0.02742444450597223,-0.017991242676932067,-0.0018816323681210237,1
data/Split/Diseased/d1_msns/pre_processed_data/6-OHDA_D1-MSNs_cell_body_stim/Neuron_0043,AG7499,5,02-17-22,1.1,3,6-OHDA,43,5cell2,right,raw_data/D1-MSN_DIO-ChR2_rec_SNr/6-OHDA/D1-MSNs cell body stim/AG7499_mouse#5_recorded_02-17-22/Trajectory3_1.1mm_right_rec12_1mW_10s_STR_neurons_recorded_together/Ch5cell2.txt,6.323280252625246,0.9553737401499705,0.5099419558568746,47.140340637050926,0.04263051008218988,0.28225806451612906,0.08359874999999997,1.7331802631578948,4.740576605920261,9.944009886514603,23.3,0.7961020744329976,1.3,97.34303496921885,0.04486999999999597,0.18181005651020643,0.03185458333333268,0.684642500000001,19.653862216809635,4.413694476703203,0.18387050976124078,0.015382812435245313,0.05,0.2419161230225743,0.037143052556239606,0.016195766348643476,0.16650386090988006,0.17350696393343373,0.23414118846640175,0.15013506542829824,data/Split/Diseased,1.2279982219751715,0.6499116899862994,0.3592768145053467,0.9115436698112224,0.32545827210489564,0.251021239306742,0.7164495475730707,1.132801570492823,1.368008048922534,0.6354931888903036,-0.10103708096366609,0.3891137057826913,0.5388369758125812,0.2644321113109052,0.7479245639439062,0.4441296992396029,1.067524140645361,-0.7502694417825643,-0.1489460875461701,0.1215404441393129,1.594716404511908,1.3662603510193945,1.3454252116910335,-0.7571385688956042,0.2980724262966793,-0.16774689201754528,-0.3432650081760581,-0.018571805413866393,-0.0121790432407465,0.04798112095355822,1
data/Split/Diseased/d1_msns/pre_processed_data/6-OHDA_D1-MSNs_cell_body_stim/Neuron_0025,AG7499,4,02-15-22,1.1,3,6-OHDA,25,7,right,raw_data/D1-MSN_DIO-ChR2_rec_SNr/6-OHDA/D1-MSNs cell body stim/AG7499_mouse#4_recorded_02-15-22/Trajectory3_1.1mm_right_rec16_1mW_10s_STR_neurons_recorded_together/Ch7.txt,16.483794175466876,0.781666426111638,0.8034553764771591,74.30265932367958,0.041190694950024094,0.16666666666666666,0.05126693548387136,1.1526991666666666,14.32661851931695,5.186336135320095,30.9,0.6353138142833783,0.3,21.455561771233373,0.009970000000001278,0.040779610194902546,0.006392500000001178,0.9448900000000009,30.098612253809545,1.024962657925217,-0.9831789922177296,-1.0,-0.2,-0.2,-0.2,-0.2,-0.2,0.03803575125957538,-0.9831789922177296,-0.2,data/Split/Diseased,-1.2957106097294442,-1.5553995123211926,-0.34029799816950174,-0.32672406392288916,-0.34792430483754655,-0.3608828777593565,-0.34652695242508436,0.2658756086883439,-1.2937564422022836,-0.3598424280622727,0.32577812990837884,-0.3112306387455802,-0.7564520788617873,-0.7862534067002541,-0.8705350531680404,-0.9774620068332576,-1.052088004421345,0.5720569272559819,0.48873046786822555,-0.9890492596685341,-2.0294403488894233,-1.5853140355597168,-0.004332054164054626,-0.38552824607542235,0.010185933886971688,0.005623648694332619,0.0010683126420461403,-0.007209636482669779,-0.0012624871029531682,0.0004717146562113622,2
data/Split/Diseased/d1_msns/pre_processed_data/6-OHDA_D1-MSNs_cell_body_stim/Neuron_0064,AG8020,4,06-23-22,1.7,6,6-OHDA,64,16,left,raw_data/D1-MSN_DIO-ChR2_rec_SNr/6-OHDA/D1-MSNs cell body stim/AG8020_mouse#4_recorded_06-23-22/Trajectory6_1.7mm_left_rec17_1mW_10s_STR_cells_recorded_together/Ch16.txt,47.39165473856406,0.6050692386359905,1.202833876613301,198.3324228308975,0.03115089150037472,0.11505922165820642,0.02589791666666653,0.8159228813559324,43.28724407477395,4.581775233560725,43.5,0.6792034658729544,1.8,173.56631380226412,0.050404999999997105,0.1904302549032914,0.03352499999999902,0.6425512500000015,37.21882667335044,4.751810886304257,0.23665495650813603,-0.0012782117684581207,-0.29285714285714287,-0.28254330287255475,-0.4786354568698954,-0.4665613916404851,-0.5829395356998128,0.0571373533824537,0.26228387941007403,-0.39621772977916553,data/Split/Diseased,1.3421429726527498,0.6137255906468578,-0.6001400714487312,-0.5580139021026687,-1.139127167211463,-1.1153380447150574,-1.4571720800331582,0.3881132004654954,1.429544213875018,-0.917634304428264,1.0333928216172956,-0.12006077817570276,1.1864815031497655,1.3197669621138335,1.0046057668298038,0.5310215928730871,1.2065793549275678,-0.9641365097881865,0.9234363046551924,0.23235139740230099,-1.2712157696397115,2.968706214408515,-0.45947874580186443,-0.23074447786514699,0.597659025582133,0.025530192074480196,0.2476422377055339,0.014168675234634361,0.05888143812643388,-0.006610672878443055,1
data/Split/Diseased/d1_msns/pre_processed_data/6-OHDA_D1-MSNs_cell_body_stim/Neuron_0067,AG8020,4,06-23-22,1.7,5,6-OHDA,67,4,left,raw_data/D1-MSN_DIO-ChR2_rec_SNr/6-OHDA/D1-MSNs cell body stim/AG8020_mouse#4_recorded_06-23-22/Trajectory5_1.7mm_left_rec13_1mW_10s_STR_cells_recorded_together/Ch4.txt,32.06163611562038,0.7451198772336418,1.4582677197249951,151.1006859626409,0.046831153864459955,0.1945672773215414,0.032114236111111014,0.6226309859154929,27.09225230642718,5.577265568532846,33.1,0.751850556485721,1.5,116.91255214443588,0.039177499999996715,0.18052926313569895,0.016599374999997706,0.6329250000000044,27.43929243747015,4.222410744067313,-0.9590523031955257,-1.0,-0.6,-0.6,-0.6,-0.6,-0.6,0.29368065599291426,-0.9492375337086875,-0.6,data/Split/Diseased,-1.2435373830909187,-1.5553995123211926,-1.459617698449259,-1.4475410418278636,-1.4837494022778288,-1.493012571879868,-1.506652793783717,1.9018335405769309,-1.2195408245941197,-1.4969300439342157,0.44932990147660257,0.19636766634966313,0.7978947867474548,0.5353781241901034,0.4839394243906125,0.4312192583669831,-0.20240826965866462,-1.0130478123365432,0.3263727384614588,0.05885099117222625,-4.746746915745196,-0.02627978244374278,0.7523717390409849,-0.37493665147385796,0.08498996621684765,0.03811232106960889,0.09564540007077742,0.03410121361399373,-0.004981733745361041,6.780418628006646e-05,2
data/Split/Diseased/d1_msns/pre_processed_data/6-OHDA_D1-MSNs_cell_body_stim/Neuron_0083,AG7960,5,07-21-22,1.4,5,6-OHDA,83,7,left,raw_data/D1-MSN_DIO-ChR2_rec_SNr/6-OHDA/D1-MSNs cell body stim/AG7960_mouse#5_recorded_07-21-22/Trajectory5_1.4mm_left_rec13_1mW_10s_STR_cells_recorded_together/Ch7.txt,17.484839433096315,0.7119599815336997,0.5699365589367833,77.75671427358475,0.02931254964681739,0.11641443538998836,0.05143124999999992,1.728075925925926,15.915886948972702,4.885477920450019,11.6,0.6806795477929184,0.4,20.190573688750572,0.03903500000000548,0.15032894736842106,0.03903500000000548,1.0,10.150795075981218,2.4999895544368504,-0.9777777777777779,-0.9,-0.4,-0.4,-0.4,-0.4,-0.4,0.0,-0.9683083746039503,-0.4,data/Split/Diseased,-1.2840306488015465,-1.3382093870502731,-0.8999578483093805,-0.8871325528753764,-0.9158368535576878,-0.9269477248196124,-0.9265898731044008,0.022472013246651306,-1.2612406895239634,-0.9283862359982442,-0.758107866121946,-0.11363141807350853,-0.6269231733943506,-0.8037675576228159,0.4773311007394865,0.12679904601397957,1.6652638532240054,0.8520727053046208,-0.7291306873468754,-0.5056384228982765,-3.0653985538481026,-0.8918507350871215,-0.5730598779378233,0.01163315618982766,-0.009257757252199995,-0.025433100909973513,-0.029225023869392096,-0.005869656941794163,0.0008612906780742054,-0.0003448728404127715,2
data/Split/Diseased/d1_msns/pre_processed_data/6-OHDA_D1-MSNs_cell_body_stim/Neuron_0039,AG7499,4,02-15-22,1.7,5,6-OHDA,39,5,left,raw_data/D1-MSN_DIO-ChR2_rec_SNr/6-OHDA/D1-MSNs cell body stim/AG7499_mouse#4_recorded_02-15-22/Trajectory5_1.7mm_left_rec26_1mW_10s_STR_neurons_recorded_together/Ch5.txt,20.248330763797064,2.2252777999284863,1.6424501506755538,90.18334132972689,0.08312722508688695,0.32953105196451205,0.05061171875000043,0.5626884920634917,14.806718443531205,6.090704140398267,18.5,0.5825854039951215,0.6,73.22128997155333,0.02000749999999272,0.11044719169719168,0.02000749999999272,1.0,16.90660940278869,4.522494316677316,-0.9925925925925926,-0.9,-0.6,-0.6,-0.6,-0.6,-0.6,0.0,-0.9918195228489367,-0.6,data/Split/Diseased,-1.3160672324467273,-1.3382093870502731,-1.459617698449259,-1.4475410418278636,-1.4837494022778288,-1.493012571879868,-1.506652793783717,0.022472013246651306,-1.3126496290429865,-1.4969300439342157,-0.370604582567063,-0.5408994211988768,-0.3678653624594769,-0.06954090254980773,-0.40505400999469415,-0.27521041057590323,0.08130390924377194,0.8520727053046208,-0.3166723332764677,0.15719743575535805,-4.258611690928068,-0.3202066335676941,-0.9431762838623287,0.22295803854667745,-0.024403567844693358,-0.03180630670141919,-0.042404570831597176,0.02543940741355416,0.003809650965204024,-0.002236537604489038,2
data/Split/Diseased/d1_msns/pre_processed_data/6-OHDA_D1-MSNs_cell_body_stim/Neuron_0061,AG8020,4,06-23-22,1.4,4,6-OHDA,61,2,left,raw_data/D1-MSN_DIO-ChR2_rec_SNr/6-OHDA/D1-MSNs cell body stim/AG8020_mouse#4_recorded_06-23-22/Trajectory4_1.4mm_left_rec9_1mW_10s_STR_cells_recorded_together/Ch2.txt,62.51387273037075,0.496652488829304,0.8696527102575031,250.30994748368246,0.015044486275413453,0.054674862504044,0.017299418604650584,1.1042130952380957,59.998583195673994,4.171930971558846,63.0,0.46645899062518337,0.4,54.95231731295269,0.0061750000000074575,0.024724264705882355,0.0027450000000044383,0.9348287499999998,61.7442742457,0.9238204186073762,-0.15791364577090572,0.36955410453529336,0.875,0.7854070134979432,0.8879758187061855,0.9154374221576858,0.8205014880955603,-0.7383231739628523,-0.3220938009422998,0.8817935701657211,data/Split/Diseased,0.4889004455821998,1.419136762972027,2.6678736963323466,2.4344282132649386,2.7414512958990134,2.796166691135526,2.613248416286413,-4.70230689052849,0.15175733113915207,2.715392750851071,2.1285107968810957,-1.046710459755481,-0.6269231733943506,-0.3224804746878227,-1.0465251462033058,-1.1393004366308712,-1.3557271527939039,0.5209353749625283,2.420772561868712,-1.022196624409533,7.149906816231347,-2.648115572225027,-2.3715609540348086,1.070069824175633,-0.260037833892033,0.054291562952772376,-0.11441666329643928,0.05805647993844541,0.032847146604313184,0.0026842813506687355,0
data/Split/Diseased/d1_msns/pre_processed_data/6-OHDA_D1-MSNs_cell_body_stim/Neuron_0021,AG8106,7,06-30-22,1.7,6,6-OHDA,21,16,left,raw_data/D1-MSN_DIO-ChR2_rec_SNr/6-OHDA/D1-MSNs cell body stim/AG8106_mouse#7_recorded_06-30-22/Trajectory6_1.7mm_left_rec13_1mW_10s_STR_cells_recorded_together/Ch16.txt,8.15859583295679,0.9584181085107961,0.6866145007933931,51.91834558838342,0.057930574186424534,0.31435643564356436,0.0843713235294112,1.3939356060606065,5.937873126729644,8.74359294655022,9.6,0.5775536958933989,0.4,43.873938967359535,0.012897500000013907,0.07986510393631137,0.012897500000013907,1.0,8.562691971808096,3.5339188982179737,-0.9888888888888889,-0.9,-0.4,-0.4,-0.4,-0.4,-0.4,0.0,-0.9869823552097132,-0.4,data/Split/Diseased,-1.3080580865354323,-1.3382093870502731,-0.8999578483093805,-0.8871325528753764,-0.9158368535576878,-0.9269477248196124,-0.9265898731044008,0.022472013246651306,-1.3020727888131076,-0.9283862359982442,-0.8704276584566948,-0.5628159983735994,-0.6269231733943506,-0.47586404644538316,-0.7347745795543904,-0.5834788976376369,-0.5105739097896452,0.8520727053046208,-0.826088117014853,-0.1667885684172576,-3.0827075911631594,-0.928008561819876,-0.5676040950190265,0.033435064184965065,-0.005936567442056735,-0.026669511274786437,-0.02881487315259553,0.005022787666610998,0.0017343013063362664,-0.0009476970759617425,2
data/Split/Diseased/d1_msns/pre_processed_data/6-OHDA_D1-MSNs_cell_body_stim/Neuron_0084,AG7960,5,07-21-22,1.7,3,6-OHDA,84,15cell1,right,raw_data/D1-MSN_DIO-ChR2_rec_SNr/6-OHDA/D1-MSNs cell body stim/AG7960_mouse#5_recorded_07-21-22/Trajectory3_1.7mm_right_rec7_1mW_10s_STR_cells_recorded_together/Ch15cell1.txt,4.783374677869611,0.9175784332706483,0.351718726313942,33.19743145683046,0.04324065193176245,0.25588235294117645,0.1229410000000003,2.6275072916666664,3.7202599770608478,8.923417089538388,3.2,0.5275293117806524,0.2,12.947690296699918,0.011160000000000992,0.0875,0.011160000000000992,1.0,2.6426228666639484,2.937313368765515,-0.023076923076923078,-0.13576772478725488,-0.2,-0.2,-0.2,-0.2,-0.2,0.0,0.01674652713221375,-0.2,data/Split/Diseased,0.780480731871583,0.321627648845084,-0.34029799816950174,-0.32672406392288916,-0.34792430483754655,-0.3608828777593565,-0.34652695242508436,0.022472013246651306,0.8926578499516722,-0.3598424280622727,-1.2298509939278905,-0.7807068721803762,-0.8859809843292243,-0.9040475164615718,-0.8153497539026235,-0.506518885069838,-0.6552135315310335,0.8520727053046208,-1.1875222596616826,-0.362314208591305,-0.285401847098129,1.4994755777522117,-0.2582597908132095,-0.17421121839938788,-0.061028800971186556,0.014962982317010367,-0.013463590902567116,-0.04384003165232261,-0.0030437390017301487,0.003279847164806616,1
data/Split/Diseased/d1_msns/pre_processed_data/6-OHDA_D1-MSNs_cell_body_stim/Neuron_0071,AG8020,4,06-23-22,1.1,3,6-OHDA,71,7,right,raw_data/D1-MSN_DIO-ChR2_rec_SNr/6-OHDA/D1-MSNs cell body stim/AG8020_mouse#4_recorded_06-23-22/Trajectory3_1.1mm_right_rec5_1mW_10s_STR_cells_recorded_together/Ch7.txt,5.519640551230819,1.0502200468005873,0.6110303193244448,48.37528014824386,0.054681612468277685,0.36162361623616235,0.0894908333333339,1.46050948275862,3.727430060861608,12.97818587025661,24.2,0.709585072975827,1.2,149.421500397028,0.016394999999999983,0.13296639592291765,0.008556999999998803,0.7272262500000011,20.453109708225373,6.435763177395306,0.16077527522052396,-0.010946902527514377,0.12666666666666665,0.1142206850225379,0.1403301691835296,-0.007515944009496711,0.11470204908639184,-0.035483867884361434,0.17196723858670449,-0.07898605421062921,data/Split/Diseased,1.1780554840862805,0.5927261490752057,0.5738130903923002,0.5537356325325904,0.6184645640993293,0.18390941081965345,0.5662079962590061,-0.20460122015128943,1.2320599108001984,-0.015833780300042108,-0.05049317441302926,0.012272183772994012,0.4093080703451442,0.9854745590214515,-0.5725808113358414,-0.04821606438287805,-0.8719024152089339,-0.5338999645828015,-0.10015014839548299,0.7842333922612984,1.6169404600537516,1.1571013773512626,0.012711357171472856,-0.44147831694267775,-0.15417710308081714,-0.4799564933468948,0.19763178478633708,0.05368595126798259,0.04576501106721717,0.017329673928097034,1
data/Split/Diseased/d1_msns/pre_processed_data/6-OHDA_D1-MSNs_cell_body_stim/Neuron_0045,AG7499,5,02-17-22,1.4,1,6-OHDA,45,6,right,raw_data/D1-MSN_DIO-ChR2_rec_SNr/6-OHDA/D1-MSNs cell body stim/AG7499_mouse#5_recorded_02-17-22/Trajectory1_1.4mm_right_rec1_1mW_10s_STR_neurons_recorded_together/Ch6.txt,5.56421523604087,0.7596492896870966,0.15244425304221562,21.776037701965194,0.025076444441056958,0.0958904109589041,0.1644958333333344,6.397514999999999,5.160056213339659,4.220116371149268,5.5,0.3862206868918919,0.0,0.0,0.0,0.0,0.0,1.0,5.5,0.0,-0.2716122766122766,-0.2565610598620266,0.0,0.0,0.0,0.0,0.0,0.0,-0.2716122766122766,0.0,data/Split/Diseased,0.24303063601497804,0.0592764530772661,0.21936185197037703,0.23368442502959813,0.21998824388259466,0.20518196930089944,0.23353596825423217,0.022472013246651306,0.26213907872834724,0.20870137987369894,-1.1006832327429295,-1.3962039002707365,-1.145038795264098,-1.0833122898576288,-1.332885837770064,-1.3885218676263587,-1.5842369436876027,0.8520727053046208,-1.0130726652289797,-1.3249604605406522,0.4970963510800645,0.12705495324709376,0.17098394333312605,-0.1898252638042953,-0.004236169234674403,-0.0014860938674353449,0.0023808329303923025,-0.010861220718527255,-0.0005930813507804588,0.0012267501819515326,1
data/Split/Diseased/d1_msns/pre_processed_data/6-OHDA_D1-MSNs_cell_body_stim/Neuron_0008,AG7960,2,06-16-22,1.4,3,6-OHDA,8,7,left,raw_data/D1-MSN_DIO-ChR2_rec_SNr/6-OHDA/D1-MSNs cell body stim/AG7960_mouse#2_recorded_06-16-22/Trajectory3_1.4mm_left_rec4_1mW_10s_STR_cells_recorded_together/Ch7.txt,19.448442575018504,1.1147940553911948,1.2803049971015317,85.31838129400933,0.06996968420667544,0.26854754440961337,0.0546507936507934,0.647585483870968,15.295857390166178,5.577875049283681,15.0,0.5741925795232949,0.2,21.045320054844062,0.00806750000000136,0.030303030303030297,0.00806750000000136,1.0,14.396272748866755,0.9588246867438531,0.5209045413129052,0.27815116477774027,0.8933333333333333,0.8870308005845743,0.8400275046971858,0.8315110500158613,0.7535913966091148,-0.6535099673485683,0.44378161281523704,0.818672634677502,data/Split/Diseased,1.9568240006329085,1.2206186036112947,2.7191758492618354,2.71918237807918,2.6052990498205904,2.558627846081606,2.4191881008336735,-4.159558588017735,1.8264030104867675,2.5359576657363063,-0.5671642191528732,-0.5774559903662565,-0.8859809843292243,-0.79193333004109,-0.9587619706911296,-1.083066289251806,-0.9126512467723948,0.8520727053046208,-0.4699342902149066,-1.0107246691588165,7.658373071326142,-0.8170388934836658,-2.2536712076223893,-0.2852058215459132,-0.05814220665950384,-0.043050606276209887,-0.041571191568895535,0.010847083021550248,-0.010207613782270543,0.01174980408277635,0
data/Split/Diseased/d1_msns/pre_processed_data/6-OHDA_D1-MSNs_cell_body_stim/Neuron_0080,AG7960,5,07-21-22,1.4,2,6-OHDA,80,4,right,raw_data/D1-MSN_DIO-ChR2_rec_SNr/6-OHDA/D1-MSNs cell body stim/AG7960_mouse#5_recorded_07-21-22/Trajectory2_1.4mm_right_rec5_1mW_10s_STR_cells_recorded_together/Ch4.txt,16.36406871440499,1.4588051257394417,1.925184554635881,103.26136321939951,0.08450826014301006,0.43968095712861416,0.04389618644067789,0.46585363247863254,10.015491041971945,10.310164802370831,10.4,0.9671361406150952,0.7,55.35509371857855,0.04007750000000101,0.2524314574314574,0.04007750000000101,1.0,8.033396786842129,8.114078920510533,0.05172299922299922,0.16409696359908382,0.2666666666666667,0.19792749102471205,0.15658714356416445,0.1953269042170644,0.004814359208611818,-0.3145975064585158,-0.0694106472683134,0.22424549350409909,data/Split/Diseased,0.9422332746720634,0.9729041411946245,0.9655749854902155,0.7882856558661775,0.6646272628742511,0.7580204401128284,0.24749912457296583,-1.990743491987166,0.7042685411125726,0.8461683138202073,-0.8254997415227953,1.1340856388133986,-0.23833645699204006,-0.3169039108815196,0.5256762053478595,1.1559958277523248,1.7520476262678208,0.8520727053046208,-0.8584028329392056,1.3342681202128708,2.5885261353173825,0.2824299215285499,-1.375024967440979,0.4242953875132716,0.29176838823821893,0.20456381878905266,0.19265355686647664,0.09734897828033137,0.04708248885540536,0.026836182356350543,0
data/Split/Diseased/d1_msns/pre_processed_data/6-OHDA_D1-MSNs_cell_body_stim/Neuron_0055,AG7499,5,02-17-22,1.7,5,6-OHDA,55,9,left,raw_data/D1-MSN_DIO-ChR2_rec_SNr/6-OHDA/D1-MSNs cell body stim/AG7499_mouse#5_recorded_02-17-22/Trajectory5_1.7mm_left_rec22_1mW_10s_STR_neurons_recorded_together/Ch9.txt,38.0350056544063,0.746804986630638,1.2301101440622995,157.5103579842544,0.04291772285290391,0.1586890901250539,0.03488933333333306,0.7188472972972975,33.4341842684537,4.711057303493742,47.7,0.41309248313926494,0.4,57.38970507987959,0.014087499999993014,0.048715268471366036,0.014087499999993014,1.0,46.29339801850981,1.5948747003742665,-0.011915852148179853,0.27156892233847385,0.4,0.4029815291120135,0.4100117737159848,0.4206864523651045,0.4100117737159848,-0.16098119336266198,-0.03570629107536055,0.4095441518637138,data/Split/Diseased,0.8046162061821306,1.2063226230118163,1.3386815522501345,1.3628557740567293,1.3842424009641483,1.395861030892772,1.4226991031272378,-1.0077009152583947,0.7779657162142014,1.3729203379662172,1.269264385520268,-1.2791585978857767,-0.6269231733943506,-0.2887340878262341,-0.6795892802899292,-0.8974703009087989,-0.41151137749154404,0.8520727053046208,1.477460228324459,-0.8022718809120588,3.7678166677842695,-0.23562816998379255,0.09906393222429707,0.24599148324402348,-0.017886402693467106,-0.04378826835275161,-0.04381821025922881,-0.02359737022984186,-0.022411803202102933,-0.005308402418144338,0
data/Split/Diseased/d1_msns/pre_processed_data/6-OHDA_D1-MSNs_cell_body_stim/Neuron_0041,AG7499,5,02-17-22,1.1,3,6-OHDA,41,12cell1,right,raw_data/D1-MSN_DIO-ChR2_rec_SNr/6-OHDA/D1-MSNs cell body stim/AG7499_mouse#5_recorded_02-17-22/Trajectory3_1.1mm_right_rec12_1mW_10s_STR_neurons_recorded_together/Ch12cell1.txt,31.437921578576322,0.7499582505207404,0.943392618335218,93.09372847872542,0.06370322398053047,0.17680454176804541,0.06752567567567573,1.0145527777777779,27.64033255541002,3.368039378401193,30.3,0.598074298320133,0.3,16.321545309837262,0.020544999999992798,0.05714285714285714,0.016068749999996614,0.9678475000000049,29.158907097672376,0.7339086103647298,0.12913782037948573,0.10135841480935659,0.1,0.09807677329386429,0.0938648488441574,0.10315789473684212,0.0938648488441574,-0.12935451030175527,0.09335803628861956,0.10976764954734108,data/Split/Diseased,1.1096404562236295,0.8366422084850592,0.4991917770403164,0.5084997066443487,0.48652337159417575,0.4971522588372419,0.5057735601025547,-0.8053111079325408,1.0601748252879402,0.5207399671828316,0.29208219220795434,-0.4734345482446958,-0.7564520788617873,-0.8573354511787491,-0.3801278769231201,-0.8125199198343452,-0.24658058579455627,0.6887047629401198,0.43135925793520014,-1.0844364563422564,1.9591767509161067,0.9264760482953901,-0.4150606310711108,-0.016354550901048228,-0.05542854348733489,0.028877916946486233,-0.05587734428351442,0.029454826367274617,0.009980225447043333,-0.003866682975416631,1
data/Split/Diseased/d1_msns/pre_processed_data/6-OHDA_D1-MSNs_cell_body_stim/Neuron_0085,AG7960,5,07-21-22,1.7,3,6-OHDA,85,4,right,raw_data/D1-MSN_DIO-ChR2_rec_SNr/6-OHDA/D1-MSNs cell body stim/AG7960_mouse#5_recorded_07-21-22/Trajectory3_1.7mm_right_rec7_1mW_10s_STR_cells_recorded_together/Ch4.txt,23.973115862925148,1.1942002159791227,1.8754478396165932,117.45335611535056,0.08052704161353678,0.35459183673469385,0.04293749999999963,0.4911703296703301,16.8275146492494,6.9798397780975705,28.5,0.8753328402936458,1.6,94.02576545048193,0.07951500000000422,0.3004890474408112,0.049020833333337774,0.5786650000000023,21.04671186892257,4.575286677881961,-0.9933333333333334,-1.0,-0.8,-0.8,-0.8,-0.8,-0.8,0.37211251828390773,-0.9893956208181299,-0.8,data/Split/Diseased,-1.3176690616289868,-1.5553995123211926,-2.0192775485891383,-2.007949530780351,-2.0516619509979703,-2.059077418940124,-2.086715714463034,2.4037454693970437,-1.30734958024897,-2.0654738518701876,0.1909943791066805,0.7342186203549007,0.9274236922148918,0.21850348968473074,2.354558759785318,1.640417973154936,2.496542791983714,-1.2887447115729789,-0.06390934035517323,0.1744990860272071,-6.086642613541226,0.5794731563305711,0.8557414162125517,-0.23410184627525132,0.1109762350033181,0.0389371365382611,0.12022861598177492,0.06585102472418107,-0.00432127264969568,-0.0012714152653237334,2
data/Split/Diseased/d1_msns/pre_processed_data/6-OHDA_D1-MSNs_cell_body_stim/Neuron_0016,AG8106,7,06-30-22,1.4,1,6-OHDA,16,5,right,raw_data/D1-MSN_DIO-ChR2_rec_SNr/6-OHDA/D1-MSNs cell body stim/AG8106_mouse#7_recorded_06-30-22/Trajectory1_1.4mm_right_rec1_1mW_10s_STR_cells_recorded_together/Ch5.txt,21.154527056566767,0.8665807509245831,0.8311871185553968,82.74352908669803,0.046332162744808184,0.1633281972265023,0.05574215686274528,1.1318409999999999,18.55928825300446,4.458335252878199,22.0,0.6124909885679105,0.375,25.895247439017727,0.021793749999996948,0.08019138755980862,0.021793749999996948,1.0,21.02479912887328,1.6982152116345075,-0.9738056680161944,-1.0,-0.375,-0.375,-0.375,-0.375,-0.375,0.0,-0.9728737073996256,-0.375,data/Split/Diseased,-1.2754410830043719,-1.5553995123211926,-0.8300003670418956,-0.8170814917563155,-0.8448477849676701,-0.8561896189370803,-0.8540820080194862,0.022472013246651306,-1.271223141896409,-0.8573182600062477,-0.17404494598125278,-0.41063986738645686,-0.6593053997612098,-0.724784586629084,-0.3222180933450237,-0.5801899475909635,0.23000176497571215,0.8520727053046208,-0.06524716467311516,-0.7684040761020431,-2.9816306781720323,-1.0582933564539945,-0.5643392624156688,-0.19261181998613622,-0.026979464261623322,-0.0021684144095382796,-0.02929283943809686,0.005642645272131621,0.0012845213057874477,-0.0006642235019295294,2
data/Split/Diseased/d1_msns/pre_processed_data/6-OHDA_D1-MSNs_cell_body_stim/Neuron_0002,AG7960,2,06-16-22,1.7,4,6-OHDA,2,4,left,raw_data/D1-MSN_DIO-ChR2_rec_SNr/6-OHDA/D1-MSNs cell body stim/AG7960_mouse#2_recorded_06-16-22/Trajectory4_1.7mm_left_rec6_1mW_10s_STR_cells_recorded_together/Ch4.txt,29.661457430957412,0.8747506773257714,1.2719041669129623,150.18967968746796,0.035422938710117535,0.1621770203408466,0.02785032051282018,0.7141402597402601,25.76367575298314,5.829512881913898,23.1,0.6857705633840155,0.8,77.36211145954084,0.016627500000004146,0.07064892623716154,0.013387500000003171,0.9094691666666659,21.08084192070447,2.519843886902244,0.008469710479078888,0.0991200488491272,0.11904761904761907,0.1320644950673047,0.09588761947261115,0.15847627401400197,0.07481657412926992,-0.27469863680829565,-0.07693202463806374,0.19290362655475862,data/Split/Diseased,0.848699361484833,0.8317806986520154,0.5524927151488763,0.6037347456543053,0.49226715570958285,0.6537212083629756,0.4505275707774567,-1.7354171738438333,0.6878224692205418,0.7570721919042043,-0.11226906019714092,-0.09145651566575594,-0.10880755152460309,-0.012209949406234216,-0.561798809588411,-0.6763782829910202,-0.469783455314134,0.39208247243897726,-0.06182562042130236,-0.49913155885850274,2.1909119364967533,0.33944563132291267,-1.1836852136738927,0.3528339259053875,0.038947281099347524,0.179898638856957,-0.1454440922384273,0.061206979899748375,-0.022202834653975132,0.0032069882932459306,1
data/Split/Diseased/d1_msns/pre_processed_data/6-OHDA_D1-MSNs_cell_body_stim/Neuron_0069,AG8020,4,06-23-22,1.7,5,6-OHDA,69,7,left,raw_data/D1-MSN_DIO-ChR2_rec_SNr/6-OHDA/D1-MSNs cell body stim/AG8020_mouse#4_recorded_06-23-22/Trajectory5_1.7mm_left_rec13_1mW_10s_STR_cells_recorded_together/Ch7.txt,36.97291519891864,0.707946863006336,1.7125585203800198,169.84169212238558,0.045947792194785494,0.18527708850289495,0.026829910714285896,0.5579957207207206,31.573409579644938,5.379263576014952,45.5,0.5688007441262535,1.6,137.92582270265896,0.03783999999998713,0.1513589604356155,0.019751249999994752,0.6385333333333345,40.146550391448216,3.7343097273587014,-0.06549547964323495,0.2762375501158202,0.3352380952380952,0.2799919218954739,0.3068841581794493,0.3260366976245378,0.28086749840657665,-0.3050466582526467,-0.1154529036471652,0.3573517219062648,data/Split/Diseased,0.6887519014723287,1.2164624215298678,1.1574583626810309,1.018233674371325,1.0914050660502248,1.1279715361852238,1.048140075502293,-1.9296243944054892,0.6035935953874324,1.2245519235990197,1.1457126139520444,-0.6009411715817974,0.9274236922148918,0.8263133488216354,0.4219139304678883,0.13718161284069597,0.05997216646929072,-0.984551680565747,1.102180723540095,-0.10111444503340586,3.370565872190622,-0.24391560142326768,-0.9201535615039564,0.6260370734109603,-0.01684190844472131,0.0678080316455161,-0.06315548432753344,-0.017706780042226124,0.08264337578051069,0.011791100037945593,0
data/Split/Diseased/d1_msns/pre_processed_data/6-OHDA_D1-MSNs_cell_body_stim/Neuron_0042,AG7499,5,02-17-22,1.1,3,6-OHDA,42,5cell1,right,raw_data/D1-MSN_DIO-ChR2_rec_SNr/6-OHDA/D1-MSNs cell body stim/AG7499_mouse#5_recorded_02-17-22/Trajectory3_1.1mm_right_rec12_1mW_10s_STR_neurons_recorded_together/Ch5cell1.txt,38.2456466892656,0.689728305923554,1.0963752050922804,172.76185116653386,0.029518627542220132,0.11733333333333333,0.026923837209302436,0.8949148809523809,34.78496180944857,4.9665672227245885,17.0,0.8945154744574809,0.9,85.88044263423981,0.02502250000000572,0.17564245853719537,0.021153750000004835,0.8445274999999988,14.490207054474336,6.8996342485800835,-0.09460904092276642,-0.0587796127768581,-0.2333333333333333,-0.179867216535693,-0.21674701497205925,-0.20246337347199414,-0.18245957027232065,0.0701372542166421,-0.06589613238659647,-0.18655529487756312,data/Split/Diseased,0.6257947161953232,0.4888382257641803,-0.43357463985948147,-0.27031115012468954,-0.3954785046187292,-0.3678550233977397,-0.29565418793604437,0.4713039486074907,0.7119532990457127,-0.32162290882784,-0.45484442681812454,0.8177722911098148,0.020721353942833736,0.10572897813624703,-0.17248739166120733,0.38196010144068515,0.1767244366806563,0.06211166279567399,-0.46419937992764326,0.9362579439527057,-0.44079057734291943,1.451895665107431,0.22490966153838482,-0.011477326398190907,0.019994367050671723,-0.010884854740359235,-0.10274015611933128,-0.018411299659190816,-0.04817942736557413,0.0045238326092260405,1
data/Split/Diseased/d1_msns/pre_processed_data/6-OHDA_D1-MSNs_cell_body_stim/Neuron_0038,AG7499,4,02-15-22,1.7,5,6-OHDA,38,2,left,raw_data/D1-MSN_DIO-ChR2_rec_SNr/6-OHDA/D1-MSNs cell body stim/AG7499_mouse#4_recorded_02-15-22/Trajectory5_1.7mm_left_rec26_1mW_10s_STR_neurons_recorded_together/Ch2.txt,26.116626901665,0.7832049023392219,1.0775032709920727,101.35160251890483,0.04895713076271864,0.1738703339882122,0.045435714285714524,0.8518115853658533,22.68638034890089,4.467508741376414,28.9,0.6582932208117447,0.9,71.58098918112753,0.027437499999990678,0.10918406593406593,0.017519999999996115,0.7899500000000075,26.497654456931304,3.0960303583389894,-0.9500626784509842,-1.0,-0.6,-0.6,-0.6,-0.6,-0.6,0.17670160086115588,-0.9432929440802102,-0.6,data/Split/Diseased,-1.2240975946988766,-1.5553995123211926,-1.459617698449259,-1.4475410418278636,-1.4837494022778288,-1.493012571879868,-1.506652793783717,1.1532451292129264,-1.2065425207473066,-1.4969300439342157,0.21345833757363014,-0.21113939210990013,0.020721353942833736,-0.09225137389711824,-0.060493696093826266,-0.28794276132357055,-0.1257700815927966,-0.2151984647029178,0.26888352505278135,-0.3102978603329637,-4.550722835786178,-0.12396085442868059,0.05334150641012596,-0.2419011782931209,0.02818098237072106,0.02305350211677655,0.03954138507585873,0.031004757158990603,-0.0016843978216090649,-0.0006978723896253609,2
data/Split/Diseased/d1_msns/pre_processed_data/6-OHDA_D1-MSNs_cell_body_stim/Neuron_0047,AG7499,5,02-17-22,1.7,2,6-OHDA,47,1,right,raw_data/D1-MSN_DIO-ChR2_rec_SNr/6-OHDA/D1-MSNs cell body stim/AG7499_mouse#5_recorded_02-17-22/Trajectory2_1.7mm_right_rec7_1mW_10s_STR_neurons_recorded_together/Ch1.txt,3.403323229984045,1.0074268400878141,0.2558889646604545,16.69166083095869,0.06913416130472665,0.3308270676691729,0.2701725,2.7080472222222225,2.4465521139653457,6.822524129234681,6.6,0.9058808331506629,0.0,0.0,0.0,0.0,0.0,1.0,6.6,0.0,-0.00041144527986634036,-0.20629176864159096,0.2,0.2,0.2,0.2,0.2,0.0,-0.05361999193130744,0.2,data/Split/Diseased,0.829494133954563,0.16845638965173346,0.7790217021102558,0.7940929139820854,0.7879007926027359,0.7712468163611553,0.8135988889335486,0.022472013246651306,0.7387960272534922,0.7772451878096704,-1.0389073469588177,0.8672763076151149,-1.145038795264098,-1.0833122898576288,-1.332885837770064,-1.3885218676263587,-1.5842369436876027,0.8520727053046208,-0.9459150780707412,-1.3249604605406522,1.9856944929874019,0.13988785243757185,0.47737067232490166,-0.6301111837825949,-0.03243572542001088,0.05645117670384402,0.015447925027766929,0.05876679212804402,0.0034563185488631952,-0.0013636221151364124,1
data/Split/Diseased/d1_msns/pre_processed_data/6-OHDA_D1-MSNs_cell_body_stim/Neuron_0018,AG8106,7,06-30-22,1.4,4,6-OHDA,18,4,right,raw_data/D1-MSN_DIO-ChR2_rec_SNr/6-OHDA/D1-MSNs cell body stim/AG8106_mouse#7_recorded_06-30-22/Trajectory4_1.4mm_right_rec9_1mW_10s_STR_cells_recorded_together/Ch4.txt,18.876464310224225,0.977741272240892,1.6661680015483171,101.82095986479295,0.07285776767014311,0.33907427341227125,0.04372774390243883,0.5474395061728397,13.456339766004326,7.566764932766503,18.9,0.8608787978208893,0.9,66.52696433578933,0.033875000000006136,0.1553610216693381,0.02735250000000633,0.881389999999999,16.507035779450526,4.350816061991408,-0.09422572183861323,-0.054474391188048976,-0.4,-0.434445419958993,-0.365554580041007,-0.38275862068965516,-0.365554580041007,-0.008015461728917045,-0.06383624884245959,-0.4152394931519973,data/Split/Diseased,0.6266236319837263,0.4981887419261055,-0.8999578483093805,-0.9836500816281419,-0.8180269223544508,-0.8781490311075213,-0.8266873185772053,-0.02882162863856157,0.7164573933346569,-0.9717078333364979,-0.34814062410011337,0.6712612446612599,0.020721353942833736,-0.1622259097313988,0.23804022325244192,0.17752252649232067,0.6927444972636679,0.24941127481378658,-0.34106724276325484,0.10093328969182352,-1.444757521602467,1.9754246759194893,-0.5971592576041256,0.2862108267823036,-0.22081608839959666,-0.035309689731500254,0.005755254750082057,-0.016962499117803672,0.009582302359924248,0.0014176016255689325,1
data/Split/Diseased/d1_msns/pre_processed_data/6-OHDA_D1-MSNs_cell_body_stim/Neuron_0068,AG8020,4,06-23-22,1.7,5,6-OHDA,68,5,left,raw_data/D1-MSN_DIO-ChR2_rec_SNr/6-OHDA/D1-MSNs cell body stim/AG8020_mouse#4_recorded_06-23-22/Trajectory5_1.7mm_left_rec13_1mW_10s_STR_cells_recorded_together/Ch5.txt,56.49914047146583,0.7081446623353228,2.85936110099164,234.71334970188988,0.07205245933724692,0.2654939106901218,0.025198796791443653,0.32391250000000016,44.721237891774244,5.2483643290442465,46.1,0.7204784729183513,2.6,185.36614806773795,0.0643724999999975,0.2718932015852886,0.025484375000006186,0.4612990833333382,36.44180063702761,6.045177357361244,0.09731561849753845,0.11898522953873729,-0.16666666666666669,-0.15914461170827512,-0.260685849139915,-0.21070628939192976,-0.3133921153792737,-0.04547664801510877,0.1169644795194666,-0.1308896107891355,data/Split/Diseased,1.040825918539002,0.8749259094770739,-0.24702135647952198,-0.21224553183222575,-0.5202455811190221,-0.39118514809548427,-0.675399760569622,-0.26854838911038525,1.1117921346455402,-0.16338100881286266,1.179408551652469,0.05972049271876126,2.2227127468892602,1.4831393140344178,1.6523374201826746,1.3521708722029655,0.5372308895723623,-1.8850849124767748,0.8759970376019461,0.6562266294423983,0.032644450721324575,1.9719997765858601,-0.5279655650083735,0.18040880153548586,0.3300220307753546,0.1811888979734525,0.013463918768491333,-0.043313994626260545,0.031189586203132225,0.023924330263580765,1
data/Split/Diseased/d1_msns/pre_processed_data/6-OHDA_D1-MSNs_cell_body_stim/Neuron_0056,AG7499,5,02-17-22,1.1,6,6-OHDA,56,13,left,raw_data/D1-MSN_DIO-ChR2_rec_SNr/6-OHDA/D1-MSNs cell body stim/AG7499_mouse#5_recorded_02-17-22/Trajectory6_1.1mm_left_rec27_1mW_10s_STR_neurons_recorded_together/Ch13.txt,11.36186071345653,0.9619551310385195,1.0628021157353547,79.53964309541992,0.05765448429741454,0.3184855233853007,0.05424761904761857,0.7020298780487809,8.217020645264366,9.679864092986088,10.4,0.7973879003836695,0.6,37.142643831849796,0.03704249999999831,0.18726884226884227,0.030553749999998558,0.956835000000001,8.543606239239825,4.649206439552352,-0.07123736451102179,-0.03487862931993652,-0.13333333333333333,-0.09722569179637089,-0.124592146893111,-0.09714285714285716,-0.1095296737721158,-0.0604959642721943,-0.045697435522527516,-0.05963766689306891,data/Split/Diseased,0.6763352511700985,0.54074880167525,-0.15374471478954213,-0.038746090105224104,-0.13379897458030976,-0.06976381355693917,-0.08413454409229892,-0.36466205735639257,0.7561193080652605,0.03916824871468685,-0.8254997415227953,0.3947143692376148,-0.3678653624594769,-0.5690609077756771,0.3849305051203562,0.49915444575678997,0.9592351960234109,0.6327498771523904,-0.8272533458770643,0.19872482314932322,0.37464142240683684,1.0968287051934253,-0.3733650996396913,0.08214554222484426,0.0026142615410208285,0.08102265723082097,-0.14557906722855155,-0.04919269795970095,-0.026540556961211135,0.02714223215784802,1
data/Split/Diseased/d1_msns/pre_processed_data/6-OHDA_D1-MSNs_cell_body_stim/Neuron_0033,AG7499,4,02-15-22,1.4,4,6-OHDA,33,3,left,raw_data/D1-MSN_DIO-ChR2_rec_SNr/6-OHDA/D1-MSNs cell body stim/AG7499_mouse#4_recorded_02-15-22/Trajectory4_1.4mm_left_rec21_1mW_10s_STR_neurons_recorded_together/Ch3.txt,7.844814820908538,1.195287168826197,1.079320159923658,60.88865010078831,0.08232580332022552,0.5436241610738255,0.07627560975609736,0.8011625000000002,3.9013671279698614,15.6070034179205,13.6,1.0918445840604902,1.2,66.30607344227336,0.05719000000000278,0.3076238919971172,0.04097250000000324,0.7441712499999994,9.441583588803685,7.380016123173631,-0.9333333333333332,-0.9,-0.7,-0.7,-0.7,-0.7,-0.7,0.18892872549034442,-0.9333333333333332,-0.7,data/Split/Diseased,-1.1879208978660019,-1.3382093870502731,-1.7394476235191987,-1.7277452863041072,-1.7677056766378993,-1.776044995409996,-1.7966842541233754,1.2314906218902646,-1.1847650634668698,-1.7812019479022014,-0.6457880737871974,1.6772773681139967,0.4093080703451442,-0.1652842124142708,1.319254721045145,1.7123374494833825,1.8265526400565424,-0.44780184520276534,-0.7724297166775563,1.0936935842896547,-5.0777455211554345,0.3171456373629035,-0.028871186813858474,-0.0018428011089098298,0.041061893058440005,0.006364349809537359,0.04061541091288271,0.05096799684923001,4.123804536521568e-05,-0.0019221369540269192,2
data/Split/Diseased/d1_msns/pre_processed_data/6-OHDA_D1-MSNs_cell_body_stim/Neuron_0053,AG7499,5,02-17-22,1.7,5,6-OHDA,53,15,left,raw_data/D1-MSN_DIO-ChR2_rec_SNr/6-OHDA/D1-MSNs cell body stim/AG7499_mouse#5_recorded_02-17-22/Trajectory5_1.7mm_left_rec22_1mW_10s_STR_neurons_recorded_together/Ch15.txt,8.472677860443442,1.1326167321588685,0.7445686604632115,56.15995830347679,0.05677977905566878,0.3303030303030303,0.07625862068965528,1.2745901785714284,6.015696612904213,9.33557024518301,20.3,0.8645115203728947,1.1,142.3237641323212,0.02549500000000222,0.16412865366132154,0.016235833333340822,0.814752500000003,17.095009954658952,7.810649396145355,0.0823846907425932,0.0181933548376152,0.2333333333333333,0.19291813164387933,0.2692189251315454,0.21005590297052282,0.2324979368161438,-0.12001838278857264,0.047603298402031306,0.1390301258528526,data/Split/Diseased,1.0085382442143034,0.656015910550799,0.8722983438002356,0.7742492182600152,0.9844522735583587,0.7997082822464642,0.90785312966167,-0.7455660804529356,0.9601285609281403,0.6039249657246899,-0.2695167694657891,0.6870842698757244,0.27977916487770754,0.8872042070157395,-0.15057558165891946,0.2659005558281762,-0.23267159578936666,-0.08917612147936094,-0.30517003647384283,1.2348251062440643,2.5004485275659696,0.3997716770864957,-0.15672025456348715,-0.220606083161103,-0.22581475632345469,-0.15389305178772078,0.12437850062999711,0.04476335350867726,-0.0033175553872254646,0.007425198227608413,0
data/Split/Diseased/d1_msns/pre_processed_data/6-OHDA_D1-MSNs_cell_body_stim/Neuron_0007,AG7960,2,06-16-22,1.4,3,6-OHDA,7,10,left,raw_data/D1-MSN_DIO-ChR2_rec_SNr/6-OHDA/D1-MSNs cell body stim/AG7960_mouse#2_recorded_06-16-22/Trajectory3_1.4mm_left_rec4_1mW_10s_STR_cells_recorded_together/Ch10.txt,21.73681389098359,0.9231057863793365,1.6984437600768545,121.88854423095685,0.062387187201573435,0.29902329075882794,0.0367319711538464,0.5547946601941746,16.25084476524236,7.500443576425921,18.0,1.3024324142881092,1.7,101.9757220437217,0.07132499999999027,0.3815007215007215,0.04238958333332595,0.6398625000000017,11.68179083179638,9.240195674415032,0.1960064438383588,-0.11453879636540235,0.22000000000000003,0.25717836794940563,0.05197193051054616,0.01232673729255058,-0.057464880178181424,-0.3861309727777904,0.25063467680158275,0.019692943426275183,data/Split/Diseased,1.2542418080094164,0.36773478507817925,0.8349876871242438,0.954309127898564,0.3675658014733464,0.24007063260219744,0.06686973709101778,-2.4485102593028336,1.4040723336374175,0.2646828850989097,-0.3986845306507502,2.5945333654682408,1.0569525976823284,0.32857309550151925,1.9747540530755348,2.4570184090719374,1.9445189118875057,-0.9777981396780111,-0.6356597956104664,1.7033305716118285,2.266920711502992,0.8249844357880042,-2.1915294789396236,-0.34291051048669585,0.38164599046045083,-0.2878002191390294,0.14842971686094117,-0.0608522078702917,0.006562226419133831,-0.023523770820444947,1
data/Split/Diseased/d1_msns/pre_processed_data/6-OHDA_D1-MSNs_cell_body_stim/Neuron_0001,AG7960,2,06-16-22,1.7,4,6-OHDA,1,12,left,raw_data/D1-MSN_DIO-ChR2_rec_SNr/6-OHDA/D1-MSNs cell body stim/AG7960_mouse#2_recorded_06-16-22/Trajectory4_1.7mm_left_rec6_1mW_10s_STR_cells_recorded_together/Ch12.txt,18.235349600455173,1.054662180341583,1.6227229900293814,132.1154170345095,0.061766922211730295,0.3470522803114572,0.038063749999999646,0.5736075949367092,12.690588534150539,10.410503553793838,26.7,0.7367094258433802,1.3,188.09286541134227,0.025735000000003793,0.1530203398751786,0.019281249999999993,0.7800125000000022,22.996114986412103,7.746434959142086,0.10894612712505072,0.05250928992650111,0.19999999999999998,0.20163748263777187,0.15739067137883334,0.15293045762248492,0.050461186636474885,-0.23788687615843668,0.08650557247218464,0.12142881298570755,data/Split/Diseased,1.06597653750649,0.7305467329582376,0.7790217021102558,0.7986812098356837,0.6669089305202317,0.6380247498255337,0.37988928476072076,-1.4998463069621384,1.045191384486808,0.5538893785138945,0.08990656600540661,0.13041754533175,0.5388369758125812,1.5208915582969265,-0.13944577340363376,0.15392837422187008,0.02084662850256312,-0.2656912390516724,0.055106304889685716,1.213780096964644,2.362201523217169,0.6036945490396208,-1.0300451083157969,-0.023685357169516426,0.12163048628390291,-0.03587923250563363,0.14498444684342557,0.012223964402827706,-0.06725199413131151,0.020199710160113016,1
data/Split/Diseased/d1_msns/pre_processed_data/6-OHDA_D1-MSNs_cell_body_stim/Neuron_0072,AG7960,5,07-21-22,1.1,4,6-OHDA,72,2,right,raw_data/D1-MSN_DIO-ChR2_rec_SNr/6-OHDA/D1-MSNs cell body stim/AG7960_mouse#5_recorded_07-21-22/Trajectory4_1.1mm_right_rec12_1mW_10s_STR_cells_recorded_together/Ch2.txt,4.646082618760393,0.9676558566807439,0.40755110690880636,34.06623483180754,0.046539483551237555,0.28771929824561404,0.11419300000000057,2.343447916666666,3.470846386408645,9.814964720192231,4.6,0.5278456384041162,0.1,3.9525691699609906,0.007589999999999009,0.05,0.007589999999999009,1.0,4.324640190455575,1.2175230566536637,0.25897469919141747,0.18049347149921313,-0.1,-0.1,-0.1,-0.1,-0.1,0.0,0.28791572025596174,-0.1,data/Split/Diseased,1.390408733133051,1.0085157372429716,-0.06046807309956236,-0.04651981944664552,-0.06396803047747593,-0.07785045422922851,-0.0564954920854261,0.022472013246651306,1.4855902113770096,-0.07557052409428686,-1.1512271392935665,-0.7793290504316959,-1.0155098897966612,-1.0285877482329426,-0.9809056516990057,-0.8845201633083467,-0.9524011284307198,0.8520727053046208,-1.084831146003316,-0.9259414046875325,0.8204863324643401,2.1345389272298165,-0.04967223946667951,-0.08642630826113379,-0.05224221576472441,0.011930097381869469,-0.00347542787903541,-0.030190656203656564,-0.002052730526787271,0.002890721413026355,1
data/Split/Diseased/d1_msns/pre_processed_data/6-OHDA_D1-MSNs_cell_body_stim/Neuron_0082,AG7960,5,07-21-22,1.4,5,6-OHDA,82,4,left,raw_data/D1-MSN_DIO-ChR2_rec_SNr/6-OHDA/D1-MSNs cell body stim/AG7960_mouse#5_recorded_07-21-22/Trajectory5_1.4mm_left_rec13_1mW_10s_STR_cells_recorded_together/Ch4.txt,13.95765702618485,0.7536549514544427,0.5086609703420134,96.09838818698064,0.019955278527487515,0.11370262390670553,0.039230999999999974,1.9903666666666666,12.622520715310774,7.613248601795988,13.0,0.7904862699428791,0.4444444444444444,55.09886722236743,0.01136388888889428,0.11706349206349206,0.01136388888889428,1.0,11.769553214551728,6.382321348365526,0.07878831321666356,0.03112462082256852,0.48148148148148145,0.43803373640963367,0.4932528307405911,0.41655083486318734,0.4576291185428388,-0.11308474022541663,0.02811947311765321,0.363349211734953,data/Split/Diseased,1.0007611878778395,0.6841013433426348,1.5666911208256407,1.4610735466872729,1.620610605229162,1.3841558924491595,1.5608043837035332,-0.7011953641270721,0.9175256737698155,1.2416011021253177,-0.6794840114876219,0.3646529838931005,-0.5693547709643787,-0.3204514459035041,-0.8058945695744957,-0.20851787735799765,-0.6382406326725714,0.8520727053046208,-0.6303016957294602,0.766718891779364,3.8235960199499712,-0.3154831957986357,0.31762676819913144,-0.4106179122748404,-0.13298010778524422,-0.2046419060989818,0.15825713467311545,0.05387939194709798,0.04080591488702672,0.009611247966152476,0
data/Split/Diseased/d1_msns/pre_processed_data/6-OHDA_D1-MSNs_cell_body_stim/Neuron_0019,AG8106,7,06-30-22,1.4,4,6-OHDA,19,7,right,raw_data/D1-MSN_DIO-ChR2_rec_SNr/6-OHDA/D1-MSNs cell body stim/AG8106_mouse#7_recorded_06-30-22/Trajectory4_1.4mm_right_rec9_1mW_10s_STR_cells_recorded_together/Ch7.txt,13.067903815756784,1.0151579818180465,1.2397233790997881,87.66764859121464,0.06618192127654866,0.37325038880248834,0.05338442622950772,0.7124783333333338,8.770770048582008,9.99543348025503,37.2,0.7809942515294482,0.6,81.11278645548855,0.011562499999990905,0.06532894736842106,0.00881124999999372,0.8632675000000063,35.359177172580964,2.5512973888508146,-0.322070848994907,-0.01238376026860678,0.06666666666666668,0.012385291172290591,0.14470209339771217,0.10536796536796533,0.1749059892921508,0.08233302935227062,-0.37661644304211495,0.058842324908137365,data/Split/Diseased,0.1339155174691791,0.5896054359473624,0.40591513535033663,0.26838853658509787,0.6308789172157678,0.5034074753062375,0.7408183632197833,0.549348825306569,0.03253936777471143,0.3759735772290894,0.6795854757628375,0.3233086630588643,-0.3678653624594769,0.039719304987670546,-0.7966841379750781,-0.7300038513266405,-0.8507371640856306,0.15733023802038248,0.8099003288081917,-0.48882329686526554,0.9790465053002979,-0.06439009795286213,1.0007336860883882,0.2130792070126606,-0.26242222604013077,-0.08862406871088642,0.04081915855349019,0.06306823934915351,0.03965564717245858,0.002551464995432859,1
data/Split/Diseased/d1_msns/pre_processed_data/6-OHDA_D1-MSNs_cell_body_stim/Neuron_0037,AG7499,4,02-15-22,1.7,5,6-OHDA,37,1,left,raw_data/D1-MSN_DIO-ChR2_rec_SNr/6-OHDA/D1-MSNs cell body stim/AG7499_mouse#4_recorded_02-15-22/Trajectory5_1.7mm_left_rec26_1mW_10s_STR_neurons_recorded_together/Ch1.txt,4.771800200107751,1.3099848184409666,0.7183355139947151,37.31507276396801,0.08690576977346726,0.6021505376344086,0.12098214285714215,1.2538870370370376,2.0791481112063264,17.94728935511849,6.6,0.9533973469061504,0.5,21.244817305342092,0.04638749999999163,0.24269841269841272,0.04638749999999163,1.0,4.907228948335338,4.976754112010524,-0.9054545454545455,-1.0,-0.5,-0.5,-0.5,-0.5,-0.5,0.0,-0.8760909242095579,-0.5,data/Split/Diseased,-1.127633872279161,-1.5553995123211926,-1.1797877733793198,-1.16733679735162,-1.1997931279177583,-1.2099801483497403,-1.216621333444059,0.022472013246651306,-1.0596001196749456,-1.21265813996623,-1.0389073469588177,1.0742436673551181,-0.4973942679269137,-0.7891712289571011,0.8182974140573942,1.0578864050791654,2.2773287849325805,0.8520727053046208,-1.049262732108116,0.3060720822397315,-3.617341484765613,-0.472045042920248,-0.8303376504231763,-0.19818196379670294,-0.05778317552963421,0.005164964282552794,-0.03972669785578283,-0.02258159030276455,-0.0008063149788378284,0.000896722209283513,2
data/Split/Diseased/d1_msns/pre_processed_data/6-OHDA_D1-MSNs_cell_body_stim/Neuron_0060,AG8020,4,06-23-22,1.4,4,6-OHDA,60,13,left,raw_data/D1-MSN_DIO-ChR2_rec_SNr/6-OHDA/D1-MSNs cell body stim/AG8020_mouse#4_recorded_06-23-22/Trajectory4_1.4mm_left_rec9_1mW_10s_STR_cells_recorded_together/Ch13.txt,26.95645359844894,0.776544142217942,1.476234893238389,112.51485478838804,0.062682854694503,0.2348087021755439,0.04246130136986316,0.6332510416666666,22.006258838910956,5.112857010908273,24.0,0.6296970464525737,0.9,59.98639191217019,0.033750000000010515,0.12675230395738563,0.021853750000008887,0.8861999999999981,21.489348417574636,2.8441486544876247,-0.9476442171071326,-1.0,-0.6,-0.6,-0.6,-0.6,-0.6,0.07110660541121341,-0.9472089728721986,-0.6,data/Split/Diseased,-1.218867746057268,-1.5553995123211926,-1.459617698449259,-1.4475410418278636,-1.4837494022778288,-1.493012571879868,-1.506652793783717,0.4775071537024593,-1.2151052198219896,-1.4969300439342157,-0.06172515364650409,-0.33569555665172507,0.020721353942833736,-0.25278215617632865,0.23224344811972164,-0.11085432321121809,0.2349965145044291,0.27385104785704045,-0.036885337995607,-0.3928470975800054,-4.3824821752522745,-0.23031024332613836,-0.5749169076488567,-0.11086017924420122,-0.02142545146135036,0.008785089299307838,-0.010902752390658152,0.033358947787804995,0.0017063439130773884,-0.0016755258116590696,2
